[2026-03-16T18:05:12.972Z] info: kubernetes.yaml was copied to the config folder
[2026-03-16T18:05:34.326Z] error: Host validation failed for: 10.189.71.88:3000. Hint: Set the HOMEPAGE_ALLOWED_HOSTS environment variable to allow requests from this host / port.
[2026-03-16T18:05:34.715Z] error: Host validation failed for: 10.189.71.88:3000. Hint: Set the HOMEPAGE_ALLOWED_HOSTS environment variable to allow requests from this host / port.
[2026-03-16T18:05:34.726Z] error: Host validation failed for: 10.189.71.88:3000. Hint: Set the HOMEPAGE_ALLOWED_HOSTS environment variable to allow requests from this host / port.
[2026-03-16T18:05:34.747Z] error: Host validation failed for: 10.189.71.88:3000. Hint: Set the HOMEPAGE_ALLOWED_HOSTS environment variable to allow requests from this host / port.
[2026-03-16T18:05:34.756Z] error: Host validation failed for: 10.189.71.88:3000. Hint: Set the HOMEPAGE_ALLOWED_HOSTS environment variable to allow requests from this host / port.
[2026-03-16T18:05:34.779Z] error: Host validation failed for: 10.189.71.88:3000. Hint: Set the HOMEPAGE_ALLOWED_HOSTS environment variable to allow requests from this host / port.
[2026-03-16T18:05:34.795Z] error: Host validation failed for: 10.189.71.88:3000. Hint: Set the HOMEPAGE_ALLOWED_HOSTS environment variable to allow requests from this host / port.
[2026-03-16T18:05:34.802Z] error: Host validation failed for: 10.189.71.88:3000. Hint: Set the HOMEPAGE_ALLOWED_HOSTS environment variable to allow requests from this host / port.
[2026-03-16T18:05:34.806Z] error: Host validation failed for: 10.189.71.88:3000. Hint: Set the HOMEPAGE_ALLOWED_HOSTS environment variable to allow requests from this host / port.
[2026-03-16T18:05:34.812Z] error: Host validation failed for: 10.189.71.88:3000. Hint: Set the HOMEPAGE_ALLOWED_HOSTS environment variable to allow requests from this host / port.
[2026-03-16T18:06:39.945Z] error: Host validation failed for: 10.189.71.88:3000. Hint: Set the HOMEPAGE_ALLOWED_HOSTS environment variable to allow requests from this host / port.
[2026-03-16T18:06:39.980Z] error: Host validation failed for: 10.189.71.88:3000. Hint: Set the HOMEPAGE_ALLOWED_HOSTS environment variable to allow requests from this host / port.
[2026-03-16T18:06:40.464Z] error: Host validation failed for: 10.189.71.88:3000. Hint: Set the HOMEPAGE_ALLOWED_HOSTS environment variable to allow requests from this host / port.
[2026-03-16T18:06:40.472Z] error: Host validation failed for: 10.189.71.88:3000. Hint: Set the HOMEPAGE_ALLOWED_HOSTS environment variable to allow requests from this host / port.
[2026-03-16T18:06:40.482Z] error: Host validation failed for: 10.189.71.88:3000. Hint: Set the HOMEPAGE_ALLOWED_HOSTS environment variable to allow requests from this host / port.
[2026-03-16T18:06:40.514Z] error: Host validation failed for: 10.189.71.88:3000. Hint: Set the HOMEPAGE_ALLOWED_HOSTS environment variable to allow requests from this host / port.
[2026-03-16T18:06:40.522Z] error: Host validation failed for: 10.189.71.88:3000. Hint: Set the HOMEPAGE_ALLOWED_HOSTS environment variable to allow requests from this host / port.
[2026-03-16T18:06:40.530Z] error: Host validation failed for: 10.189.71.88:3000. Hint: Set the HOMEPAGE_ALLOWED_HOSTS environment variable to allow requests from this host / port.
[2026-03-16T18:06:40.554Z] error: Host validation failed for: 10.189.71.88:3000. Hint: Set the HOMEPAGE_ALLOWED_HOSTS environment variable to allow requests from this host / port.
[2026-03-16T18:06:40.562Z] error: Host validation failed for: 10.189.71.88:3000. Hint: Set the HOMEPAGE_ALLOWED_HOSTS environment variable to allow requests from this host / port.
[2026-03-16T18:06:40.566Z] error: Host validation failed for: 10.189.71.88:3000. Hint: Set the HOMEPAGE_ALLOWED_HOSTS environment variable to allow requests from this host / port.
[2026-03-16T18:06:40.954Z] error: Host validation failed for: 10.189.71.88:3000. Hint: Set the HOMEPAGE_ALLOWED_HOSTS environment variable to allow requests from this host / port.
[2026-03-16T18:06:41.003Z] error: Host validation failed for: 10.189.71.88:3000. Hint: Set the HOMEPAGE_ALLOWED_HOSTS environment variable to allow requests from this host / port.
[2026-03-16T18:06:41.739Z] error: Host validation failed for: 10.189.71.88:3000. Hint: Set the HOMEPAGE_ALLOWED_HOSTS environment variable to allow requests from this host / port.
[2026-03-16T18:07:01.619Z] error: Host validation failed for: 10.189.71.88:3000. Hint: Set the HOMEPAGE_ALLOWED_HOSTS environment variable to allow requests from this host / port.
[2026-03-16T18:07:01.650Z] error: Host validation failed for: 10.189.71.88:3000. Hint: Set the HOMEPAGE_ALLOWED_HOSTS environment variable to allow requests from this host / port.
[2026-03-16T18:08:53.702Z] error: Host validation failed for: 10.189.71.88:3000. Hint: Set the HOMEPAGE_ALLOWED_HOSTS environment variable to allow requests from this host / port.
[2026-03-16T18:08:53.714Z] error: Host validation failed for: 10.189.71.88:3000. Hint: Set the HOMEPAGE_ALLOWED_HOSTS environment variable to allow requests from this host / port.
[2026-03-16T18:09:24.517Z] error: Host validation failed for: 10.189.71.88:3000. Hint: Set the HOMEPAGE_ALLOWED_HOSTS environment variable to allow requests from this host / port.
[2026-03-16T18:09:24.530Z] error: Host validation failed for: 10.189.71.88:3000. Hint: Set the HOMEPAGE_ALLOWED_HOSTS environment variable to allow requests from this host / port.
[2026-03-16T18:09:49.367Z] error: Host validation failed for: 10.189.71.88:3000. Hint: Set the HOMEPAGE_ALLOWED_HOSTS environment variable to allow requests from this host / port.
[2026-03-16T18:09:49.375Z] error: Host validation failed for: 10.189.71.88:3000. Hint: Set the HOMEPAGE_ALLOWED_HOSTS environment variable to allow requests from this host / port.
[2026-03-16T18:11:33.018Z] error: Host validation failed for: 10.189.71.88:3000. Hint: Set the HOMEPAGE_ALLOWED_HOSTS environment variable to allow requests from this host / port.
[2026-03-16T18:11:33.028Z] error: Host validation failed for: 10.189.71.88:3000. Hint: Set the HOMEPAGE_ALLOWED_HOSTS environment variable to allow requests from this host / port.
[2026-03-16T18:11:57.425Z] info: docker.yaml was copied to the config folder
[2026-03-16T18:11:57.444Z] info: services.yaml was copied to the config folder
[2026-03-16T18:11:57.455Z] info: bookmarks.yaml was copied to the config folder
[2026-03-16T18:11:57.465Z] info: widgets.yaml was copied to the config folder
[2026-03-16T18:11:57.474Z] info: custom.css was copied to the config folder
[2026-03-16T18:11:57.482Z] info: custom.js was copied to the config folder
[2026-03-16T18:11:57.520Z] info: proxmox.yaml was copied to the config folder
[2026-03-17T06:25:11.109Z] error: Failed to discover services, please check docker.yaml for errors or remove example entries.
[2026-03-17T06:25:11.134Z] error: YAMLException: duplicated mapping key (9:1)

  6 |   host: 127.0.0.1
  7 |   port: 9443
  8 | 
  9 | my-docker:
------^
 10 |   socket: /var/run/docker.sock
[2026-03-17T06:25:11.250Z] error: Failed to discover services, please check docker.yaml for errors or remove example entries.
[2026-03-17T06:25:11.250Z] error: YAMLException: duplicated mapping key (9:1)

  6 |   host: 127.0.0.1
  7 |   port: 9443
  8 | 
  9 | my-docker:
------^
 10 |   socket: /var/run/docker.sock
[2026-03-17T06:25:11.709Z] error: Failed to discover services, please check docker.yaml for errors or remove example entries.
[2026-03-17T06:25:11.710Z] error: YAMLException: duplicated mapping key (9:1)

  6 |   host: 127.0.0.1
  7 |   port: 9443
  8 | 
  9 | my-docker:
------^
 10 |   socket: /var/run/docker.sock
[2026-03-17T06:25:36.005Z] error: <service-helpers> Error getting services from Docker server 'my-docker': Error: connect ECONNREFUSED 127.0.0.1:9443
    at <unknown> (Error: connect ECONNREFUSED 127.0.0.1:9443) {
  errno: -111,
  code: 'ECONNREFUSED',
  syscall: 'connect',
  address: '127.0.0.1',
  port: 9443
}
[2026-03-17T06:25:36.059Z] error: <service-helpers> Error getting services from Docker server 'my-docker': Error: connect ECONNREFUSED 127.0.0.1:9443
    at <unknown> (Error: connect ECONNREFUSED 127.0.0.1:9443) {
  errno: -111,
  code: 'ECONNREFUSED',
  syscall: 'connect',
  address: '127.0.0.1',
  port: 9443
}
[2026-03-17T06:25:36.510Z] error: <service-helpers> Error getting services from Docker server 'my-docker': Error: connect ECONNREFUSED 127.0.0.1:9443
    at <unknown> (Error: connect ECONNREFUSED 127.0.0.1:9443) {
  errno: -111,
  code: 'ECONNREFUSED',
  syscall: 'connect',
  address: '127.0.0.1',
  port: 9443
}
[2026-03-17T06:33:07.171Z] error: <httpProxy> Error calling http://localhost:8000/...
[2026-03-17T06:33:07.172Z] error: <httpProxy> [ 500, [AggregateError: ] { code: 'ECONNREFUSED' } ]
[2026-03-17T06:33:07.193Z] error: <httpProxy> Error calling https://localhost:9443/...
[2026-03-17T06:33:07.195Z] error: <httpProxy> [ 500, [AggregateError: ] { code: 'ECONNREFUSED' } ]
[2026-03-17T06:33:07.199Z] error: <httpProxy> Error calling http://localhost:8000/...
[2026-03-17T06:33:07.199Z] error: <httpProxy> [ 500, [AggregateError: ] { code: 'ECONNREFUSED' } ]
[2026-03-17T06:33:07.236Z] error: <httpProxy> Error calling https://localhost:9443/...
[2026-03-17T06:33:07.237Z] error: <httpProxy> [ 500, [AggregateError: ] { code: 'ECONNREFUSED' } ]
[2026-03-17T06:33:07.255Z] error: <httpProxy> Error calling http://localhost:8096/...
[2026-03-17T06:33:07.258Z] error: <httpProxy> [ 500, [AggregateError: ] { code: 'ECONNREFUSED' } ]
[2026-03-17T06:33:07.281Z] error: <httpProxy> Error calling http://localhost:8096/...
[2026-03-17T06:33:07.282Z] error: <httpProxy> [ 500, [AggregateError: ] { code: 'ECONNREFUSED' } ]
[2026-03-17T06:33:13.391Z] error: <httpProxy> Error calling http://localhost:8000/...
[2026-03-17T06:33:13.392Z] error: <httpProxy> [ 500, [AggregateError: ] { code: 'ECONNREFUSED' } ]
[2026-03-17T06:33:13.394Z] error: <httpProxy> Error calling https://localhost:9443/...
[2026-03-17T06:33:13.395Z] error: <httpProxy> [ 500, [AggregateError: ] { code: 'ECONNREFUSED' } ]
[2026-03-17T06:33:13.400Z] error: <httpProxy> Error calling http://localhost:8000/...
[2026-03-17T06:33:13.401Z] error: <httpProxy> [ 500, [AggregateError: ] { code: 'ECONNREFUSED' } ]
[2026-03-17T06:33:13.404Z] error: <httpProxy> Error calling https://localhost:9443/...
[2026-03-17T06:33:13.405Z] error: <httpProxy> [ 500, [AggregateError: ] { code: 'ECONNREFUSED' } ]
[2026-03-17T06:33:13.449Z] error: <httpProxy> Error calling http://localhost:8096/...
[2026-03-17T06:33:13.450Z] error: <httpProxy> [ 500, [AggregateError: ] { code: 'ECONNREFUSED' } ]
[2026-03-17T06:33:13.454Z] error: <httpProxy> Error calling http://localhost:8096/...
[2026-03-17T06:33:13.455Z] error: <httpProxy> [ 500, [AggregateError: ] { code: 'ECONNREFUSED' } ]
[2026-03-17T06:33:13.925Z] error: <httpProxy> Error calling http://localhost:8000/...
[2026-03-17T06:33:13.926Z] error: <httpProxy> [ 500, [AggregateError: ] { code: 'ECONNREFUSED' } ]
[2026-03-17T06:33:13.943Z] error: <httpProxy> Error calling http://localhost:8000/...
[2026-03-17T06:33:13.944Z] error: <httpProxy> [ 500, [AggregateError: ] { code: 'ECONNREFUSED' } ]
[2026-03-17T06:33:13.947Z] error: <httpProxy> Error calling https://localhost:9443/...
[2026-03-17T06:33:13.948Z] error: <httpProxy> [ 500, [AggregateError: ] { code: 'ECONNREFUSED' } ]
[2026-03-17T06:33:13.983Z] error: <httpProxy> Error calling https://localhost:9443/...
[2026-03-17T06:33:13.984Z] error: <httpProxy> [ 500, [AggregateError: ] { code: 'ECONNREFUSED' } ]
[2026-03-17T06:33:13.986Z] error: <httpProxy> Error calling http://localhost:8096/...
[2026-03-17T06:33:13.986Z] error: <httpProxy> [ 500, [AggregateError: ] { code: 'ECONNREFUSED' } ]
[2026-03-17T06:33:14.004Z] error: <httpProxy> Error calling http://localhost:8096/...
[2026-03-17T06:33:14.005Z] error: <httpProxy> [ 500, [AggregateError: ] { code: 'ECONNREFUSED' } ]
[2026-03-17T06:35:42.491Z] error: <dockerStatusService> TypeError: Cannot read properties of null (reading 'conn')
    at j (/app/.next/server/pages/api/docker/status/[...service].js:1:2037)
    at tA (/app/node_modules/.pnpm/next@15.5.11_react-dom@19.2.4_react@19.2.4__react@19.2.4/node_modules/next/dist/compiled/next-server/pages-api.runtime.prod.js:1:105862)
    at process.processTicksAndRejections (node:internal/process/task_queues:103:5)
    at async tT.render (/app/node_modules/.pnpm/next@15.5.11_react-dom@19.2.4_react@19.2.4__react@19.2.4/node_modules/next/dist/compiled/next-server/pages-api.runtime.prod.js:1:106571)
    at async Module.m (/app/.next/server/pages/api/docker/status/[...service].js:1:7755)
    at async NextNodeServer.runApi (/app/node_modules/.pnpm/next@15.5.11_react-dom@19.2.4_react@19.2.4__react@19.2.4/node_modules/next/dist/server/next-server.js:766:9)
    at async NextNodeServer.handleCatchallRenderRequest (/app/node_modules/.pnpm/next@15.5.11_react-dom@19.2.4_react@19.2.4__react@19.2.4/node_modules/next/dist/server/next-server.js:390:37)
    at async NextNodeServer.handleRequestImpl (/app/node_modules/.pnpm/next@15.5.11_react-dom@19.2.4_react@19.2.4__react@19.2.4/node_modules/next/dist/server/base-server.js:916:17)
    at async invokeRender (/app/node_modules/.pnpm/next@15.5.11_react-dom@19.2.4_react@19.2.4__react@19.2.4/node_modules/next/dist/server/lib/router-server.js:240:21)
    at async handleRequest (/app/node_modules/.pnpm/next@15.5.11_react-dom@19.2.4_react@19.2.4__react@19.2.4/node_modules/next/dist/server/lib/router-server.js:437:24)
[2026-03-17T06:35:42.521Z] error: <dockerStatsService> TypeError: Cannot read properties of null (reading 'conn')
    at j (/app/.next/server/pages/api/docker/stats/[...service].js:1:4219)
    at tA (/app/node_modules/.pnpm/next@15.5.11_react-dom@19.2.4_react@19.2.4__react@19.2.4/node_modules/next/dist/compiled/next-server/pages-api.runtime.prod.js:1:105862)
    at process.processTicksAndRejections (node:internal/process/task_queues:103:5)
    at async tT.render (/app/node_modules/.pnpm/next@15.5.11_react-dom@19.2.4_react@19.2.4__react@19.2.4/node_modules/next/dist/compiled/next-server/pages-api.runtime.prod.js:1:106571)
    at async Module.m (/app/.next/server/pages/api/docker/stats/[...service].js:1:3431)
    at async NextNodeServer.runApi (/app/node_modules/.pnpm/next@15.5.11_react-dom@19.2.4_react@19.2.4__react@19.2.4/node_modules/next/dist/server/next-server.js:766:9)
    at async NextNodeServer.handleCatchallRenderRequest (/app/node_modules/.pnpm/next@15.5.11_react-dom@19.2.4_react@19.2.4__react@19.2.4/node_modules/next/dist/server/next-server.js:390:37)
    at async NextNodeServer.handleRequestImpl (/app/node_modules/.pnpm/next@15.5.11_react-dom@19.2.4_react@19.2.4__react@19.2.4/node_modules/next/dist/server/base-server.js:916:17)
    at async invokeRender (/app/node_modules/.pnpm/next@15.5.11_react-dom@19.2.4_react@19.2.4__react@19.2.4/node_modules/next/dist/server/lib/router-server.js:240:21)
    at async handleRequest (/app/node_modules/.pnpm/next@15.5.11_react-dom@19.2.4_react@19.2.4__react@19.2.4/node_modules/next/dist/server/lib/router-server.js:437:24)
[2026-03-17T06:36:01.787Z] error: <dockerStatusService> TypeError: Cannot read properties of null (reading 'conn')
    at j (/app/.next/server/pages/api/docker/status/[...service].js:1:2037)
    at tA (/app/node_modules/.pnpm/next@15.5.11_react-dom@19.2.4_react@19.2.4__react@19.2.4/node_modules/next/dist/compiled/next-server/pages-api.runtime.prod.js:1:105862)
    at process.processTicksAndRejections (node:internal/process/task_queues:103:5)
    at async tT.render (/app/node_modules/.pnpm/next@15.5.11_react-dom@19.2.4_react@19.2.4__react@19.2.4/node_modules/next/dist/compiled/next-server/pages-api.runtime.prod.js:1:106571)
    at async Module.m (/app/.next/server/pages/api/docker/status/[...service].js:1:7755)
    at async NextNodeServer.runApi (/app/node_modules/.pnpm/next@15.5.11_react-dom@19.2.4_react@19.2.4__react@19.2.4/node_modules/next/dist/server/next-server.js:766:9)
    at async NextNodeServer.handleCatchallRenderRequest (/app/node_modules/.pnpm/next@15.5.11_react-dom@19.2.4_react@19.2.4__react@19.2.4/node_modules/next/dist/server/next-server.js:390:37)
    at async NextNodeServer.handleRequestImpl (/app/node_modules/.pnpm/next@15.5.11_react-dom@19.2.4_react@19.2.4__react@19.2.4/node_modules/next/dist/server/base-server.js:916:17)
    at async invokeRender (/app/node_modules/.pnpm/next@15.5.11_react-dom@19.2.4_react@19.2.4__react@19.2.4/node_modules/next/dist/server/lib/router-server.js:240:21)
    at async handleRequest (/app/node_modules/.pnpm/next@15.5.11_react-dom@19.2.4_react@19.2.4__react@19.2.4/node_modules/next/dist/server/lib/router-server.js:437:24)
[2026-03-17T06:36:01.815Z] error: <dockerStatsService> TypeError: Cannot read properties of null (reading 'conn')
    at j (/app/.next/server/pages/api/docker/stats/[...service].js:1:4219)
    at tA (/app/node_modules/.pnpm/next@15.5.11_react-dom@19.2.4_react@19.2.4__react@19.2.4/node_modules/next/dist/compiled/next-server/pages-api.runtime.prod.js:1:105862)
    at process.processTicksAndRejections (node:internal/process/task_queues:103:5)
    at async tT.render (/app/node_modules/.pnpm/next@15.5.11_react-dom@19.2.4_react@19.2.4__react@19.2.4/node_modules/next/dist/compiled/next-server/pages-api.runtime.prod.js:1:106571)
    at async Module.m (/app/.next/server/pages/api/docker/stats/[...service].js:1:3431)
    at async NextNodeServer.runApi (/app/node_modules/.pnpm/next@15.5.11_react-dom@19.2.4_react@19.2.4__react@19.2.4/node_modules/next/dist/server/next-server.js:766:9)
    at async NextNodeServer.handleCatchallRenderRequest (/app/node_modules/.pnpm/next@15.5.11_react-dom@19.2.4_react@19.2.4__react@19.2.4/node_modules/next/dist/server/next-server.js:390:37)
    at async NextNodeServer.handleRequestImpl (/app/node_modules/.pnpm/next@15.5.11_react-dom@19.2.4_react@19.2.4__react@19.2.4/node_modules/next/dist/server/base-server.js:916:17)
    at async invokeRender (/app/node_modules/.pnpm/next@15.5.11_react-dom@19.2.4_react@19.2.4__react@19.2.4/node_modules/next/dist/server/lib/router-server.js:240:21)
    at async handleRequest (/app/node_modules/.pnpm/next@15.5.11_react-dom@19.2.4_react@19.2.4__react@19.2.4/node_modules/next/dist/server/lib/router-server.js:437:24)
[2026-03-17T06:36:02.453Z] error: <dockerStatusService> TypeError: Cannot read properties of null (reading 'conn')
    at j (/app/.next/server/pages/api/docker/status/[...service].js:1:2037)
    at tA (/app/node_modules/.pnpm/next@15.5.11_react-dom@19.2.4_react@19.2.4__react@19.2.4/node_modules/next/dist/compiled/next-server/pages-api.runtime.prod.js:1:105862)
    at process.processTicksAndRejections (node:internal/process/task_queues:103:5)
    at async tT.render (/app/node_modules/.pnpm/next@15.5.11_react-dom@19.2.4_react@19.2.4__react@19.2.4/node_modules/next/dist/compiled/next-server/pages-api.runtime.prod.js:1:106571)
    at async Module.m (/app/.next/server/pages/api/docker/status/[...service].js:1:7755)
    at async NextNodeServer.runApi (/app/node_modules/.pnpm/next@15.5.11_react-dom@19.2.4_react@19.2.4__react@19.2.4/node_modules/next/dist/server/next-server.js:766:9)
    at async NextNodeServer.handleCatchallRenderRequest (/app/node_modules/.pnpm/next@15.5.11_react-dom@19.2.4_react@19.2.4__react@19.2.4/node_modules/next/dist/server/next-server.js:390:37)
    at async NextNodeServer.handleRequestImpl (/app/node_modules/.pnpm/next@15.5.11_react-dom@19.2.4_react@19.2.4__react@19.2.4/node_modules/next/dist/server/base-server.js:916:17)
    at async invokeRender (/app/node_modules/.pnpm/next@15.5.11_react-dom@19.2.4_react@19.2.4__react@19.2.4/node_modules/next/dist/server/lib/router-server.js:240:21)
    at async handleRequest (/app/node_modules/.pnpm/next@15.5.11_react-dom@19.2.4_react@19.2.4__react@19.2.4/node_modules/next/dist/server/lib/router-server.js:437:24)
[2026-03-17T06:36:02.492Z] error: <dockerStatsService> TypeError: Cannot read properties of null (reading 'conn')
    at j (/app/.next/server/pages/api/docker/stats/[...service].js:1:4219)
    at tA (/app/node_modules/.pnpm/next@15.5.11_react-dom@19.2.4_react@19.2.4__react@19.2.4/node_modules/next/dist/compiled/next-server/pages-api.runtime.prod.js:1:105862)
    at process.processTicksAndRejections (node:internal/process/task_queues:103:5)
    at async tT.render (/app/node_modules/.pnpm/next@15.5.11_react-dom@19.2.4_react@19.2.4__react@19.2.4/node_modules/next/dist/compiled/next-server/pages-api.runtime.prod.js:1:106571)
    at async Module.m (/app/.next/server/pages/api/docker/stats/[...service].js:1:3431)
    at async NextNodeServer.runApi (/app/node_modules/.pnpm/next@15.5.11_react-dom@19.2.4_react@19.2.4__react@19.2.4/node_modules/next/dist/server/next-server.js:766:9)
    at async NextNodeServer.handleCatchallRenderRequest (/app/node_modules/.pnpm/next@15.5.11_react-dom@19.2.4_react@19.2.4__react@19.2.4/node_modules/next/dist/server/next-server.js:390:37)
    at async NextNodeServer.handleRequestImpl (/app/node_modules/.pnpm/next@15.5.11_react-dom@19.2.4_react@19.2.4__react@19.2.4/node_modules/next/dist/server/base-server.js:916:17)
    at async invokeRender (/app/node_modules/.pnpm/next@15.5.11_react-dom@19.2.4_react@19.2.4__react@19.2.4/node_modules/next/dist/server/lib/router-server.js:240:21)
    at async handleRequest (/app/node_modules/.pnpm/next@15.5.11_react-dom@19.2.4_react@19.2.4__react@19.2.4/node_modules/next/dist/server/lib/router-server.js:437:24)
[2026-03-17T06:36:08.954Z] error: <dockerStatusService> TypeError: Cannot read properties of null (reading 'conn')
    at j (/app/.next/server/pages/api/docker/status/[...service].js:1:2037)
    at tA (/app/node_modules/.pnpm/next@15.5.11_react-dom@19.2.4_react@19.2.4__react@19.2.4/node_modules/next/dist/compiled/next-server/pages-api.runtime.prod.js:1:105862)
    at process.processTicksAndRejections (node:internal/process/task_queues:103:5)
    at async tT.render (/app/node_modules/.pnpm/next@15.5.11_react-dom@19.2.4_react@19.2.4__react@19.2.4/node_modules/next/dist/compiled/next-server/pages-api.runtime.prod.js:1:106571)
    at async Module.m (/app/.next/server/pages/api/docker/status/[...service].js:1:7755)
    at async NextNodeServer.runApi (/app/node_modules/.pnpm/next@15.5.11_react-dom@19.2.4_react@19.2.4__react@19.2.4/node_modules/next/dist/server/next-server.js:766:9)
    at async NextNodeServer.handleCatchallRenderRequest (/app/node_modules/.pnpm/next@15.5.11_react-dom@19.2.4_react@19.2.4__react@19.2.4/node_modules/next/dist/server/next-server.js:390:37)
    at async NextNodeServer.handleRequestImpl (/app/node_modules/.pnpm/next@15.5.11_react-dom@19.2.4_react@19.2.4__react@19.2.4/node_modules/next/dist/server/base-server.js:916:17)
    at async invokeRender (/app/node_modules/.pnpm/next@15.5.11_react-dom@19.2.4_react@19.2.4__react@19.2.4/node_modules/next/dist/server/lib/router-server.js:240:21)
    at async handleRequest (/app/node_modules/.pnpm/next@15.5.11_react-dom@19.2.4_react@19.2.4__react@19.2.4/node_modules/next/dist/server/lib/router-server.js:437:24)
[2026-03-17T06:36:08.967Z] error: <dockerStatsService> TypeError: Cannot read properties of null (reading 'conn')
    at j (/app/.next/server/pages/api/docker/stats/[...service].js:1:4219)
    at tA (/app/node_modules/.pnpm/next@15.5.11_react-dom@19.2.4_react@19.2.4__react@19.2.4/node_modules/next/dist/compiled/next-server/pages-api.runtime.prod.js:1:105862)
    at process.processTicksAndRejections (node:internal/process/task_queues:103:5)
    at async tT.render (/app/node_modules/.pnpm/next@15.5.11_react-dom@19.2.4_react@19.2.4__react@19.2.4/node_modules/next/dist/compiled/next-server/pages-api.runtime.prod.js:1:106571)
    at async Module.m (/app/.next/server/pages/api/docker/stats/[...service].js:1:3431)
    at async NextNodeServer.runApi (/app/node_modules/.pnpm/next@15.5.11_react-dom@19.2.4_react@19.2.4__react@19.2.4/node_modules/next/dist/server/next-server.js:766:9)
    at async NextNodeServer.handleCatchallRenderRequest (/app/node_modules/.pnpm/next@15.5.11_react-dom@19.2.4_react@19.2.4__react@19.2.4/node_modules/next/dist/server/next-server.js:390:37)
    at async NextNodeServer.handleRequestImpl (/app/node_modules/.pnpm/next@15.5.11_react-dom@19.2.4_react@19.2.4__react@19.2.4/node_modules/next/dist/server/base-server.js:916:17)
    at async invokeRender (/app/node_modules/.pnpm/next@15.5.11_react-dom@19.2.4_react@19.2.4__react@19.2.4/node_modules/next/dist/server/lib/router-server.js:240:21)
    at async handleRequest (/app/node_modules/.pnpm/next@15.5.11_react-dom@19.2.4_react@19.2.4__react@19.2.4/node_modules/next/dist/server/lib/router-server.js:437:24)
[2026-03-17T06:36:09.586Z] error: <dockerStatusService> TypeError: Cannot read properties of null (reading 'conn')
    at j (/app/.next/server/pages/api/docker/status/[...service].js:1:2037)
    at tA (/app/node_modules/.pnpm/next@15.5.11_react-dom@19.2.4_react@19.2.4__react@19.2.4/node_modules/next/dist/compiled/next-server/pages-api.runtime.prod.js:1:105862)
    at process.processTicksAndRejections (node:internal/process/task_queues:103:5)
    at async tT.render (/app/node_modules/.pnpm/next@15.5.11_react-dom@19.2.4_react@19.2.4__react@19.2.4/node_modules/next/dist/compiled/next-server/pages-api.runtime.prod.js:1:106571)
    at async Module.m (/app/.next/server/pages/api/docker/status/[...service].js:1:7755)
    at async NextNodeServer.runApi (/app/node_modules/.pnpm/next@15.5.11_react-dom@19.2.4_react@19.2.4__react@19.2.4/node_modules/next/dist/server/next-server.js:766:9)
    at async NextNodeServer.handleCatchallRenderRequest (/app/node_modules/.pnpm/next@15.5.11_react-dom@19.2.4_react@19.2.4__react@19.2.4/node_modules/next/dist/server/next-server.js:390:37)
    at async NextNodeServer.handleRequestImpl (/app/node_modules/.pnpm/next@15.5.11_react-dom@19.2.4_react@19.2.4__react@19.2.4/node_modules/next/dist/server/base-server.js:916:17)
    at async invokeRender (/app/node_modules/.pnpm/next@15.5.11_react-dom@19.2.4_react@19.2.4__react@19.2.4/node_modules/next/dist/server/lib/router-server.js:240:21)
    at async handleRequest (/app/node_modules/.pnpm/next@15.5.11_react-dom@19.2.4_react@19.2.4__react@19.2.4/node_modules/next/dist/server/lib/router-server.js:437:24)
[2026-03-17T06:36:09.614Z] error: <dockerStatsService> TypeError: Cannot read properties of null (reading 'conn')
    at j (/app/.next/server/pages/api/docker/stats/[...service].js:1:4219)
    at tA (/app/node_modules/.pnpm/next@15.5.11_react-dom@19.2.4_react@19.2.4__react@19.2.4/node_modules/next/dist/compiled/next-server/pages-api.runtime.prod.js:1:105862)
    at process.processTicksAndRejections (node:internal/process/task_queues:103:5)
    at async tT.render (/app/node_modules/.pnpm/next@15.5.11_react-dom@19.2.4_react@19.2.4__react@19.2.4/node_modules/next/dist/compiled/next-server/pages-api.runtime.prod.js:1:106571)
    at async Module.m (/app/.next/server/pages/api/docker/stats/[...service].js:1:3431)
    at async NextNodeServer.runApi (/app/node_modules/.pnpm/next@15.5.11_react-dom@19.2.4_react@19.2.4__react@19.2.4/node_modules/next/dist/server/next-server.js:766:9)
    at async NextNodeServer.handleCatchallRenderRequest (/app/node_modules/.pnpm/next@15.5.11_react-dom@19.2.4_react@19.2.4__react@19.2.4/node_modules/next/dist/server/next-server.js:390:37)
    at async NextNodeServer.handleRequestImpl (/app/node_modules/.pnpm/next@15.5.11_react-dom@19.2.4_react@19.2.4__react@19.2.4/node_modules/next/dist/server/base-server.js:916:17)
    at async invokeRender (/app/node_modules/.pnpm/next@15.5.11_react-dom@19.2.4_react@19.2.4__react@19.2.4/node_modules/next/dist/server/lib/router-server.js:240:21)
    at async handleRequest (/app/node_modules/.pnpm/next@15.5.11_react-dom@19.2.4_react@19.2.4__react@19.2.4/node_modules/next/dist/server/lib/router-server.js:437:24)
[2026-03-17T06:36:29.667Z] error: <dockerStatsService> TypeError: Cannot read properties of null (reading 'conn')
    at j (/app/.next/server/pages/api/docker/stats/[...service].js:1:4219)
    at tA (/app/node_modules/.pnpm/next@15.5.11_react-dom@19.2.4_react@19.2.4__react@19.2.4/node_modules/next/dist/compiled/next-server/pages-api.runtime.prod.js:1:105862)
    at process.processTicksAndRejections (node:internal/process/task_queues:103:5)
    at async tT.render (/app/node_modules/.pnpm/next@15.5.11_react-dom@19.2.4_react@19.2.4__react@19.2.4/node_modules/next/dist/compiled/next-server/pages-api.runtime.prod.js:1:106571)
    at async Module.m (/app/.next/server/pages/api/docker/stats/[...service].js:1:3431)
    at async NextNodeServer.runApi (/app/node_modules/.pnpm/next@15.5.11_react-dom@19.2.4_react@19.2.4__react@19.2.4/node_modules/next/dist/server/next-server.js:766:9)
    at async NextNodeServer.handleCatchallRenderRequest (/app/node_modules/.pnpm/next@15.5.11_react-dom@19.2.4_react@19.2.4__react@19.2.4/node_modules/next/dist/server/next-server.js:390:37)
    at async NextNodeServer.handleRequestImpl (/app/node_modules/.pnpm/next@15.5.11_react-dom@19.2.4_react@19.2.4__react@19.2.4/node_modules/next/dist/server/base-server.js:916:17)
    at async invokeRender (/app/node_modules/.pnpm/next@15.5.11_react-dom@19.2.4_react@19.2.4__react@19.2.4/node_modules/next/dist/server/lib/router-server.js:240:21)
    at async handleRequest (/app/node_modules/.pnpm/next@15.5.11_react-dom@19.2.4_react@19.2.4__react@19.2.4/node_modules/next/dist/server/lib/router-server.js:437:24)
[2026-03-17T06:36:29.681Z] error: <dockerStatusService> TypeError: Cannot read properties of null (reading 'conn')
    at j (/app/.next/server/pages/api/docker/status/[...service].js:1:2037)
    at tA (/app/node_modules/.pnpm/next@15.5.11_react-dom@19.2.4_react@19.2.4__react@19.2.4/node_modules/next/dist/compiled/next-server/pages-api.runtime.prod.js:1:105862)
    at process.processTicksAndRejections (node:internal/process/task_queues:103:5)
    at async tT.render (/app/node_modules/.pnpm/next@15.5.11_react-dom@19.2.4_react@19.2.4__react@19.2.4/node_modules/next/dist/compiled/next-server/pages-api.runtime.prod.js:1:106571)
    at async Module.m (/app/.next/server/pages/api/docker/status/[...service].js:1:7755)
    at async NextNodeServer.runApi (/app/node_modules/.pnpm/next@15.5.11_react-dom@19.2.4_react@19.2.4__react@19.2.4/node_modules/next/dist/server/next-server.js:766:9)
    at async NextNodeServer.handleCatchallRenderRequest (/app/node_modules/.pnpm/next@15.5.11_react-dom@19.2.4_react@19.2.4__react@19.2.4/node_modules/next/dist/server/next-server.js:390:37)
    at async NextNodeServer.handleRequestImpl (/app/node_modules/.pnpm/next@15.5.11_react-dom@19.2.4_react@19.2.4__react@19.2.4/node_modules/next/dist/server/base-server.js:916:17)
    at async invokeRender (/app/node_modules/.pnpm/next@15.5.11_react-dom@19.2.4_react@19.2.4__react@19.2.4/node_modules/next/dist/server/lib/router-server.js:240:21)
    at async handleRequest (/app/node_modules/.pnpm/next@15.5.11_react-dom@19.2.4_react@19.2.4__react@19.2.4/node_modules/next/dist/server/lib/router-server.js:437:24)
[2026-03-17T06:36:37.186Z] error: <dockerStatusService> TypeError: Cannot read properties of null (reading 'conn')
    at j (/app/.next/server/pages/api/docker/status/[...service].js:1:2037)
    at tA (/app/node_modules/.pnpm/next@15.5.11_react-dom@19.2.4_react@19.2.4__react@19.2.4/node_modules/next/dist/compiled/next-server/pages-api.runtime.prod.js:1:105862)
    at process.processTicksAndRejections (node:internal/process/task_queues:103:5)
    at async tT.render (/app/node_modules/.pnpm/next@15.5.11_react-dom@19.2.4_react@19.2.4__react@19.2.4/node_modules/next/dist/compiled/next-server/pages-api.runtime.prod.js:1:106571)
    at async Module.m (/app/.next/server/pages/api/docker/status/[...service].js:1:7755)
    at async NextNodeServer.runApi (/app/node_modules/.pnpm/next@15.5.11_react-dom@19.2.4_react@19.2.4__react@19.2.4/node_modules/next/dist/server/next-server.js:766:9)
    at async NextNodeServer.handleCatchallRenderRequest (/app/node_modules/.pnpm/next@15.5.11_react-dom@19.2.4_react@19.2.4__react@19.2.4/node_modules/next/dist/server/next-server.js:390:37)
    at async NextNodeServer.handleRequestImpl (/app/node_modules/.pnpm/next@15.5.11_react-dom@19.2.4_react@19.2.4__react@19.2.4/node_modules/next/dist/server/base-server.js:916:17)
    at async invokeRender (/app/node_modules/.pnpm/next@15.5.11_react-dom@19.2.4_react@19.2.4__react@19.2.4/node_modules/next/dist/server/lib/router-server.js:240:21)
    at async handleRequest (/app/node_modules/.pnpm/next@15.5.11_react-dom@19.2.4_react@19.2.4__react@19.2.4/node_modules/next/dist/server/lib/router-server.js:437:24)
[2026-03-17T06:36:37.200Z] error: <dockerStatsService> TypeError: Cannot read properties of null (reading 'conn')
    at j (/app/.next/server/pages/api/docker/stats/[...service].js:1:4219)
    at tA (/app/node_modules/.pnpm/next@15.5.11_react-dom@19.2.4_react@19.2.4__react@19.2.4/node_modules/next/dist/compiled/next-server/pages-api.runtime.prod.js:1:105862)
    at process.processTicksAndRejections (node:internal/process/task_queues:103:5)
    at async tT.render (/app/node_modules/.pnpm/next@15.5.11_react-dom@19.2.4_react@19.2.4__react@19.2.4/node_modules/next/dist/compiled/next-server/pages-api.runtime.prod.js:1:106571)
    at async Module.m (/app/.next/server/pages/api/docker/stats/[...service].js:1:3431)
    at async NextNodeServer.runApi (/app/node_modules/.pnpm/next@15.5.11_react-dom@19.2.4_react@19.2.4__react@19.2.4/node_modules/next/dist/server/next-server.js:766:9)
    at async NextNodeServer.handleCatchallRenderRequest (/app/node_modules/.pnpm/next@15.5.11_react-dom@19.2.4_react@19.2.4__react@19.2.4/node_modules/next/dist/server/next-server.js:390:37)
    at async NextNodeServer.handleRequestImpl (/app/node_modules/.pnpm/next@15.5.11_react-dom@19.2.4_react@19.2.4__react@19.2.4/node_modules/next/dist/server/base-server.js:916:17)
    at async invokeRender (/app/node_modules/.pnpm/next@15.5.11_react-dom@19.2.4_react@19.2.4__react@19.2.4/node_modules/next/dist/server/lib/router-server.js:240:21)
    at async handleRequest (/app/node_modules/.pnpm/next@15.5.11_react-dom@19.2.4_react@19.2.4__react@19.2.4/node_modules/next/dist/server/lib/router-server.js:437:24)
[2026-03-17T06:44:15.539Z] error: Failed to load widgets, please check widgets.yaml for errors or remove example entries.
[2026-03-17T06:44:15.540Z] error: end of the stream or a document separator is expected (15:1)

 12 |     target: _blank
 13 | 
 14 | 
 15 | widget:
------^
 16 |   type: jellyfin
 17 |   url: http://localhost:8096
[2026-03-17T06:44:15.965Z] error: Failed to load widgets, please check widgets.yaml for errors or remove example entries.
[2026-03-17T06:44:15.966Z] error: end of the stream or a document separator is expected (15:1)

 12 |     target: _blank
 13 | 
 14 | 
 15 | widget:
------^
 16 |   type: jellyfin
 17 |   url: http://localhost:8096
[2026-03-17T06:44:16.451Z] error: Failed to load widgets, please check widgets.yaml for errors or remove example entries.
[2026-03-17T06:44:16.452Z] error: end of the stream or a document separator is expected (15:1)

 12 |     target: _blank
 13 | 
 14 | 
 15 | widget:
------^
 16 |   type: jellyfin
 17 |   url: http://localhost:8096
[2026-03-17T06:44:24.513Z] error: Failed to load widgets, please check widgets.yaml for errors or remove example entries.
[2026-03-17T06:44:24.514Z] error: end of the stream or a document separator is expected (15:1)

 12 |     target: _blank
 13 | 
 14 | 
 15 | widget:
------^
 16 |   type: jellyfin
 17 |   url: http://localhost:8096
[2026-03-17T06:45:51.208Z] error: Failed to load widgets, please check widgets.yaml for errors or remove example entries.
[2026-03-17T06:45:51.208Z] error: end of the stream or a document separator is expected (14:1)

 11 |     provider: duckduckgo
 12 |     target: _blank
 13 | 
 14 | widget:
------^
 15 |   type: jellyfin
 16 |   url: http://localhost:8096
[2026-03-17T06:45:51.591Z] error: Failed to load widgets, please check widgets.yaml for errors or remove example entries.
[2026-03-17T06:45:51.592Z] error: end of the stream or a document separator is expected (14:1)

 11 |     provider: duckduckgo
 12 |     target: _blank
 13 | 
 14 | widget:
------^
 15 |   type: jellyfin
 16 |   url: http://localhost:8096
[2026-03-17T06:45:51.899Z] error: Failed to load widgets, please check widgets.yaml for errors or remove example entries.
[2026-03-17T06:45:51.900Z] error: end of the stream or a document separator is expected (14:1)

 11 |     provider: duckduckgo
 12 |     target: _blank
 13 | 
 14 | widget:
------^
 15 |   type: jellyfin
 16 |   url: http://localhost:8096
[2026-03-17T06:48:09.498Z] error: <httpProxy> Error calling http://localhost:8096/emby/Sessions...
[2026-03-17T06:48:09.499Z] error: <httpProxy> [ 500, [AggregateError: ] { code: 'ECONNREFUSED' } ]
[2026-03-17T06:48:09.500Z] error: <jellyfinProxyHandler> HTTP Error 500 calling http://localhost:8096/emby/Sessions?api_key=7c0d5732c0e342db8d7e6a926ba42a30
[2026-03-17T06:48:09.505Z] error: <httpProxy> Error calling http://localhost:8096/emby/Items/Counts...
[2026-03-17T06:48:09.505Z] error: <httpProxy> [ 500, [AggregateError: ] { code: 'ECONNREFUSED' } ]
[2026-03-17T06:48:09.506Z] error: <jellyfinProxyHandler> HTTP Error 500 calling http://localhost:8096/emby/Items/Counts?api_key=7c0d5732c0e342db8d7e6a926ba42a30
[2026-03-17T06:48:32.101Z] error: <httpProxy> Error calling http://localhost:8096/emby/Sessions...
[2026-03-17T06:48:32.102Z] error: <httpProxy> [ 500, [AggregateError: ] { code: 'ECONNREFUSED' } ]
[2026-03-17T06:48:32.103Z] error: <jellyfinProxyHandler> HTTP Error 500 calling http://localhost:8096/emby/Sessions?api_key=7c0d5732c0e342db8d7e6a926ba42a30
[2026-03-17T06:48:32.141Z] error: <httpProxy> Error calling http://localhost:8096/emby/Items/Counts...
[2026-03-17T06:48:32.142Z] error: <httpProxy> [ 500, [AggregateError: ] { code: 'ECONNREFUSED' } ]
[2026-03-17T06:48:32.143Z] error: <jellyfinProxyHandler> HTTP Error 500 calling http://localhost:8096/emby/Items/Counts?api_key=7c0d5732c0e342db8d7e6a926ba42a30
[2026-03-17T06:48:33.415Z] error: <httpProxy> Error calling http://localhost:8096/emby/Sessions...
[2026-03-17T06:48:33.416Z] error: <httpProxy> [ 500, [AggregateError: ] { code: 'ECONNREFUSED' } ]
[2026-03-17T06:48:33.416Z] error: <jellyfinProxyHandler> HTTP Error 500 calling http://localhost:8096/emby/Sessions?api_key=7c0d5732c0e342db8d7e6a926ba42a30
[2026-03-17T06:48:33.419Z] error: <httpProxy> Error calling http://localhost:8096/emby/Items/Counts...
[2026-03-17T06:48:33.420Z] error: <httpProxy> [ 500, [AggregateError: ] { code: 'ECONNREFUSED' } ]
[2026-03-17T06:48:33.421Z] error: <jellyfinProxyHandler> HTTP Error 500 calling http://localhost:8096/emby/Items/Counts?api_key=7c0d5732c0e342db8d7e6a926ba42a30
[2026-03-17T06:48:50.072Z] error: <httpProxy> Error calling http://localhost:8096/emby/Sessions...
[2026-03-17T06:48:50.073Z] error: <httpProxy> [ 500, [AggregateError: ] { code: 'ECONNREFUSED' } ]
[2026-03-17T06:48:50.074Z] error: <jellyfinProxyHandler> HTTP Error 500 calling http://localhost:8096/emby/Sessions?api_key=7c0d5732c0e342db8d7e6a926ba42a30
[2026-03-17T06:48:50.075Z] error: <httpProxy> Error calling http://localhost:8096/emby/Items/Counts...
[2026-03-17T06:48:50.076Z] error: <httpProxy> [ 500, [AggregateError: ] { code: 'ECONNREFUSED' } ]
[2026-03-17T06:48:50.076Z] error: <jellyfinProxyHandler> HTTP Error 500 calling http://localhost:8096/emby/Items/Counts?api_key=7c0d5732c0e342db8d7e6a926ba42a30
[2026-03-17T06:48:51.057Z] error: <httpProxy> Error calling http://localhost:8096/emby/Sessions...
[2026-03-17T06:48:51.058Z] error: <httpProxy> [ 500, [AggregateError: ] { code: 'ECONNREFUSED' } ]
[2026-03-17T06:48:51.058Z] error: <jellyfinProxyHandler> HTTP Error 500 calling http://localhost:8096/emby/Sessions?api_key=7c0d5732c0e342db8d7e6a926ba42a30
[2026-03-17T06:48:51.090Z] error: <httpProxy> Error calling http://localhost:8096/emby/Items/Counts...
[2026-03-17T06:48:51.091Z] error: <httpProxy> [ 500, [AggregateError: ] { code: 'ECONNREFUSED' } ]
[2026-03-17T06:48:51.091Z] error: <jellyfinProxyHandler> HTTP Error 500 calling http://localhost:8096/emby/Items/Counts?api_key=7c0d5732c0e342db8d7e6a926ba42a30
[2026-03-17T06:49:08.185Z] error: <httpProxy> Error calling http://localhost:8096/emby/Sessions...
[2026-03-17T06:49:08.186Z] error: <httpProxy> [ 500, [AggregateError: ] { code: 'ECONNREFUSED' } ]
[2026-03-17T06:49:08.187Z] error: <jellyfinProxyHandler> HTTP Error 500 calling http://localhost:8096/emby/Sessions?api_key=7c0d5732c0e342db8d7e6a926ba42a30
[2026-03-17T06:49:08.233Z] error: <httpProxy> Error calling http://localhost:8096/emby/Items/Counts...
[2026-03-17T06:49:08.234Z] error: <httpProxy> [ 500, [AggregateError: ] { code: 'ECONNREFUSED' } ]
[2026-03-17T06:49:08.234Z] error: <jellyfinProxyHandler> HTTP Error 500 calling http://localhost:8096/emby/Items/Counts?api_key=7c0d5732c0e342db8d7e6a926ba42a30
[2026-03-17T06:49:09.030Z] error: <httpProxy> Error calling http://localhost:8096/emby/Items/Counts...
[2026-03-17T06:49:09.031Z] error: <httpProxy> [ 500, [AggregateError: ] { code: 'ECONNREFUSED' } ]
[2026-03-17T06:49:09.031Z] error: <jellyfinProxyHandler> HTTP Error 500 calling http://localhost:8096/emby/Items/Counts?api_key=7c0d5732c0e342db8d7e6a926ba42a30
[2026-03-17T06:49:09.084Z] error: <httpProxy> Error calling http://localhost:8096/emby/Sessions...
[2026-03-17T06:49:09.085Z] error: <httpProxy> [ 500, [AggregateError: ] { code: 'ECONNREFUSED' } ]
[2026-03-17T06:49:09.086Z] error: <jellyfinProxyHandler> HTTP Error 500 calling http://localhost:8096/emby/Sessions?api_key=7c0d5732c0e342db8d7e6a926ba42a30
[2026-03-17T06:49:41.137Z] error: <httpProxy> Error calling http://localhost:8096/emby/Sessions...
[2026-03-17T06:49:41.138Z] error: <httpProxy> [ 500, [AggregateError: ] { code: 'ECONNREFUSED' } ]
[2026-03-17T06:49:41.138Z] error: <jellyfinProxyHandler> HTTP Error 500 calling http://localhost:8096/emby/Sessions?api_key=7c0d5732c0e342db8d7e6a926ba42a30
[2026-03-17T06:49:41.140Z] error: <httpProxy> Error calling http://localhost:8096/emby/Items/Counts...
[2026-03-17T06:49:41.140Z] error: <httpProxy> [ 500, [AggregateError: ] { code: 'ECONNREFUSED' } ]
[2026-03-17T06:49:41.140Z] error: <jellyfinProxyHandler> HTTP Error 500 calling http://localhost:8096/emby/Items/Counts?api_key=7c0d5732c0e342db8d7e6a926ba42a30
[2026-03-17T06:49:44.287Z] error: <httpProxy> Error calling http://localhost:8096/emby/Sessions...
[2026-03-17T06:49:44.288Z] error: <httpProxy> [ 500, [AggregateError: ] { code: 'ECONNREFUSED' } ]
[2026-03-17T06:49:44.288Z] error: <jellyfinProxyHandler> HTTP Error 500 calling http://localhost:8096/emby/Sessions?api_key=7c0d5732c0e342db8d7e6a926ba42a30
[2026-03-17T06:49:57.982Z] error: <httpProxy> Error calling http://localhost:8096/emby/Sessions...
[2026-03-17T06:49:57.983Z] error: <httpProxy> [ 500, [AggregateError: ] { code: 'ECONNREFUSED' } ]
[2026-03-17T06:49:57.984Z] error: <jellyfinProxyHandler> HTTP Error 500 calling http://localhost:8096/emby/Sessions?api_key=7c0d5732c0e342db8d7e6a926ba42a30
[2026-03-17T06:49:58.089Z] error: <httpProxy> Error calling http://localhost:8096/emby/Items/Counts...
[2026-03-17T06:49:58.090Z] error: <httpProxy> [ 500, [AggregateError: ] { code: 'ECONNREFUSED' } ]
[2026-03-17T06:49:58.090Z] error: <jellyfinProxyHandler> HTTP Error 500 calling http://localhost:8096/emby/Items/Counts?api_key=7c0d5732c0e342db8d7e6a926ba42a30
[2026-03-17T06:50:04.425Z] error: <httpProxy> Error calling http://localhost:8096/emby/Sessions...
[2026-03-17T06:50:04.426Z] error: <httpProxy> [ 500, [AggregateError: ] { code: 'ECONNREFUSED' } ]
[2026-03-17T06:50:04.426Z] error: <jellyfinProxyHandler> HTTP Error 500 calling http://localhost:8096/emby/Sessions?api_key=7c0d5732c0e342db8d7e6a926ba42a30
[2026-03-17T06:50:08.756Z] error: <httpProxy> Error calling http://localhost:8096/emby/Items/Counts...
[2026-03-17T06:50:08.757Z] error: <httpProxy> [ 500, [AggregateError: ] { code: 'ECONNREFUSED' } ]
[2026-03-17T06:50:08.758Z] error: <jellyfinProxyHandler> HTTP Error 500 calling http://localhost:8096/emby/Items/Counts?api_key=7c0d5732c0e342db8d7e6a926ba42a30
[2026-03-17T06:50:09.477Z] error: <httpProxy> Error calling http://localhost:8096/emby/Sessions...
[2026-03-17T06:50:09.478Z] error: <httpProxy> [ 500, [AggregateError: ] { code: 'ECONNREFUSED' } ]
[2026-03-17T06:50:09.478Z] error: <jellyfinProxyHandler> HTTP Error 500 calling http://localhost:8096/emby/Sessions?api_key=7c0d5732c0e342db8d7e6a926ba42a30
[2026-03-17T06:51:17.998Z] error: <httpProxy> Error calling http://127.0.0.1:8096/emby/Sessions...
[2026-03-17T06:51:18.000Z] error: <httpProxy> [
  500,
  Error: connect ECONNREFUSED 127.0.0.1:8096
      at <unknown> (Error: connect ECONNREFUSED 127.0.0.1:8096) {
    errno: -111,
    code: 'ECONNREFUSED',
    syscall: 'connect',
    address: '127.0.0.1',
    port: 8096
  }
]
[2026-03-17T06:51:18.001Z] error: <jellyfinProxyHandler> HTTP Error 500 calling http://127.0.0.1:8096/emby/Sessions?api_key=7c0d5732c0e342db8d7e6a926ba42a30
[2026-03-17T06:51:18.043Z] error: <httpProxy> Error calling http://127.0.0.1:8096/emby/Items/Counts...
[2026-03-17T06:51:18.044Z] error: <httpProxy> [
  500,
  Error: connect ECONNREFUSED 127.0.0.1:8096
      at <unknown> (Error: connect ECONNREFUSED 127.0.0.1:8096) {
    errno: -111,
    code: 'ECONNREFUSED',
    syscall: 'connect',
    address: '127.0.0.1',
    port: 8096
  }
]
[2026-03-17T06:51:18.045Z] error: <jellyfinProxyHandler> HTTP Error 500 calling http://127.0.0.1:8096/emby/Items/Counts?api_key=7c0d5732c0e342db8d7e6a926ba42a30
[2026-03-17T06:51:19.083Z] error: <httpProxy> Error calling http://127.0.0.1:8096/emby/Sessions...
[2026-03-17T06:51:19.084Z] error: <httpProxy> [
  500,
  Error: connect ECONNREFUSED 127.0.0.1:8096
      at <unknown> (Error: connect ECONNREFUSED 127.0.0.1:8096) {
    errno: -111,
    code: 'ECONNREFUSED',
    syscall: 'connect',
    address: '127.0.0.1',
    port: 8096
  }
]
[2026-03-17T06:51:19.084Z] error: <jellyfinProxyHandler> HTTP Error 500 calling http://127.0.0.1:8096/emby/Sessions?api_key=7c0d5732c0e342db8d7e6a926ba42a30
[2026-03-17T06:51:19.106Z] error: <httpProxy> Error calling http://127.0.0.1:8096/emby/Items/Counts...
[2026-03-17T06:51:19.106Z] error: <httpProxy> [
  500,
  Error: connect ECONNREFUSED 127.0.0.1:8096
      at <unknown> (Error: connect ECONNREFUSED 127.0.0.1:8096) {
    errno: -111,
    code: 'ECONNREFUSED',
    syscall: 'connect',
    address: '127.0.0.1',
    port: 8096
  }
]
[2026-03-17T06:51:19.107Z] error: <jellyfinProxyHandler> HTTP Error 500 calling http://127.0.0.1:8096/emby/Items/Counts?api_key=7c0d5732c0e342db8d7e6a926ba42a30
[2026-03-17T06:51:55.252Z] error: <servicesProxy> TypeError: Invalid URL
    at new URL (node:internal/url:818:25)
    at l (/app/.next/server/pages/api/services/proxy.js:41:21049)
    at async l (/app/.next/server/pages/api/services/proxy.js:41:19184)
    at async tA (/app/node_modules/.pnpm/next@15.5.11_react-dom@19.2.4_react@19.2.4__react@19.2.4/node_modules/next/dist/compiled/next-server/pages-api.runtime.prod.js:1:105856)
    at async tT.render (/app/node_modules/.pnpm/next@15.5.11_react-dom@19.2.4_react@19.2.4__react@19.2.4/node_modules/next/dist/compiled/next-server/pages-api.runtime.prod.js:1:106571)
    at async Module.m (/app/.next/server/pages/api/services/proxy.js:58:29770)
    at async NextNodeServer.runApi (/app/node_modules/.pnpm/next@15.5.11_react-dom@19.2.4_react@19.2.4__react@19.2.4/node_modules/next/dist/server/next-server.js:766:9)
    at async NextNodeServer.handleCatchallRenderRequest (/app/node_modules/.pnpm/next@15.5.11_react-dom@19.2.4_react@19.2.4__react@19.2.4/node_modules/next/dist/server/next-server.js:390:37)
    at async NextNodeServer.handleRequestImpl (/app/node_modules/.pnpm/next@15.5.11_react-dom@19.2.4_react@19.2.4__react@19.2.4/node_modules/next/dist/server/base-server.js:916:17)
    at async invokeRender (/app/node_modules/.pnpm/next@15.5.11_react-dom@19.2.4_react@19.2.4__react@19.2.4/node_modules/next/dist/server/lib/router-server.js:240:21)
[2026-03-17T06:51:55.291Z] error: <servicesProxy> TypeError: Invalid URL
    at new URL (node:internal/url:818:25)
    at l (/app/.next/server/pages/api/services/proxy.js:41:21049)
    at async l (/app/.next/server/pages/api/services/proxy.js:41:19184)
    at async tA (/app/node_modules/.pnpm/next@15.5.11_react-dom@19.2.4_react@19.2.4__react@19.2.4/node_modules/next/dist/compiled/next-server/pages-api.runtime.prod.js:1:105856)
    at async tT.render (/app/node_modules/.pnpm/next@15.5.11_react-dom@19.2.4_react@19.2.4__react@19.2.4/node_modules/next/dist/compiled/next-server/pages-api.runtime.prod.js:1:106571)
    at async Module.m (/app/.next/server/pages/api/services/proxy.js:58:29770)
    at async NextNodeServer.runApi (/app/node_modules/.pnpm/next@15.5.11_react-dom@19.2.4_react@19.2.4__react@19.2.4/node_modules/next/dist/server/next-server.js:766:9)
    at async NextNodeServer.handleCatchallRenderRequest (/app/node_modules/.pnpm/next@15.5.11_react-dom@19.2.4_react@19.2.4__react@19.2.4/node_modules/next/dist/server/next-server.js:390:37)
    at async NextNodeServer.handleRequestImpl (/app/node_modules/.pnpm/next@15.5.11_react-dom@19.2.4_react@19.2.4__react@19.2.4/node_modules/next/dist/server/base-server.js:916:17)
    at async invokeRender (/app/node_modules/.pnpm/next@15.5.11_react-dom@19.2.4_react@19.2.4__react@19.2.4/node_modules/next/dist/server/lib/router-server.js:240:21)
[2026-03-17T06:51:56.741Z] error: <servicesProxy> TypeError: Invalid URL
    at new URL (node:internal/url:818:25)
    at l (/app/.next/server/pages/api/services/proxy.js:41:21049)
    at async l (/app/.next/server/pages/api/services/proxy.js:41:19184)
    at async tA (/app/node_modules/.pnpm/next@15.5.11_react-dom@19.2.4_react@19.2.4__react@19.2.4/node_modules/next/dist/compiled/next-server/pages-api.runtime.prod.js:1:105856)
    at async tT.render (/app/node_modules/.pnpm/next@15.5.11_react-dom@19.2.4_react@19.2.4__react@19.2.4/node_modules/next/dist/compiled/next-server/pages-api.runtime.prod.js:1:106571)
    at async Module.m (/app/.next/server/pages/api/services/proxy.js:58:29770)
    at async NextNodeServer.runApi (/app/node_modules/.pnpm/next@15.5.11_react-dom@19.2.4_react@19.2.4__react@19.2.4/node_modules/next/dist/server/next-server.js:766:9)
    at async NextNodeServer.handleCatchallRenderRequest (/app/node_modules/.pnpm/next@15.5.11_react-dom@19.2.4_react@19.2.4__react@19.2.4/node_modules/next/dist/server/next-server.js:390:37)
    at async NextNodeServer.handleRequestImpl (/app/node_modules/.pnpm/next@15.5.11_react-dom@19.2.4_react@19.2.4__react@19.2.4/node_modules/next/dist/server/base-server.js:916:17)
    at async invokeRender (/app/node_modules/.pnpm/next@15.5.11_react-dom@19.2.4_react@19.2.4__react@19.2.4/node_modules/next/dist/server/lib/router-server.js:240:21)
[2026-03-17T06:51:56.771Z] error: <servicesProxy> TypeError: Invalid URL
    at new URL (node:internal/url:818:25)
    at l (/app/.next/server/pages/api/services/proxy.js:41:21049)
    at async l (/app/.next/server/pages/api/services/proxy.js:41:19184)
    at async tA (/app/node_modules/.pnpm/next@15.5.11_react-dom@19.2.4_react@19.2.4__react@19.2.4/node_modules/next/dist/compiled/next-server/pages-api.runtime.prod.js:1:105856)
    at async tT.render (/app/node_modules/.pnpm/next@15.5.11_react-dom@19.2.4_react@19.2.4__react@19.2.4/node_modules/next/dist/compiled/next-server/pages-api.runtime.prod.js:1:106571)
    at async Module.m (/app/.next/server/pages/api/services/proxy.js:58:29770)
    at async NextNodeServer.runApi (/app/node_modules/.pnpm/next@15.5.11_react-dom@19.2.4_react@19.2.4__react@19.2.4/node_modules/next/dist/server/next-server.js:766:9)
    at async NextNodeServer.handleCatchallRenderRequest (/app/node_modules/.pnpm/next@15.5.11_react-dom@19.2.4_react@19.2.4__react@19.2.4/node_modules/next/dist/server/next-server.js:390:37)
    at async NextNodeServer.handleRequestImpl (/app/node_modules/.pnpm/next@15.5.11_react-dom@19.2.4_react@19.2.4__react@19.2.4/node_modules/next/dist/server/base-server.js:916:17)
    at async invokeRender (/app/node_modules/.pnpm/next@15.5.11_react-dom@19.2.4_react@19.2.4__react@19.2.4/node_modules/next/dist/server/lib/router-server.js:240:21)
[2026-03-17T06:52:07.583Z] error: <servicesProxy> TypeError: Invalid URL
    at new URL (node:internal/url:818:25)
    at l (/app/.next/server/pages/api/services/proxy.js:41:21049)
    at async l (/app/.next/server/pages/api/services/proxy.js:41:19184)
    at async tA (/app/node_modules/.pnpm/next@15.5.11_react-dom@19.2.4_react@19.2.4__react@19.2.4/node_modules/next/dist/compiled/next-server/pages-api.runtime.prod.js:1:105856)
    at async tT.render (/app/node_modules/.pnpm/next@15.5.11_react-dom@19.2.4_react@19.2.4__react@19.2.4/node_modules/next/dist/compiled/next-server/pages-api.runtime.prod.js:1:106571)
    at async Module.m (/app/.next/server/pages/api/services/proxy.js:58:29770)
    at async NextNodeServer.runApi (/app/node_modules/.pnpm/next@15.5.11_react-dom@19.2.4_react@19.2.4__react@19.2.4/node_modules/next/dist/server/next-server.js:766:9)
    at async NextNodeServer.handleCatchallRenderRequest (/app/node_modules/.pnpm/next@15.5.11_react-dom@19.2.4_react@19.2.4__react@19.2.4/node_modules/next/dist/server/next-server.js:390:37)
    at async NextNodeServer.handleRequestImpl (/app/node_modules/.pnpm/next@15.5.11_react-dom@19.2.4_react@19.2.4__react@19.2.4/node_modules/next/dist/server/base-server.js:916:17)
    at async invokeRender (/app/node_modules/.pnpm/next@15.5.11_react-dom@19.2.4_react@19.2.4__react@19.2.4/node_modules/next/dist/server/lib/router-server.js:240:21)
[2026-03-17T06:52:07.642Z] error: <servicesProxy> TypeError: Invalid URL
    at new URL (node:internal/url:818:25)
    at l (/app/.next/server/pages/api/services/proxy.js:41:21049)
    at async l (/app/.next/server/pages/api/services/proxy.js:41:19184)
    at async tA (/app/node_modules/.pnpm/next@15.5.11_react-dom@19.2.4_react@19.2.4__react@19.2.4/node_modules/next/dist/compiled/next-server/pages-api.runtime.prod.js:1:105856)
    at async tT.render (/app/node_modules/.pnpm/next@15.5.11_react-dom@19.2.4_react@19.2.4__react@19.2.4/node_modules/next/dist/compiled/next-server/pages-api.runtime.prod.js:1:106571)
    at async Module.m (/app/.next/server/pages/api/services/proxy.js:58:29770)
    at async NextNodeServer.runApi (/app/node_modules/.pnpm/next@15.5.11_react-dom@19.2.4_react@19.2.4__react@19.2.4/node_modules/next/dist/server/next-server.js:766:9)
    at async NextNodeServer.handleCatchallRenderRequest (/app/node_modules/.pnpm/next@15.5.11_react-dom@19.2.4_react@19.2.4__react@19.2.4/node_modules/next/dist/server/next-server.js:390:37)
    at async NextNodeServer.handleRequestImpl (/app/node_modules/.pnpm/next@15.5.11_react-dom@19.2.4_react@19.2.4__react@19.2.4/node_modules/next/dist/server/base-server.js:916:17)
    at async invokeRender (/app/node_modules/.pnpm/next@15.5.11_react-dom@19.2.4_react@19.2.4__react@19.2.4/node_modules/next/dist/server/lib/router-server.js:240:21)
[2026-03-17T06:52:08.509Z] error: <servicesProxy> TypeError: Invalid URL
    at new URL (node:internal/url:818:25)
    at l (/app/.next/server/pages/api/services/proxy.js:41:21049)
    at async l (/app/.next/server/pages/api/services/proxy.js:41:19184)
    at async tA (/app/node_modules/.pnpm/next@15.5.11_react-dom@19.2.4_react@19.2.4__react@19.2.4/node_modules/next/dist/compiled/next-server/pages-api.runtime.prod.js:1:105856)
    at async tT.render (/app/node_modules/.pnpm/next@15.5.11_react-dom@19.2.4_react@19.2.4__react@19.2.4/node_modules/next/dist/compiled/next-server/pages-api.runtime.prod.js:1:106571)
    at async Module.m (/app/.next/server/pages/api/services/proxy.js:58:29770)
    at async NextNodeServer.runApi (/app/node_modules/.pnpm/next@15.5.11_react-dom@19.2.4_react@19.2.4__react@19.2.4/node_modules/next/dist/server/next-server.js:766:9)
    at async NextNodeServer.handleCatchallRenderRequest (/app/node_modules/.pnpm/next@15.5.11_react-dom@19.2.4_react@19.2.4__react@19.2.4/node_modules/next/dist/server/next-server.js:390:37)
    at async NextNodeServer.handleRequestImpl (/app/node_modules/.pnpm/next@15.5.11_react-dom@19.2.4_react@19.2.4__react@19.2.4/node_modules/next/dist/server/base-server.js:916:17)
    at async invokeRender (/app/node_modules/.pnpm/next@15.5.11_react-dom@19.2.4_react@19.2.4__react@19.2.4/node_modules/next/dist/server/lib/router-server.js:240:21)
[2026-03-17T06:52:08.607Z] error: <servicesProxy> TypeError: Invalid URL
    at new URL (node:internal/url:818:25)
    at l (/app/.next/server/pages/api/services/proxy.js:41:21049)
    at async l (/app/.next/server/pages/api/services/proxy.js:41:19184)
    at async tA (/app/node_modules/.pnpm/next@15.5.11_react-dom@19.2.4_react@19.2.4__react@19.2.4/node_modules/next/dist/compiled/next-server/pages-api.runtime.prod.js:1:105856)
    at async tT.render (/app/node_modules/.pnpm/next@15.5.11_react-dom@19.2.4_react@19.2.4__react@19.2.4/node_modules/next/dist/compiled/next-server/pages-api.runtime.prod.js:1:106571)
    at async Module.m (/app/.next/server/pages/api/services/proxy.js:58:29770)
    at async NextNodeServer.runApi (/app/node_modules/.pnpm/next@15.5.11_react-dom@19.2.4_react@19.2.4__react@19.2.4/node_modules/next/dist/server/next-server.js:766:9)
    at async NextNodeServer.handleCatchallRenderRequest (/app/node_modules/.pnpm/next@15.5.11_react-dom@19.2.4_react@19.2.4__react@19.2.4/node_modules/next/dist/server/next-server.js:390:37)
    at async NextNodeServer.handleRequestImpl (/app/node_modules/.pnpm/next@15.5.11_react-dom@19.2.4_react@19.2.4__react@19.2.4/node_modules/next/dist/server/base-server.js:916:17)
    at async invokeRender (/app/node_modules/.pnpm/next@15.5.11_react-dom@19.2.4_react@19.2.4__react@19.2.4/node_modules/next/dist/server/lib/router-server.js:240:21)
[2026-03-17T06:52:42.994Z] error: <servicesProxy> TypeError: Invalid URL
    at new URL (node:internal/url:818:25)
    at l (/app/.next/server/pages/api/services/proxy.js:41:21049)
    at async l (/app/.next/server/pages/api/services/proxy.js:41:19184)
    at async tA (/app/node_modules/.pnpm/next@15.5.11_react-dom@19.2.4_react@19.2.4__react@19.2.4/node_modules/next/dist/compiled/next-server/pages-api.runtime.prod.js:1:105856)
    at async tT.render (/app/node_modules/.pnpm/next@15.5.11_react-dom@19.2.4_react@19.2.4__react@19.2.4/node_modules/next/dist/compiled/next-server/pages-api.runtime.prod.js:1:106571)
    at async Module.m (/app/.next/server/pages/api/services/proxy.js:58:29770)
    at async NextNodeServer.runApi (/app/node_modules/.pnpm/next@15.5.11_react-dom@19.2.4_react@19.2.4__react@19.2.4/node_modules/next/dist/server/next-server.js:766:9)
    at async NextNodeServer.handleCatchallRenderRequest (/app/node_modules/.pnpm/next@15.5.11_react-dom@19.2.4_react@19.2.4__react@19.2.4/node_modules/next/dist/server/next-server.js:390:37)
    at async NextNodeServer.handleRequestImpl (/app/node_modules/.pnpm/next@15.5.11_react-dom@19.2.4_react@19.2.4__react@19.2.4/node_modules/next/dist/server/base-server.js:916:17)
    at async invokeRender (/app/node_modules/.pnpm/next@15.5.11_react-dom@19.2.4_react@19.2.4__react@19.2.4/node_modules/next/dist/server/lib/router-server.js:240:21)
[2026-03-17T06:52:43.036Z] error: <servicesProxy> TypeError: Invalid URL
    at new URL (node:internal/url:818:25)
    at l (/app/.next/server/pages/api/services/proxy.js:41:21049)
    at async l (/app/.next/server/pages/api/services/proxy.js:41:19184)
    at async tA (/app/node_modules/.pnpm/next@15.5.11_react-dom@19.2.4_react@19.2.4__react@19.2.4/node_modules/next/dist/compiled/next-server/pages-api.runtime.prod.js:1:105856)
    at async tT.render (/app/node_modules/.pnpm/next@15.5.11_react-dom@19.2.4_react@19.2.4__react@19.2.4/node_modules/next/dist/compiled/next-server/pages-api.runtime.prod.js:1:106571)
    at async Module.m (/app/.next/server/pages/api/services/proxy.js:58:29770)
    at async NextNodeServer.runApi (/app/node_modules/.pnpm/next@15.5.11_react-dom@19.2.4_react@19.2.4__react@19.2.4/node_modules/next/dist/server/next-server.js:766:9)
    at async NextNodeServer.handleCatchallRenderRequest (/app/node_modules/.pnpm/next@15.5.11_react-dom@19.2.4_react@19.2.4__react@19.2.4/node_modules/next/dist/server/next-server.js:390:37)
    at async NextNodeServer.handleRequestImpl (/app/node_modules/.pnpm/next@15.5.11_react-dom@19.2.4_react@19.2.4__react@19.2.4/node_modules/next/dist/server/base-server.js:916:17)
    at async invokeRender (/app/node_modules/.pnpm/next@15.5.11_react-dom@19.2.4_react@19.2.4__react@19.2.4/node_modules/next/dist/server/lib/router-server.js:240:21)
[2026-03-17T06:53:02.743Z] error: <servicesProxy> TypeError: d.replace is not a function
    at d (/app/.next/server/chunks/7418.js:1:4778)
    at String.replace (<anonymous>)
    at d (/app/.next/server/chunks/7418.js:1:4826)
    at l (/app/.next/server/pages/api/services/proxy.js:41:21065)
    at async l (/app/.next/server/pages/api/services/proxy.js:41:19184)
    at async tA (/app/node_modules/.pnpm/next@15.5.11_react-dom@19.2.4_react@19.2.4__react@19.2.4/node_modules/next/dist/compiled/next-server/pages-api.runtime.prod.js:1:105856)
    at async tT.render (/app/node_modules/.pnpm/next@15.5.11_react-dom@19.2.4_react@19.2.4__react@19.2.4/node_modules/next/dist/compiled/next-server/pages-api.runtime.prod.js:1:106571)
    at async Module.m (/app/.next/server/pages/api/services/proxy.js:58:29770)
    at async NextNodeServer.runApi (/app/node_modules/.pnpm/next@15.5.11_react-dom@19.2.4_react@19.2.4__react@19.2.4/node_modules/next/dist/server/next-server.js:766:9)
    at async NextNodeServer.handleCatchallRenderRequest (/app/node_modules/.pnpm/next@15.5.11_react-dom@19.2.4_react@19.2.4__react@19.2.4/node_modules/next/dist/server/next-server.js:390:37)
[2026-03-17T06:53:02.783Z] error: <servicesProxy> TypeError: d.replace is not a function
    at d (/app/.next/server/chunks/7418.js:1:4778)
    at String.replace (<anonymous>)
    at d (/app/.next/server/chunks/7418.js:1:4826)
    at l (/app/.next/server/pages/api/services/proxy.js:41:21065)
    at async l (/app/.next/server/pages/api/services/proxy.js:41:19184)
    at async tA (/app/node_modules/.pnpm/next@15.5.11_react-dom@19.2.4_react@19.2.4__react@19.2.4/node_modules/next/dist/compiled/next-server/pages-api.runtime.prod.js:1:105856)
    at async tT.render (/app/node_modules/.pnpm/next@15.5.11_react-dom@19.2.4_react@19.2.4__react@19.2.4/node_modules/next/dist/compiled/next-server/pages-api.runtime.prod.js:1:106571)
    at async Module.m (/app/.next/server/pages/api/services/proxy.js:58:29770)
    at async NextNodeServer.runApi (/app/node_modules/.pnpm/next@15.5.11_react-dom@19.2.4_react@19.2.4__react@19.2.4/node_modules/next/dist/server/next-server.js:766:9)
    at async NextNodeServer.handleCatchallRenderRequest (/app/node_modules/.pnpm/next@15.5.11_react-dom@19.2.4_react@19.2.4__react@19.2.4/node_modules/next/dist/server/next-server.js:390:37)
[2026-03-17T06:53:03.785Z] error: <servicesProxy> TypeError: d.replace is not a function
    at d (/app/.next/server/chunks/7418.js:1:4778)
    at String.replace (<anonymous>)
    at d (/app/.next/server/chunks/7418.js:1:4826)
    at l (/app/.next/server/pages/api/services/proxy.js:41:21065)
    at async l (/app/.next/server/pages/api/services/proxy.js:41:19184)
    at async tA (/app/node_modules/.pnpm/next@15.5.11_react-dom@19.2.4_react@19.2.4__react@19.2.4/node_modules/next/dist/compiled/next-server/pages-api.runtime.prod.js:1:105856)
    at async tT.render (/app/node_modules/.pnpm/next@15.5.11_react-dom@19.2.4_react@19.2.4__react@19.2.4/node_modules/next/dist/compiled/next-server/pages-api.runtime.prod.js:1:106571)
    at async Module.m (/app/.next/server/pages/api/services/proxy.js:58:29770)
    at async NextNodeServer.runApi (/app/node_modules/.pnpm/next@15.5.11_react-dom@19.2.4_react@19.2.4__react@19.2.4/node_modules/next/dist/server/next-server.js:766:9)
    at async NextNodeServer.handleCatchallRenderRequest (/app/node_modules/.pnpm/next@15.5.11_react-dom@19.2.4_react@19.2.4__react@19.2.4/node_modules/next/dist/server/next-server.js:390:37)
[2026-03-17T06:53:03.788Z] error: <servicesProxy> TypeError: d.replace is not a function
    at d (/app/.next/server/chunks/7418.js:1:4778)
    at String.replace (<anonymous>)
    at d (/app/.next/server/chunks/7418.js:1:4826)
    at l (/app/.next/server/pages/api/services/proxy.js:41:21065)
    at async l (/app/.next/server/pages/api/services/proxy.js:41:19184)
    at async tA (/app/node_modules/.pnpm/next@15.5.11_react-dom@19.2.4_react@19.2.4__react@19.2.4/node_modules/next/dist/compiled/next-server/pages-api.runtime.prod.js:1:105856)
    at async tT.render (/app/node_modules/.pnpm/next@15.5.11_react-dom@19.2.4_react@19.2.4__react@19.2.4/node_modules/next/dist/compiled/next-server/pages-api.runtime.prod.js:1:106571)
    at async Module.m (/app/.next/server/pages/api/services/proxy.js:58:29770)
    at async NextNodeServer.runApi (/app/node_modules/.pnpm/next@15.5.11_react-dom@19.2.4_react@19.2.4__react@19.2.4/node_modules/next/dist/server/next-server.js:766:9)
    at async NextNodeServer.handleCatchallRenderRequest (/app/node_modules/.pnpm/next@15.5.11_react-dom@19.2.4_react@19.2.4__react@19.2.4/node_modules/next/dist/server/next-server.js:390:37)
[2026-03-17T06:54:30.594Z] error: <httpProxy> Error calling http://localhost:8096/emby/Sessions...
[2026-03-17T06:54:30.595Z] error: <httpProxy> [ 500, [AggregateError: ] { code: 'ECONNREFUSED' } ]
[2026-03-17T06:54:30.595Z] error: <jellyfinProxyHandler> HTTP Error 500 calling http://localhost:8096/emby/Sessions?api_key=7c0d5732c0e342db8d7e6a926ba42a30
[2026-03-17T06:54:30.819Z] error: <httpProxy> Error calling http://localhost:8096/emby/Items/Counts...
[2026-03-17T06:54:30.820Z] error: <httpProxy> [ 500, [AggregateError: ] { code: 'ECONNREFUSED' } ]
[2026-03-17T06:54:30.820Z] error: <jellyfinProxyHandler> HTTP Error 500 calling http://localhost:8096/emby/Items/Counts?api_key=7c0d5732c0e342db8d7e6a926ba42a30
[2026-03-17T06:54:32.124Z] error: <httpProxy> Error calling http://localhost:8096/emby/Sessions...
[2026-03-17T06:54:32.125Z] error: <httpProxy> [ 500, [AggregateError: ] { code: 'ECONNREFUSED' } ]
[2026-03-17T06:54:32.125Z] error: <jellyfinProxyHandler> HTTP Error 500 calling http://localhost:8096/emby/Sessions?api_key=7c0d5732c0e342db8d7e6a926ba42a30
[2026-03-17T06:54:32.150Z] error: <httpProxy> Error calling http://localhost:8096/emby/Items/Counts...
[2026-03-17T06:54:32.151Z] error: <httpProxy> [ 500, [AggregateError: ] { code: 'ECONNREFUSED' } ]
[2026-03-17T06:54:32.152Z] error: <jellyfinProxyHandler> HTTP Error 500 calling http://localhost:8096/emby/Items/Counts?api_key=7c0d5732c0e342db8d7e6a926ba42a30
[2026-03-17T06:54:32.155Z] error: <httpProxy> Error calling http://localhost:8080/api/login...
[2026-03-17T06:54:32.156Z] error: <httpProxy> [ 500, [AggregateError: ] { code: 'ECONNREFUSED' } ]
[2026-03-17T06:54:32.156Z] error: <filebrowserProxyHandler> Unexpected status code 500 when logging in to Filebrowser API for service 'File Browser'
[2026-03-17T06:54:36.760Z] error: <httpProxy> Error calling http://localhost:8096/emby/Sessions...
[2026-03-17T06:54:36.761Z] error: <httpProxy> [ 500, [AggregateError: ] { code: 'ECONNREFUSED' } ]
[2026-03-17T06:54:36.761Z] error: <jellyfinProxyHandler> HTTP Error 500 calling http://localhost:8096/emby/Sessions?api_key=7c0d5732c0e342db8d7e6a926ba42a30
[2026-03-17T06:57:49.955Z] error: <httpProxy> Error calling http://localhost:8096/emby/Sessions...
[2026-03-17T06:57:49.956Z] error: <httpProxy> [ 500, [AggregateError: ] { code: 'ECONNREFUSED' } ]
[2026-03-17T06:57:49.956Z] error: <jellyfinProxyHandler> HTTP Error 500 calling http://localhost:8096/emby/Sessions?api_key=7c0d5732c0e342db8d7e6a926ba42a30
[2026-03-17T06:57:50.312Z] error: <httpProxy> Error calling http://localhost:8096/emby/Items/Counts...
[2026-03-17T06:57:50.313Z] error: <httpProxy> [ 500, [AggregateError: ] { code: 'ECONNREFUSED' } ]
[2026-03-17T06:57:50.313Z] error: <jellyfinProxyHandler> HTTP Error 500 calling http://localhost:8096/emby/Items/Counts?api_key=7c0d5732c0e342db8d7e6a926ba42a30
[2026-03-17T06:57:50.410Z] error: <httpProxy> Error calling http://localhost:8080/api/login...
[2026-03-17T06:57:50.411Z] error: <httpProxy> [ 500, [AggregateError: ] { code: 'ECONNREFUSED' } ]
[2026-03-17T06:57:50.411Z] error: <filebrowserProxyHandler> Unexpected status code 500 when logging in to Filebrowser API for service 'File Browser'
[2026-03-17T06:57:51.411Z] error: <httpProxy> Error calling http://localhost:8080/api/login...
[2026-03-17T06:57:51.412Z] error: <httpProxy> [ 500, [AggregateError: ] { code: 'ECONNREFUSED' } ]
[2026-03-17T06:57:51.412Z] error: <filebrowserProxyHandler> Unexpected status code 500 when logging in to Filebrowser API for service 'File Browser'
[2026-03-17T06:57:51.559Z] error: <httpProxy> Error calling http://localhost:8096/emby/Sessions...
[2026-03-17T06:57:51.560Z] error: <httpProxy> [ 500, [AggregateError: ] { code: 'ECONNREFUSED' } ]
[2026-03-17T06:57:51.560Z] error: <jellyfinProxyHandler> HTTP Error 500 calling http://localhost:8096/emby/Sessions?api_key=7c0d5732c0e342db8d7e6a926ba42a30
[2026-03-17T06:57:51.608Z] error: <httpProxy> Error calling http://localhost:8096/emby/Items/Counts...
[2026-03-17T06:57:51.609Z] error: <httpProxy> [ 500, [AggregateError: ] { code: 'ECONNREFUSED' } ]
[2026-03-17T06:57:51.610Z] error: <jellyfinProxyHandler> HTTP Error 500 calling http://localhost:8096/emby/Items/Counts?api_key=7c0d5732c0e342db8d7e6a926ba42a30
[2026-03-17T06:57:51.864Z] error: <httpProxy> Error calling https://localhost:9443/api/kubernetes/1/applications/count...
[2026-03-17T06:57:51.865Z] error: <httpProxy> [ 500, [AggregateError: ] { code: 'ECONNREFUSED' } ]
[2026-03-17T06:57:51.865Z] error: <credentialedProxyHandler> HTTP Error 500 calling https://localhost:9443/api/kubernetes/1/applications/count
[2026-03-17T06:57:51.960Z] error: <httpProxy> Error calling https://localhost:9443/api/kubernetes/1/services/count...
[2026-03-17T06:57:51.960Z] error: <httpProxy> [ 500, [AggregateError: ] { code: 'ECONNREFUSED' } ]
[2026-03-17T06:57:51.961Z] error: <credentialedProxyHandler> HTTP Error 500 calling https://localhost:9443/api/kubernetes/1/services/count
[2026-03-17T06:57:51.989Z] error: <httpProxy> Error calling https://localhost:9443/api/kubernetes/1/namespaces/count...
[2026-03-17T06:57:51.990Z] error: <httpProxy> [ 500, [AggregateError: ] { code: 'ECONNREFUSED' } ]
[2026-03-17T06:57:51.990Z] error: <credentialedProxyHandler> HTTP Error 500 calling https://localhost:9443/api/kubernetes/1/namespaces/count
[2026-03-17T06:59:09.440Z] error: <httpProxy> Error calling http://localhost:8096/emby/Sessions...
[2026-03-17T06:59:09.441Z] error: <httpProxy> [ 500, [AggregateError: ] { code: 'ECONNREFUSED' } ]
[2026-03-17T06:59:09.441Z] error: <jellyfinProxyHandler> HTTP Error 500 calling http://localhost:8096/emby/Sessions?api_key=7c0d5732c0e342db8d7e6a926ba42a30
[2026-03-17T06:59:09.776Z] error: <httpProxy> Error calling http://localhost:8080/api/login...
[2026-03-17T06:59:09.777Z] error: <httpProxy> [ 500, [AggregateError: ] { code: 'ECONNREFUSED' } ]
[2026-03-17T06:59:09.777Z] error: <filebrowserProxyHandler> Unexpected status code 500 when logging in to Filebrowser API for service 'File Browser'
[2026-03-17T06:59:09.829Z] error: <httpProxy> Error calling http://localhost:8096/emby/Items/Counts...
[2026-03-17T06:59:09.830Z] error: <httpProxy> [ 500, [AggregateError: ] { code: 'ECONNREFUSED' } ]
[2026-03-17T06:59:09.830Z] error: <jellyfinProxyHandler> HTTP Error 500 calling http://localhost:8096/emby/Items/Counts?api_key=7c0d5732c0e342db8d7e6a926ba42a30
[2026-03-17T06:59:09.875Z] error: <httpProxy> Error calling https://localhost:9443/api/kubernetes/1/applications/count...
[2026-03-17T06:59:09.876Z] error: <httpProxy> [ 500, [AggregateError: ] { code: 'ECONNREFUSED' } ]
[2026-03-17T06:59:09.876Z] error: <credentialedProxyHandler> HTTP Error 500 calling https://localhost:9443/api/kubernetes/1/applications/count
[2026-03-17T06:59:09.878Z] error: <httpProxy> Error calling https://localhost:9443/api/kubernetes/1/services/count...
[2026-03-17T06:59:09.879Z] error: <httpProxy> [ 500, [AggregateError: ] { code: 'ECONNREFUSED' } ]
[2026-03-17T06:59:09.879Z] error: <credentialedProxyHandler> HTTP Error 500 calling https://localhost:9443/api/kubernetes/1/services/count
[2026-03-17T06:59:09.968Z] error: <httpProxy> Error calling https://localhost:9443/api/kubernetes/1/namespaces/count...
[2026-03-17T06:59:09.969Z] error: <httpProxy> [ 500, [AggregateError: ] { code: 'ECONNREFUSED' } ]
[2026-03-17T06:59:09.969Z] error: <credentialedProxyHandler> HTTP Error 500 calling https://localhost:9443/api/kubernetes/1/namespaces/count
[2026-03-17T06:59:14.492Z] error: <httpProxy> Error calling http://localhost:8096/emby/Sessions...
[2026-03-17T06:59:14.493Z] error: <httpProxy> [ 500, [AggregateError: ] { code: 'ECONNREFUSED' } ]
[2026-03-17T06:59:14.493Z] error: <jellyfinProxyHandler> HTTP Error 500 calling http://localhost:8096/emby/Sessions?api_key=7c0d5732c0e342db8d7e6a926ba42a30
[2026-03-17T07:00:02.324Z] error: <httpProxy> Error calling http://localhost:8080/api/login...
[2026-03-17T07:00:02.325Z] error: <httpProxy> [ 500, [AggregateError: ] { code: 'ECONNREFUSED' } ]
[2026-03-17T07:00:02.325Z] error: <filebrowserProxyHandler> Unexpected status code 500 when logging in to Filebrowser API for service 'File Browser'
[2026-03-17T07:00:02.340Z] error: <httpProxy> Error calling https://localhost:9443/api/kubernetes/1/services/count...
[2026-03-17T07:00:02.341Z] error: <httpProxy> [ 500, [AggregateError: ] { code: 'ECONNREFUSED' } ]
[2026-03-17T07:00:02.341Z] error: <credentialedProxyHandler> HTTP Error 500 calling https://localhost:9443/api/kubernetes/1/services/count
[2026-03-17T07:00:02.363Z] error: <httpProxy> Error calling https://localhost:9443/api/kubernetes/1/applications/count...
[2026-03-17T07:00:02.363Z] error: <httpProxy> [ 500, [AggregateError: ] { code: 'ECONNREFUSED' } ]
[2026-03-17T07:00:02.364Z] error: <credentialedProxyHandler> HTTP Error 500 calling https://localhost:9443/api/kubernetes/1/applications/count
[2026-03-17T07:00:02.372Z] error: <httpProxy> Error calling https://localhost:9443/api/kubernetes/1/namespaces/count...
[2026-03-17T07:00:02.373Z] error: <httpProxy> [ 500, [AggregateError: ] { code: 'ECONNREFUSED' } ]
[2026-03-17T07:00:02.373Z] error: <credentialedProxyHandler> HTTP Error 500 calling https://localhost:9443/api/kubernetes/1/namespaces/count
[2026-03-17T07:00:02.554Z] error: <httpProxy> Error calling http://localhost:8096/emby/Sessions...
[2026-03-17T07:00:02.555Z] error: <httpProxy> [ 500, [AggregateError: ] { code: 'ECONNREFUSED' } ]
[2026-03-17T07:00:02.556Z] error: <jellyfinProxyHandler> HTTP Error 500 calling http://localhost:8096/emby/Sessions?api_key=7c0d5732c0e342db8d7e6a926ba42a30
[2026-03-17T07:00:02.560Z] error: <httpProxy> Error calling http://localhost:8096/emby/Items/Counts...
[2026-03-17T07:00:02.560Z] error: <httpProxy> [ 500, [AggregateError: ] { code: 'ECONNREFUSED' } ]
[2026-03-17T07:00:02.561Z] error: <jellyfinProxyHandler> HTTP Error 500 calling http://localhost:8096/emby/Items/Counts?api_key=7c0d5732c0e342db8d7e6a926ba42a30
[2026-03-17T07:00:04.256Z] error: <httpProxy> Error calling https://localhost:9443/api/kubernetes/1/applications/count...
[2026-03-17T07:00:04.257Z] error: <httpProxy> [ 500, [AggregateError: ] { code: 'ECONNREFUSED' } ]
[2026-03-17T07:00:04.257Z] error: <credentialedProxyHandler> HTTP Error 500 calling https://localhost:9443/api/kubernetes/1/applications/count
[2026-03-17T07:00:04.277Z] error: <httpProxy> Error calling https://localhost:9443/api/kubernetes/1/services/count...
[2026-03-17T07:00:04.277Z] error: <httpProxy> [ 500, [AggregateError: ] { code: 'ECONNREFUSED' } ]
[2026-03-17T07:00:04.277Z] error: <credentialedProxyHandler> HTTP Error 500 calling https://localhost:9443/api/kubernetes/1/services/count
[2026-03-17T07:00:04.278Z] error: <httpProxy> Error calling https://localhost:9443/api/kubernetes/1/namespaces/count...
[2026-03-17T07:00:04.278Z] error: <httpProxy> [ 500, [AggregateError: ] { code: 'ECONNREFUSED' } ]
[2026-03-17T07:00:04.278Z] error: <credentialedProxyHandler> HTTP Error 500 calling https://localhost:9443/api/kubernetes/1/namespaces/count
[2026-03-17T07:00:04.303Z] error: <httpProxy> Error calling http://localhost:8096/emby/Sessions...
[2026-03-17T07:00:04.304Z] error: <httpProxy> [ 500, [AggregateError: ] { code: 'ECONNREFUSED' } ]
[2026-03-17T07:00:04.304Z] error: <jellyfinProxyHandler> HTTP Error 500 calling http://localhost:8096/emby/Sessions?api_key=7c0d5732c0e342db8d7e6a926ba42a30
[2026-03-17T07:00:04.305Z] error: <httpProxy> Error calling http://localhost:8096/emby/Items/Counts...
[2026-03-17T07:00:04.305Z] error: <httpProxy> [ 500, [AggregateError: ] { code: 'ECONNREFUSED' } ]
[2026-03-17T07:00:04.305Z] error: <jellyfinProxyHandler> HTTP Error 500 calling http://localhost:8096/emby/Items/Counts?api_key=7c0d5732c0e342db8d7e6a926ba42a30
[2026-03-17T07:00:04.323Z] error: <httpProxy> Error calling http://localhost:8080/api/login...
[2026-03-17T07:00:04.324Z] error: <httpProxy> [ 500, [AggregateError: ] { code: 'ECONNREFUSED' } ]
[2026-03-17T07:00:04.324Z] error: <filebrowserProxyHandler> Unexpected status code 500 when logging in to Filebrowser API for service 'File Browser'
[2026-03-17T07:00:49.340Z] error: <httpProxy> Error calling https://localhost:9443/api/kubernetes/1/applications/count...
[2026-03-17T07:00:49.341Z] error: <httpProxy> [ 500, [AggregateError: ] { code: 'ECONNREFUSED' } ]
[2026-03-17T07:00:49.341Z] error: <credentialedProxyHandler> HTTP Error 500 calling https://localhost:9443/api/kubernetes/1/applications/count
[2026-03-17T07:00:49.426Z] error: <httpProxy> Error calling https://localhost:9443/api/kubernetes/1/namespaces/count...
[2026-03-17T07:00:49.427Z] error: <httpProxy> [ 500, [AggregateError: ] { code: 'ECONNREFUSED' } ]
[2026-03-17T07:00:49.427Z] error: <credentialedProxyHandler> HTTP Error 500 calling https://localhost:9443/api/kubernetes/1/namespaces/count
[2026-03-17T07:00:49.434Z] error: <httpProxy> Error calling https://localhost:9443/api/kubernetes/1/services/count...
[2026-03-17T07:00:49.435Z] error: <httpProxy> [ 500, [AggregateError: ] { code: 'ECONNREFUSED' } ]
[2026-03-17T07:00:49.435Z] error: <credentialedProxyHandler> HTTP Error 500 calling https://localhost:9443/api/kubernetes/1/services/count
[2026-03-17T07:00:49.474Z] error: <httpProxy> Error calling http://localhost:8096/emby/Sessions...
[2026-03-17T07:00:49.475Z] error: <httpProxy> [ 500, [AggregateError: ] { code: 'ECONNREFUSED' } ]
[2026-03-17T07:00:49.475Z] error: <jellyfinProxyHandler> HTTP Error 500 calling http://localhost:8096/emby/Sessions?api_key=7c0d5732c0e342db8d7e6a926ba42a30
[2026-03-17T07:00:49.489Z] error: <httpProxy> Error calling http://localhost:8096/emby/Items/Counts...
[2026-03-17T07:00:49.490Z] error: <httpProxy> [ 500, [AggregateError: ] { code: 'ECONNREFUSED' } ]
[2026-03-17T07:00:49.490Z] error: <jellyfinProxyHandler> HTTP Error 500 calling http://localhost:8096/emby/Items/Counts?api_key=7c0d5732c0e342db8d7e6a926ba42a30
[2026-03-17T07:00:49.608Z] error: <httpProxy> Error calling http://localhost:8080/api/login...
[2026-03-17T07:00:49.609Z] error: <httpProxy> [ 500, [AggregateError: ] { code: 'ECONNREFUSED' } ]
[2026-03-17T07:00:49.609Z] error: <filebrowserProxyHandler> Unexpected status code 500 when logging in to Filebrowser API for service 'File Browser'
[2026-03-17T07:00:50.587Z] error: <httpProxy> Error calling https://localhost:9443/api/kubernetes/1/applications/count...
[2026-03-17T07:00:50.588Z] error: <httpProxy> [ 500, [AggregateError: ] { code: 'ECONNREFUSED' } ]
[2026-03-17T07:00:50.589Z] error: <credentialedProxyHandler> HTTP Error 500 calling https://localhost:9443/api/kubernetes/1/applications/count
[2026-03-17T07:00:50.663Z] error: <httpProxy> Error calling https://localhost:9443/api/kubernetes/1/services/count...
[2026-03-17T07:00:50.664Z] error: <httpProxy> [ 500, [AggregateError: ] { code: 'ECONNREFUSED' } ]
[2026-03-17T07:00:50.664Z] error: <credentialedProxyHandler> HTTP Error 500 calling https://localhost:9443/api/kubernetes/1/services/count
[2026-03-17T07:00:50.670Z] error: <httpProxy> Error calling https://localhost:9443/api/kubernetes/1/namespaces/count...
[2026-03-17T07:00:50.670Z] error: <httpProxy> [ 500, [AggregateError: ] { code: 'ECONNREFUSED' } ]
[2026-03-17T07:00:50.670Z] error: <credentialedProxyHandler> HTTP Error 500 calling https://localhost:9443/api/kubernetes/1/namespaces/count
[2026-03-17T07:00:50.704Z] error: <httpProxy> Error calling http://localhost:8080/api/login...
[2026-03-17T07:00:50.705Z] error: <httpProxy> [ 500, [AggregateError: ] { code: 'ECONNREFUSED' } ]
[2026-03-17T07:00:50.705Z] error: <filebrowserProxyHandler> Unexpected status code 500 when logging in to Filebrowser API for service 'File Browser'
[2026-03-17T07:00:50.742Z] error: <httpProxy> Error calling http://localhost:8096/emby/Sessions...
[2026-03-17T07:00:50.743Z] error: <httpProxy> [ 500, [AggregateError: ] { code: 'ECONNREFUSED' } ]
[2026-03-17T07:00:50.744Z] error: <jellyfinProxyHandler> HTTP Error 500 calling http://localhost:8096/emby/Sessions?api_key=7c0d5732c0e342db8d7e6a926ba42a30
[2026-03-17T07:00:50.745Z] error: <httpProxy> Error calling http://localhost:8096/emby/Items/Counts...
[2026-03-17T07:00:50.746Z] error: <httpProxy> [ 500, [AggregateError: ] { code: 'ECONNREFUSED' } ]
[2026-03-17T07:00:50.746Z] error: <jellyfinProxyHandler> HTTP Error 500 calling http://localhost:8096/emby/Items/Counts?api_key=7c0d5732c0e342db8d7e6a926ba42a30
[2026-03-17T07:01:03.110Z] error: <httpProxy> Error calling https://localhost:9443/api/kubernetes/1/applications/count...
[2026-03-17T07:01:03.111Z] error: <httpProxy> [ 500, [AggregateError: ] { code: 'ECONNREFUSED' } ]
[2026-03-17T07:01:03.112Z] error: <credentialedProxyHandler> HTTP Error 500 calling https://localhost:9443/api/kubernetes/1/applications/count
[2026-03-17T07:01:03.145Z] error: <httpProxy> Error calling https://localhost:9443/api/kubernetes/1/services/count...
[2026-03-17T07:01:03.146Z] error: <httpProxy> [ 500, [AggregateError: ] { code: 'ECONNREFUSED' } ]
[2026-03-17T07:01:03.147Z] error: <credentialedProxyHandler> HTTP Error 500 calling https://localhost:9443/api/kubernetes/1/services/count
[2026-03-17T07:01:03.154Z] error: <httpProxy> Error calling https://localhost:9443/api/kubernetes/1/namespaces/count...
[2026-03-17T07:01:03.154Z] error: <httpProxy> [ 500, [AggregateError: ] { code: 'ECONNREFUSED' } ]
[2026-03-17T07:01:03.155Z] error: <credentialedProxyHandler> HTTP Error 500 calling https://localhost:9443/api/kubernetes/1/namespaces/count
[2026-03-17T07:01:03.191Z] error: <httpProxy> Error calling http://localhost:8080/api/login...
[2026-03-17T07:01:03.192Z] error: <httpProxy> [ 500, [AggregateError: ] { code: 'ECONNREFUSED' } ]
[2026-03-17T07:01:03.192Z] error: <filebrowserProxyHandler> Unexpected status code 500 when logging in to Filebrowser API for service 'File Browser'
[2026-03-17T07:01:03.194Z] error: <httpProxy> Error calling http://localhost:8096/emby/Sessions...
[2026-03-17T07:01:03.195Z] error: <httpProxy> [ 500, [AggregateError: ] { code: 'ECONNREFUSED' } ]
[2026-03-17T07:01:03.195Z] error: <jellyfinProxyHandler> HTTP Error 500 calling http://localhost:8096/emby/Sessions?api_key=7c0d5732c0e342db8d7e6a926ba42a30
[2026-03-17T07:01:03.261Z] error: <httpProxy> Error calling http://localhost:8096/emby/Items/Counts...
[2026-03-17T07:01:03.262Z] error: <httpProxy> [ 500, [AggregateError: ] { code: 'ECONNREFUSED' } ]
[2026-03-17T07:01:03.262Z] error: <jellyfinProxyHandler> HTTP Error 500 calling http://localhost:8096/emby/Items/Counts?api_key=7c0d5732c0e342db8d7e6a926ba42a30
[2026-03-17T07:01:04.292Z] error: <httpProxy> Error calling https://localhost:9443/api/kubernetes/1/applications/count...
[2026-03-17T07:01:04.293Z] error: <httpProxy> [ 500, [AggregateError: ] { code: 'ECONNREFUSED' } ]
[2026-03-17T07:01:04.293Z] error: <credentialedProxyHandler> HTTP Error 500 calling https://localhost:9443/api/kubernetes/1/applications/count
[2026-03-17T07:01:04.297Z] error: <httpProxy> Error calling https://localhost:9443/api/kubernetes/1/services/count...
[2026-03-17T07:01:04.298Z] error: <httpProxy> [ 500, [AggregateError: ] { code: 'ECONNREFUSED' } ]
[2026-03-17T07:01:04.298Z] error: <credentialedProxyHandler> HTTP Error 500 calling https://localhost:9443/api/kubernetes/1/services/count
[2026-03-17T07:01:04.337Z] error: <httpProxy> Error calling https://localhost:9443/api/kubernetes/1/namespaces/count...
[2026-03-17T07:01:04.338Z] error: <httpProxy> [ 500, [AggregateError: ] { code: 'ECONNREFUSED' } ]
[2026-03-17T07:01:04.338Z] error: <credentialedProxyHandler> HTTP Error 500 calling https://localhost:9443/api/kubernetes/1/namespaces/count
[2026-03-17T07:01:04.343Z] error: <httpProxy> Error calling http://localhost:8080/api/login...
[2026-03-17T07:01:04.343Z] error: <httpProxy> [ 500, [AggregateError: ] { code: 'ECONNREFUSED' } ]
[2026-03-17T07:01:04.344Z] error: <filebrowserProxyHandler> Unexpected status code 500 when logging in to Filebrowser API for service 'File Browser'
[2026-03-17T07:01:04.377Z] error: <httpProxy> Error calling http://localhost:8096/emby/Sessions...
[2026-03-17T07:01:04.377Z] error: <httpProxy> [ 500, [AggregateError: ] { code: 'ECONNREFUSED' } ]
[2026-03-17T07:01:04.378Z] error: <jellyfinProxyHandler> HTTP Error 500 calling http://localhost:8096/emby/Sessions?api_key=7c0d5732c0e342db8d7e6a926ba42a30
[2026-03-17T07:01:04.380Z] error: <httpProxy> Error calling http://localhost:8096/emby/Items/Counts...
[2026-03-17T07:01:04.381Z] error: <httpProxy> [ 500, [AggregateError: ] { code: 'ECONNREFUSED' } ]
[2026-03-17T07:01:04.381Z] error: <jellyfinProxyHandler> HTTP Error 500 calling http://localhost:8096/emby/Items/Counts?api_key=7c0d5732c0e342db8d7e6a926ba42a30
[2026-03-17T07:01:08.899Z] error: <httpProxy> Error calling http://localhost:8096/emby/Sessions...
[2026-03-17T07:01:08.900Z] error: <httpProxy> [ 500, [AggregateError: ] { code: 'ECONNREFUSED' } ]
[2026-03-17T07:01:08.900Z] error: <jellyfinProxyHandler> HTTP Error 500 calling http://localhost:8096/emby/Sessions?api_key=7c0d5732c0e342db8d7e6a926ba42a30
[2026-03-17T07:01:14.367Z] error: <httpProxy> Error calling https://localhost:9443/api/kubernetes/1/applications/count...
[2026-03-17T07:01:14.367Z] error: <httpProxy> [ 500, [AggregateError: ] { code: 'ECONNREFUSED' } ]
[2026-03-17T07:01:14.368Z] error: <credentialedProxyHandler> HTTP Error 500 calling https://localhost:9443/api/kubernetes/1/applications/count
[2026-03-17T07:01:14.412Z] error: <httpProxy> Error calling https://localhost:9443/api/kubernetes/1/services/count...
[2026-03-17T07:01:14.413Z] error: <httpProxy> [ 500, [AggregateError: ] { code: 'ECONNREFUSED' } ]
[2026-03-17T07:01:14.413Z] error: <credentialedProxyHandler> HTTP Error 500 calling https://localhost:9443/api/kubernetes/1/services/count
[2026-03-17T07:01:14.462Z] error: <httpProxy> Error calling https://localhost:9443/api/kubernetes/1/namespaces/count...
[2026-03-17T07:01:14.462Z] error: <httpProxy> [ 500, [AggregateError: ] { code: 'ECONNREFUSED' } ]
[2026-03-17T07:01:14.463Z] error: <credentialedProxyHandler> HTTP Error 500 calling https://localhost:9443/api/kubernetes/1/namespaces/count
[2026-03-17T07:01:14.464Z] error: <httpProxy> Error calling http://localhost:8080/api/login...
[2026-03-17T07:01:14.465Z] error: <httpProxy> [ 500, [AggregateError: ] { code: 'ECONNREFUSED' } ]
[2026-03-17T07:01:14.465Z] error: <filebrowserProxyHandler> Unexpected status code 500 when logging in to Filebrowser API for service 'File Browser'
[2026-03-17T07:01:14.503Z] error: <httpProxy> Error calling http://localhost:8096/emby/Sessions...
[2026-03-17T07:01:14.504Z] error: <httpProxy> [ 500, [AggregateError: ] { code: 'ECONNREFUSED' } ]
[2026-03-17T07:01:14.504Z] error: <jellyfinProxyHandler> HTTP Error 500 calling http://localhost:8096/emby/Sessions?api_key=7c0d5732c0e342db8d7e6a926ba42a30
[2026-03-17T07:01:14.505Z] error: <httpProxy> Error calling http://localhost:8096/emby/Items/Counts...
[2026-03-17T07:01:14.506Z] error: <httpProxy> [ 500, [AggregateError: ] { code: 'ECONNREFUSED' } ]
[2026-03-17T07:01:14.506Z] error: <jellyfinProxyHandler> HTTP Error 500 calling http://localhost:8096/emby/Items/Counts?api_key=7c0d5732c0e342db8d7e6a926ba42a30
[2026-03-17T07:01:15.415Z] error: <httpProxy> Error calling https://localhost:9443/api/kubernetes/1/applications/count...
[2026-03-17T07:01:15.416Z] error: <httpProxy> [ 500, [AggregateError: ] { code: 'ECONNREFUSED' } ]
[2026-03-17T07:01:15.416Z] error: <credentialedProxyHandler> HTTP Error 500 calling https://localhost:9443/api/kubernetes/1/applications/count
[2026-03-17T07:01:15.421Z] error: <httpProxy> Error calling https://localhost:9443/api/kubernetes/1/services/count...
[2026-03-17T07:01:15.422Z] error: <httpProxy> [ 500, [AggregateError: ] { code: 'ECONNREFUSED' } ]
[2026-03-17T07:01:15.422Z] error: <credentialedProxyHandler> HTTP Error 500 calling https://localhost:9443/api/kubernetes/1/services/count
[2026-03-17T07:01:15.474Z] error: <httpProxy> Error calling https://localhost:9443/api/kubernetes/1/namespaces/count...
[2026-03-17T07:01:15.475Z] error: <httpProxy> [ 500, [AggregateError: ] { code: 'ECONNREFUSED' } ]
[2026-03-17T07:01:15.475Z] error: <credentialedProxyHandler> HTTP Error 500 calling https://localhost:9443/api/kubernetes/1/namespaces/count
[2026-03-17T07:01:15.487Z] error: <httpProxy> Error calling http://localhost:8080/api/login...
[2026-03-17T07:01:15.488Z] error: <httpProxy> [ 500, [AggregateError: ] { code: 'ECONNREFUSED' } ]
[2026-03-17T07:01:15.488Z] error: <filebrowserProxyHandler> Unexpected status code 500 when logging in to Filebrowser API for service 'File Browser'
[2026-03-17T07:01:15.524Z] error: <httpProxy> Error calling http://localhost:8096/emby/Sessions...
[2026-03-17T07:01:15.525Z] error: <httpProxy> [ 500, [AggregateError: ] { code: 'ECONNREFUSED' } ]
[2026-03-17T07:01:15.528Z] error: <jellyfinProxyHandler> HTTP Error 500 calling http://localhost:8096/emby/Sessions?api_key=7c0d5732c0e342db8d7e6a926ba42a30
[2026-03-17T07:01:15.536Z] error: <httpProxy> Error calling http://localhost:8096/emby/Items/Counts...
[2026-03-17T07:01:15.538Z] error: <httpProxy> [ 500, [AggregateError: ] { code: 'ECONNREFUSED' } ]
[2026-03-17T07:01:15.539Z] error: <jellyfinProxyHandler> HTTP Error 500 calling http://localhost:8096/emby/Items/Counts?api_key=7c0d5732c0e342db8d7e6a926ba42a30
[2026-03-17T07:01:49.324Z] error: <httpProxy> Error calling https://localhost:9443/api/kubernetes/1/applications/count...
[2026-03-17T07:01:49.325Z] error: <httpProxy> [ 500, [AggregateError: ] { code: 'ECONNREFUSED' } ]
[2026-03-17T07:01:49.325Z] error: <credentialedProxyHandler> HTTP Error 500 calling https://localhost:9443/api/kubernetes/1/applications/count
[2026-03-17T07:01:49.387Z] error: <httpProxy> Error calling https://localhost:9443/api/kubernetes/1/services/count...
[2026-03-17T07:01:49.389Z] error: <httpProxy> [ 500, [AggregateError: ] { code: 'ECONNREFUSED' } ]
[2026-03-17T07:01:49.389Z] error: <credentialedProxyHandler> HTTP Error 500 calling https://localhost:9443/api/kubernetes/1/services/count
[2026-03-17T07:01:49.424Z] error: <httpProxy> Error calling https://localhost:9443/api/kubernetes/1/namespaces/count...
[2026-03-17T07:01:49.425Z] error: <httpProxy> [ 500, [AggregateError: ] { code: 'ECONNREFUSED' } ]
[2026-03-17T07:01:49.425Z] error: <credentialedProxyHandler> HTTP Error 500 calling https://localhost:9443/api/kubernetes/1/namespaces/count
[2026-03-17T07:01:49.428Z] error: <httpProxy> Error calling http://localhost:8080/api/login...
[2026-03-17T07:01:49.429Z] error: <httpProxy> [ 500, [AggregateError: ] { code: 'ECONNREFUSED' } ]
[2026-03-17T07:01:49.429Z] error: <filebrowserProxyHandler> Unexpected status code 500 when logging in to Filebrowser API for service 'File Browser'
[2026-03-17T07:01:49.470Z] error: <httpProxy> Error calling http://localhost:8096/emby/Sessions...
[2026-03-17T07:01:49.471Z] error: <httpProxy> [ 500, [AggregateError: ] { code: 'ECONNREFUSED' } ]
[2026-03-17T07:01:49.471Z] error: <jellyfinProxyHandler> HTTP Error 500 calling http://localhost:8096/emby/Sessions?api_key=7c0d5732c0e342db8d7e6a926ba42a30
[2026-03-17T07:01:49.475Z] error: <httpProxy> Error calling http://localhost:8096/emby/Items/Counts...
[2026-03-17T07:01:49.476Z] error: <httpProxy> [ 500, [AggregateError: ] { code: 'ECONNREFUSED' } ]
[2026-03-17T07:01:49.476Z] error: <jellyfinProxyHandler> HTTP Error 500 calling http://localhost:8096/emby/Items/Counts?api_key=7c0d5732c0e342db8d7e6a926ba42a30
[2026-03-17T07:01:50.626Z] error: <httpProxy> Error calling https://localhost:9443/api/kubernetes/1/applications/count...
[2026-03-17T07:01:50.627Z] error: <httpProxy> [ 500, [AggregateError: ] { code: 'ECONNREFUSED' } ]
[2026-03-17T07:01:50.627Z] error: <credentialedProxyHandler> HTTP Error 500 calling https://localhost:9443/api/kubernetes/1/applications/count
[2026-03-17T07:01:50.629Z] error: <httpProxy> Error calling https://localhost:9443/api/kubernetes/1/services/count...
[2026-03-17T07:01:50.630Z] error: <httpProxy> [ 500, [AggregateError: ] { code: 'ECONNREFUSED' } ]
[2026-03-17T07:01:50.630Z] error: <credentialedProxyHandler> HTTP Error 500 calling https://localhost:9443/api/kubernetes/1/services/count
[2026-03-17T07:01:50.664Z] error: <httpProxy> Error calling https://localhost:9443/api/kubernetes/1/namespaces/count...
[2026-03-17T07:01:50.664Z] error: <httpProxy> [ 500, [AggregateError: ] { code: 'ECONNREFUSED' } ]
[2026-03-17T07:01:50.665Z] error: <credentialedProxyHandler> HTTP Error 500 calling https://localhost:9443/api/kubernetes/1/namespaces/count
[2026-03-17T07:01:50.666Z] error: <httpProxy> Error calling http://localhost:8080/api/login...
[2026-03-17T07:01:50.667Z] error: <httpProxy> [ 500, [AggregateError: ] { code: 'ECONNREFUSED' } ]
[2026-03-17T07:01:50.667Z] error: <filebrowserProxyHandler> Unexpected status code 500 when logging in to Filebrowser API for service 'File Browser'
[2026-03-17T07:01:50.709Z] error: <httpProxy> Error calling http://localhost:8096/emby/Sessions...
[2026-03-17T07:01:50.709Z] error: <httpProxy> [ 500, [AggregateError: ] { code: 'ECONNREFUSED' } ]
[2026-03-17T07:01:50.710Z] error: <jellyfinProxyHandler> HTTP Error 500 calling http://localhost:8096/emby/Sessions?api_key=7c0d5732c0e342db8d7e6a926ba42a30
[2026-03-17T07:01:50.712Z] error: <httpProxy> Error calling http://localhost:8096/emby/Items/Counts...
[2026-03-17T07:01:50.713Z] error: <httpProxy> [ 500, [AggregateError: ] { code: 'ECONNREFUSED' } ]
[2026-03-17T07:01:50.713Z] error: <jellyfinProxyHandler> HTTP Error 500 calling http://localhost:8096/emby/Items/Counts?api_key=7c0d5732c0e342db8d7e6a926ba42a30
[2026-03-17T07:01:55.122Z] error: <httpProxy> Error calling http://localhost:8096/emby/Sessions...
[2026-03-17T07:01:55.123Z] error: <httpProxy> [ 500, [AggregateError: ] { code: 'ECONNREFUSED' } ]
[2026-03-17T07:01:55.123Z] error: <jellyfinProxyHandler> HTTP Error 500 calling http://localhost:8096/emby/Sessions?api_key=7c0d5732c0e342db8d7e6a926ba42a30
[2026-03-17T07:02:05.191Z] error: <httpProxy> Error calling https://localhost:9443/api/kubernetes/1/applications/count...
[2026-03-17T07:02:05.192Z] error: <httpProxy> [ 500, [AggregateError: ] { code: 'ECONNREFUSED' } ]
[2026-03-17T07:02:05.193Z] error: <credentialedProxyHandler> HTTP Error 500 calling https://localhost:9443/api/kubernetes/1/applications/count
[2026-03-17T07:02:05.247Z] error: <httpProxy> Error calling https://localhost:9443/api/kubernetes/1/services/count...
[2026-03-17T07:02:05.248Z] error: <httpProxy> [ 500, [AggregateError: ] { code: 'ECONNREFUSED' } ]
[2026-03-17T07:02:05.249Z] error: <credentialedProxyHandler> HTTP Error 500 calling https://localhost:9443/api/kubernetes/1/services/count
[2026-03-17T07:02:05.281Z] error: <httpProxy> Error calling https://localhost:9443/api/kubernetes/1/namespaces/count...
[2026-03-17T07:02:05.282Z] error: <httpProxy> [ 500, [AggregateError: ] { code: 'ECONNREFUSED' } ]
[2026-03-17T07:02:05.283Z] error: <credentialedProxyHandler> HTTP Error 500 calling https://localhost:9443/api/kubernetes/1/namespaces/count
[2026-03-17T07:02:05.287Z] error: <httpProxy> Error calling http://localhost:8080/api/login...
[2026-03-17T07:02:05.288Z] error: <httpProxy> [ 500, [AggregateError: ] { code: 'ECONNREFUSED' } ]
[2026-03-17T07:02:05.288Z] error: <filebrowserProxyHandler> Unexpected status code 500 when logging in to Filebrowser API for service 'File Browser'
[2026-03-17T07:02:05.320Z] error: <httpProxy> Error calling http://localhost:8096/emby/Sessions...
[2026-03-17T07:02:05.321Z] error: <httpProxy> [ 500, [AggregateError: ] { code: 'ECONNREFUSED' } ]
[2026-03-17T07:02:05.321Z] error: <jellyfinProxyHandler> HTTP Error 500 calling http://localhost:8096/emby/Sessions?api_key=7c0d5732c0e342db8d7e6a926ba42a30
[2026-03-17T07:02:05.324Z] error: <httpProxy> Error calling http://localhost:8096/emby/Items/Counts...
[2026-03-17T07:02:05.324Z] error: <httpProxy> [ 500, [AggregateError: ] { code: 'ECONNREFUSED' } ]
[2026-03-17T07:02:05.325Z] error: <jellyfinProxyHandler> HTTP Error 500 calling http://localhost:8096/emby/Items/Counts?api_key=7c0d5732c0e342db8d7e6a926ba42a30
[2026-03-17T07:02:06.344Z] error: <httpProxy> Error calling https://localhost:9443/api/kubernetes/1/applications/count...
[2026-03-17T07:02:06.345Z] error: <httpProxy> [ 500, [AggregateError: ] { code: 'ECONNREFUSED' } ]
[2026-03-17T07:02:06.345Z] error: <credentialedProxyHandler> HTTP Error 500 calling https://localhost:9443/api/kubernetes/1/applications/count
[2026-03-17T07:02:06.350Z] error: <httpProxy> Error calling https://localhost:9443/api/kubernetes/1/services/count...
[2026-03-17T07:02:06.352Z] error: <httpProxy> [ 500, [AggregateError: ] { code: 'ECONNREFUSED' } ]
[2026-03-17T07:02:06.352Z] error: <credentialedProxyHandler> HTTP Error 500 calling https://localhost:9443/api/kubernetes/1/services/count
[2026-03-17T07:02:06.412Z] error: <httpProxy> Error calling https://localhost:9443/api/kubernetes/1/namespaces/count...
[2026-03-17T07:02:06.413Z] error: <httpProxy> [ 500, [AggregateError: ] { code: 'ECONNREFUSED' } ]
[2026-03-17T07:02:06.413Z] error: <credentialedProxyHandler> HTTP Error 500 calling https://localhost:9443/api/kubernetes/1/namespaces/count
[2026-03-17T07:02:06.416Z] error: <httpProxy> Error calling http://localhost:8080/api/login...
[2026-03-17T07:02:06.417Z] error: <httpProxy> [ 500, [AggregateError: ] { code: 'ECONNREFUSED' } ]
[2026-03-17T07:02:06.417Z] error: <filebrowserProxyHandler> Unexpected status code 500 when logging in to Filebrowser API for service 'File Browser'
[2026-03-17T07:02:06.453Z] error: <httpProxy> Error calling http://localhost:8096/emby/Sessions...
[2026-03-17T07:02:06.453Z] error: <httpProxy> [ 500, [AggregateError: ] { code: 'ECONNREFUSED' } ]
[2026-03-17T07:02:06.454Z] error: <jellyfinProxyHandler> HTTP Error 500 calling http://localhost:8096/emby/Sessions?api_key=7c0d5732c0e342db8d7e6a926ba42a30
[2026-03-17T07:02:06.456Z] error: <httpProxy> Error calling http://localhost:8096/emby/Items/Counts...
[2026-03-17T07:02:06.457Z] error: <httpProxy> [ 500, [AggregateError: ] { code: 'ECONNREFUSED' } ]
[2026-03-17T07:02:06.458Z] error: <jellyfinProxyHandler> HTTP Error 500 calling http://localhost:8096/emby/Items/Counts?api_key=7c0d5732c0e342db8d7e6a926ba42a30
[2026-03-17T07:02:10.862Z] error: <httpProxy> Error calling http://localhost:8096/emby/Sessions...
[2026-03-17T07:02:10.863Z] error: <httpProxy> [ 500, [AggregateError: ] { code: 'ECONNREFUSED' } ]
[2026-03-17T07:02:10.863Z] error: <jellyfinProxyHandler> HTTP Error 500 calling http://localhost:8096/emby/Sessions?api_key=7c0d5732c0e342db8d7e6a926ba42a30
[2026-03-17T07:02:27.280Z] error: <httpProxy> Error calling https://localhost:9443/api/kubernetes/1/applications/count...
[2026-03-17T07:02:27.281Z] error: <httpProxy> [ 500, [AggregateError: ] { code: 'ECONNREFUSED' } ]
[2026-03-17T07:02:27.281Z] error: <credentialedProxyHandler> HTTP Error 500 calling https://localhost:9443/api/kubernetes/1/applications/count
[2026-03-17T07:02:27.329Z] error: <httpProxy> Error calling https://localhost:9443/api/kubernetes/1/services/count...
[2026-03-17T07:02:27.330Z] error: <httpProxy> [ 500, [AggregateError: ] { code: 'ECONNREFUSED' } ]
[2026-03-17T07:02:27.330Z] error: <credentialedProxyHandler> HTTP Error 500 calling https://localhost:9443/api/kubernetes/1/services/count
[2026-03-17T07:02:27.383Z] error: <httpProxy> Error calling https://localhost:9443/api/kubernetes/1/namespaces/count...
[2026-03-17T07:02:27.384Z] error: <httpProxy> [ 500, [AggregateError: ] { code: 'ECONNREFUSED' } ]
[2026-03-17T07:02:27.384Z] error: <credentialedProxyHandler> HTTP Error 500 calling https://localhost:9443/api/kubernetes/1/namespaces/count
[2026-03-17T07:02:27.386Z] error: <httpProxy> Error calling http://localhost:8080/api/login...
[2026-03-17T07:02:27.386Z] error: <httpProxy> [ 500, [AggregateError: ] { code: 'ECONNREFUSED' } ]
[2026-03-17T07:02:27.387Z] error: <filebrowserProxyHandler> Unexpected status code 500 when logging in to Filebrowser API for service 'File Browser'
[2026-03-17T07:02:27.483Z] error: <httpProxy> Error calling http://localhost:8096/emby/Sessions...
[2026-03-17T07:02:27.484Z] error: <httpProxy> [ 500, [AggregateError: ] { code: 'ECONNREFUSED' } ]
[2026-03-17T07:02:27.485Z] error: <jellyfinProxyHandler> HTTP Error 500 calling http://localhost:8096/emby/Sessions?api_key=7c0d5732c0e342db8d7e6a926ba42a30
[2026-03-17T07:02:27.497Z] error: <httpProxy> Error calling http://localhost:8096/emby/Items/Counts...
[2026-03-17T07:02:27.498Z] error: <httpProxy> [ 500, [AggregateError: ] { code: 'ECONNREFUSED' } ]
[2026-03-17T07:02:27.498Z] error: <jellyfinProxyHandler> HTTP Error 500 calling http://localhost:8096/emby/Items/Counts?api_key=7c0d5732c0e342db8d7e6a926ba42a30
[2026-03-17T07:02:28.368Z] error: <httpProxy> Error calling https://localhost:9443/api/kubernetes/1/applications/count...
[2026-03-17T07:02:28.369Z] error: <httpProxy> [ 500, [AggregateError: ] { code: 'ECONNREFUSED' } ]
[2026-03-17T07:02:28.370Z] error: <credentialedProxyHandler> HTTP Error 500 calling https://localhost:9443/api/kubernetes/1/applications/count
[2026-03-17T07:02:28.372Z] error: <httpProxy> Error calling https://localhost:9443/api/kubernetes/1/services/count...
[2026-03-17T07:02:28.373Z] error: <httpProxy> [ 500, [AggregateError: ] { code: 'ECONNREFUSED' } ]
[2026-03-17T07:02:28.373Z] error: <credentialedProxyHandler> HTTP Error 500 calling https://localhost:9443/api/kubernetes/1/services/count
[2026-03-17T07:02:28.418Z] error: <httpProxy> Error calling http://localhost:8080/api/login...
[2026-03-17T07:02:28.419Z] error: <httpProxy> [ 500, [AggregateError: ] { code: 'ECONNREFUSED' } ]
[2026-03-17T07:02:28.419Z] error: <filebrowserProxyHandler> Unexpected status code 500 when logging in to Filebrowser API for service 'File Browser'
[2026-03-17T07:02:28.421Z] error: <httpProxy> Error calling https://localhost:9443/api/kubernetes/1/namespaces/count...
[2026-03-17T07:02:28.421Z] error: <httpProxy> [ 500, [AggregateError: ] { code: 'ECONNREFUSED' } ]
[2026-03-17T07:02:28.421Z] error: <credentialedProxyHandler> HTTP Error 500 calling https://localhost:9443/api/kubernetes/1/namespaces/count
[2026-03-17T07:02:28.455Z] error: <httpProxy> Error calling http://localhost:8096/emby/Sessions...
[2026-03-17T07:02:28.456Z] error: <httpProxy> [ 500, [AggregateError: ] { code: 'ECONNREFUSED' } ]
[2026-03-17T07:02:28.456Z] error: <jellyfinProxyHandler> HTTP Error 500 calling http://localhost:8096/emby/Sessions?api_key=7c0d5732c0e342db8d7e6a926ba42a30
[2026-03-17T07:02:28.459Z] error: <httpProxy> Error calling http://localhost:8096/emby/Items/Counts...
[2026-03-17T07:02:28.459Z] error: <httpProxy> [ 500, [AggregateError: ] { code: 'ECONNREFUSED' } ]
[2026-03-17T07:02:28.459Z] error: <jellyfinProxyHandler> HTTP Error 500 calling http://localhost:8096/emby/Items/Counts?api_key=7c0d5732c0e342db8d7e6a926ba42a30
[2026-03-17T07:02:53.029Z] error: <httpProxy> Error calling https://localhost:9443/api/kubernetes/1/applications/count...
[2026-03-17T07:02:53.030Z] error: <httpProxy> [ 500, [AggregateError: ] { code: 'ECONNREFUSED' } ]
[2026-03-17T07:02:53.030Z] error: <credentialedProxyHandler> HTTP Error 500 calling https://localhost:9443/api/kubernetes/1/applications/count
[2026-03-17T07:02:53.068Z] error: <httpProxy> Error calling https://localhost:9443/api/kubernetes/1/services/count...
[2026-03-17T07:02:53.069Z] error: <httpProxy> [ 500, [AggregateError: ] { code: 'ECONNREFUSED' } ]
[2026-03-17T07:02:53.069Z] error: <credentialedProxyHandler> HTTP Error 500 calling https://localhost:9443/api/kubernetes/1/services/count
[2026-03-17T07:02:53.112Z] error: <httpProxy> Error calling https://localhost:9443/api/kubernetes/1/namespaces/count...
[2026-03-17T07:02:53.113Z] error: <httpProxy> [ 500, [AggregateError: ] { code: 'ECONNREFUSED' } ]
[2026-03-17T07:02:53.113Z] error: <credentialedProxyHandler> HTTP Error 500 calling https://localhost:9443/api/kubernetes/1/namespaces/count
[2026-03-17T07:02:53.119Z] error: <httpProxy> Error calling http://localhost:8080/api/login...
[2026-03-17T07:02:53.119Z] error: <httpProxy> [ 500, [AggregateError: ] { code: 'ECONNREFUSED' } ]
[2026-03-17T07:02:53.119Z] error: <filebrowserProxyHandler> Unexpected status code 500 when logging in to Filebrowser API for service 'File Browser'
[2026-03-17T07:02:53.196Z] error: <httpProxy> Error calling http://localhost:8096/emby/Sessions...
[2026-03-17T07:02:53.197Z] error: <httpProxy> [ 500, [AggregateError: ] { code: 'ECONNREFUSED' } ]
[2026-03-17T07:02:53.197Z] error: <jellyfinProxyHandler> HTTP Error 500 calling http://localhost:8096/emby/Sessions?api_key=7c0d5732c0e342db8d7e6a926ba42a30
[2026-03-17T07:02:53.211Z] error: <httpProxy> Error calling http://localhost:8096/emby/Items/Counts...
[2026-03-17T07:02:53.212Z] error: <httpProxy> [ 500, [AggregateError: ] { code: 'ECONNREFUSED' } ]
[2026-03-17T07:02:53.212Z] error: <jellyfinProxyHandler> HTTP Error 500 calling http://localhost:8096/emby/Items/Counts?api_key=7c0d5732c0e342db8d7e6a926ba42a30
[2026-03-17T07:02:54.318Z] error: <httpProxy> Error calling https://localhost:9443/api/kubernetes/1/applications/count...
[2026-03-17T07:02:54.318Z] error: <httpProxy> [ 500, [AggregateError: ] { code: 'ECONNREFUSED' } ]
[2026-03-17T07:02:54.319Z] error: <credentialedProxyHandler> HTTP Error 500 calling https://localhost:9443/api/kubernetes/1/applications/count
[2026-03-17T07:02:54.357Z] error: <httpProxy> Error calling https://localhost:9443/api/kubernetes/1/services/count...
[2026-03-17T07:02:54.358Z] error: <httpProxy> [ 500, [AggregateError: ] { code: 'ECONNREFUSED' } ]
[2026-03-17T07:02:54.358Z] error: <credentialedProxyHandler> HTTP Error 500 calling https://localhost:9443/api/kubernetes/1/services/count
[2026-03-17T07:02:54.398Z] error: <httpProxy> Error calling https://localhost:9443/api/kubernetes/1/namespaces/count...
[2026-03-17T07:02:54.398Z] error: <httpProxy> [ 500, [AggregateError: ] { code: 'ECONNREFUSED' } ]
[2026-03-17T07:02:54.399Z] error: <credentialedProxyHandler> HTTP Error 500 calling https://localhost:9443/api/kubernetes/1/namespaces/count
[2026-03-17T07:02:54.428Z] error: <httpProxy> Error calling http://localhost:8080/api/login...
[2026-03-17T07:02:54.429Z] error: <httpProxy> [ 500, [AggregateError: ] { code: 'ECONNREFUSED' } ]
[2026-03-17T07:02:54.429Z] error: <filebrowserProxyHandler> Unexpected status code 500 when logging in to Filebrowser API for service 'File Browser'
[2026-03-17T07:02:54.460Z] error: <httpProxy> Error calling http://localhost:8096/emby/Sessions...
[2026-03-17T07:02:54.460Z] error: <httpProxy> [ 500, [AggregateError: ] { code: 'ECONNREFUSED' } ]
[2026-03-17T07:02:54.461Z] error: <jellyfinProxyHandler> HTTP Error 500 calling http://localhost:8096/emby/Sessions?api_key=7c0d5732c0e342db8d7e6a926ba42a30
[2026-03-17T07:02:54.505Z] error: <httpProxy> Error calling http://localhost:8096/emby/Items/Counts...
[2026-03-17T07:02:54.506Z] error: <httpProxy> [ 500, [AggregateError: ] { code: 'ECONNREFUSED' } ]
[2026-03-17T07:02:54.506Z] error: <jellyfinProxyHandler> HTTP Error 500 calling http://localhost:8096/emby/Items/Counts?api_key=7c0d5732c0e342db8d7e6a926ba42a30
[2026-03-17T07:03:28.879Z] error: <httpProxy> Error calling https://localhost:9443/api/kubernetes/1/applications/count...
[2026-03-17T07:03:28.880Z] error: <httpProxy> [ 500, [AggregateError: ] { code: 'ECONNREFUSED' } ]
[2026-03-17T07:03:28.881Z] error: <credentialedProxyHandler> HTTP Error 500 calling https://localhost:9443/api/kubernetes/1/applications/count
[2026-03-17T07:03:28.922Z] error: <httpProxy> Error calling https://localhost:9443/api/kubernetes/1/services/count...
[2026-03-17T07:03:28.923Z] error: <httpProxy> [ 500, [AggregateError: ] { code: 'ECONNREFUSED' } ]
[2026-03-17T07:03:28.923Z] error: <credentialedProxyHandler> HTTP Error 500 calling https://localhost:9443/api/kubernetes/1/services/count
[2026-03-17T07:03:28.953Z] error: <httpProxy> Error calling https://localhost:9443/api/kubernetes/1/namespaces/count...
[2026-03-17T07:03:28.955Z] error: <httpProxy> [ 500, [AggregateError: ] { code: 'ECONNREFUSED' } ]
[2026-03-17T07:03:28.955Z] error: <credentialedProxyHandler> HTTP Error 500 calling https://localhost:9443/api/kubernetes/1/namespaces/count
[2026-03-17T07:03:28.958Z] error: <httpProxy> Error calling http://localhost:8080/api/login...
[2026-03-17T07:03:28.959Z] error: <httpProxy> [ 500, [AggregateError: ] { code: 'ECONNREFUSED' } ]
[2026-03-17T07:03:28.959Z] error: <filebrowserProxyHandler> Unexpected status code 500 when logging in to Filebrowser API for service 'File Browser'
[2026-03-17T07:03:28.997Z] error: <httpProxy> Error calling http://localhost:8096/emby/Sessions...
[2026-03-17T07:03:28.998Z] error: <httpProxy> [ 500, [AggregateError: ] { code: 'ECONNREFUSED' } ]
[2026-03-17T07:03:28.998Z] error: <jellyfinProxyHandler> HTTP Error 500 calling http://localhost:8096/emby/Sessions?api_key=7c0d5732c0e342db8d7e6a926ba42a30
[2026-03-17T07:03:29.001Z] error: <httpProxy> Error calling http://localhost:8096/emby/Items/Counts...
[2026-03-17T07:03:29.001Z] error: <httpProxy> [ 500, [AggregateError: ] { code: 'ECONNREFUSED' } ]
[2026-03-17T07:03:29.001Z] error: <jellyfinProxyHandler> HTTP Error 500 calling http://localhost:8096/emby/Items/Counts?api_key=7c0d5732c0e342db8d7e6a926ba42a30
[2026-03-17T07:03:29.484Z] error: <longhorn> Missing Longhorn URL
[2026-03-17T07:03:29.966Z] error: <httpProxy> Error calling https://localhost:9443/api/kubernetes/1/applications/count...
[2026-03-17T07:03:29.968Z] error: <httpProxy> [ 500, [AggregateError: ] { code: 'ECONNREFUSED' } ]
[2026-03-17T07:03:29.968Z] error: <credentialedProxyHandler> HTTP Error 500 calling https://localhost:9443/api/kubernetes/1/applications/count
[2026-03-17T07:03:30.025Z] error: <httpProxy> Error calling https://localhost:9443/api/kubernetes/1/services/count...
[2026-03-17T07:03:30.026Z] error: <httpProxy> [ 500, [AggregateError: ] { code: 'ECONNREFUSED' } ]
[2026-03-17T07:03:30.026Z] error: <credentialedProxyHandler> HTTP Error 500 calling https://localhost:9443/api/kubernetes/1/services/count
[2026-03-17T07:03:30.062Z] error: <httpProxy> Error calling https://localhost:9443/api/kubernetes/1/namespaces/count...
[2026-03-17T07:03:30.062Z] error: <httpProxy> [ 500, [AggregateError: ] { code: 'ECONNREFUSED' } ]
[2026-03-17T07:03:30.063Z] error: <credentialedProxyHandler> HTTP Error 500 calling https://localhost:9443/api/kubernetes/1/namespaces/count
[2026-03-17T07:03:30.065Z] error: <httpProxy> Error calling http://localhost:8080/api/login...
[2026-03-17T07:03:30.066Z] error: <httpProxy> [ 500, [AggregateError: ] { code: 'ECONNREFUSED' } ]
[2026-03-17T07:03:30.066Z] error: <filebrowserProxyHandler> Unexpected status code 500 when logging in to Filebrowser API for service 'File Browser'
[2026-03-17T07:03:30.097Z] error: <httpProxy> Error calling http://localhost:8096/emby/Sessions...
[2026-03-17T07:03:30.098Z] error: <httpProxy> [ 500, [AggregateError: ] { code: 'ECONNREFUSED' } ]
[2026-03-17T07:03:30.098Z] error: <jellyfinProxyHandler> HTTP Error 500 calling http://localhost:8096/emby/Sessions?api_key=7c0d5732c0e342db8d7e6a926ba42a30
[2026-03-17T07:03:30.100Z] error: <httpProxy> Error calling http://localhost:8096/emby/Items/Counts...
[2026-03-17T07:03:30.100Z] error: <httpProxy> [ 500, [AggregateError: ] { code: 'ECONNREFUSED' } ]
[2026-03-17T07:03:30.101Z] error: <jellyfinProxyHandler> HTTP Error 500 calling http://localhost:8096/emby/Items/Counts?api_key=7c0d5732c0e342db8d7e6a926ba42a30
[2026-03-17T07:06:50.130Z] error: <longhorn> Missing Longhorn URL
[2026-03-17T07:06:50.409Z] error: <httpProxy> Error calling http://localhost:8096/emby/Sessions...
[2026-03-17T07:06:50.410Z] error: <httpProxy> [ 500, [AggregateError: ] { code: 'ECONNREFUSED' } ]
[2026-03-17T07:06:50.410Z] error: <jellyfinProxyHandler> HTTP Error 500 calling http://localhost:8096/emby/Sessions?api_key=7c0d5732c0e342db8d7e6a926ba42a30
[2026-03-17T07:06:50.616Z] error: <httpProxy> Error calling https://localhost:9443/api/kubernetes/1/applications/count...
[2026-03-17T07:06:50.617Z] error: <httpProxy> [ 500, [AggregateError: ] { code: 'ECONNREFUSED' } ]
[2026-03-17T07:06:50.618Z] error: <credentialedProxyHandler> HTTP Error 500 calling https://localhost:9443/api/kubernetes/1/applications/count
[2026-03-17T07:06:50.659Z] error: <httpProxy> Error calling https://localhost:9443/api/kubernetes/1/services/count...
[2026-03-17T07:06:50.660Z] error: <httpProxy> [ 500, [AggregateError: ] { code: 'ECONNREFUSED' } ]
[2026-03-17T07:06:50.660Z] error: <credentialedProxyHandler> HTTP Error 500 calling https://localhost:9443/api/kubernetes/1/services/count
[2026-03-17T07:06:50.664Z] error: <httpProxy> Error calling https://localhost:9443/api/kubernetes/1/namespaces/count...
[2026-03-17T07:06:50.665Z] error: <httpProxy> [ 500, [AggregateError: ] { code: 'ECONNREFUSED' } ]
[2026-03-17T07:06:50.665Z] error: <credentialedProxyHandler> HTTP Error 500 calling https://localhost:9443/api/kubernetes/1/namespaces/count
[2026-03-17T07:06:50.710Z] error: <httpProxy> Error calling http://localhost:8080/api/login...
[2026-03-17T07:06:50.710Z] error: <httpProxy> [ 500, [AggregateError: ] { code: 'ECONNREFUSED' } ]
[2026-03-17T07:06:50.711Z] error: <filebrowserProxyHandler> Unexpected status code 500 when logging in to Filebrowser API for service 'File Browser'
[2026-03-17T07:06:50.713Z] error: <httpProxy> Error calling http://localhost:8096/emby/Items/Counts...
[2026-03-17T07:06:50.714Z] error: <httpProxy> [ 500, [AggregateError: ] { code: 'ECONNREFUSED' } ]
[2026-03-17T07:06:50.714Z] error: <jellyfinProxyHandler> HTTP Error 500 calling http://localhost:8096/emby/Items/Counts?api_key=7c0d5732c0e342db8d7e6a926ba42a30
[2026-03-17T07:06:51.883Z] error: <httpProxy> Error calling https://localhost:9443/api/kubernetes/1/applications/count...
[2026-03-17T07:06:51.884Z] error: <httpProxy> [ 500, [AggregateError: ] { code: 'ECONNREFUSED' } ]
[2026-03-17T07:06:51.884Z] error: <credentialedProxyHandler> HTTP Error 500 calling https://localhost:9443/api/kubernetes/1/applications/count
[2026-03-17T07:06:51.921Z] error: <httpProxy> Error calling https://localhost:9443/api/kubernetes/1/services/count...
[2026-03-17T07:06:51.922Z] error: <httpProxy> [ 500, [AggregateError: ] { code: 'ECONNREFUSED' } ]
[2026-03-17T07:06:51.922Z] error: <credentialedProxyHandler> HTTP Error 500 calling https://localhost:9443/api/kubernetes/1/services/count
[2026-03-17T07:06:52.005Z] error: <httpProxy> Error calling https://localhost:9443/api/kubernetes/1/namespaces/count...
[2026-03-17T07:06:52.006Z] error: <httpProxy> [ 500, [AggregateError: ] { code: 'ECONNREFUSED' } ]
[2026-03-17T07:06:52.006Z] error: <credentialedProxyHandler> HTTP Error 500 calling https://localhost:9443/api/kubernetes/1/namespaces/count
[2026-03-17T07:06:52.009Z] error: <httpProxy> Error calling http://localhost:8080/api/login...
[2026-03-17T07:06:52.010Z] error: <httpProxy> [ 500, [AggregateError: ] { code: 'ECONNREFUSED' } ]
[2026-03-17T07:06:52.010Z] error: <filebrowserProxyHandler> Unexpected status code 500 when logging in to Filebrowser API for service 'File Browser'
[2026-03-17T07:06:52.052Z] error: <httpProxy> Error calling http://localhost:8096/emby/Sessions...
[2026-03-17T07:06:52.053Z] error: <httpProxy> [ 500, [AggregateError: ] { code: 'ECONNREFUSED' } ]
[2026-03-17T07:06:52.053Z] error: <jellyfinProxyHandler> HTTP Error 500 calling http://localhost:8096/emby/Sessions?api_key=7c0d5732c0e342db8d7e6a926ba42a30
[2026-03-17T07:06:52.084Z] error: <httpProxy> Error calling http://localhost:8096/emby/Items/Counts...
[2026-03-17T07:06:52.085Z] error: <httpProxy> [ 500, [AggregateError: ] { code: 'ECONNREFUSED' } ]
[2026-03-17T07:06:52.085Z] error: <jellyfinProxyHandler> HTTP Error 500 calling http://localhost:8096/emby/Items/Counts?api_key=7c0d5732c0e342db8d7e6a926ba42a30
[2026-03-17T07:07:38.926Z] error: <httpProxy> Error calling https://localhost:9443/api/kubernetes/1/applications/count...
[2026-03-17T07:07:38.927Z] error: <httpProxy> [ 500, [AggregateError: ] { code: 'ECONNREFUSED' } ]
[2026-03-17T07:07:38.927Z] error: <credentialedProxyHandler> HTTP Error 500 calling https://localhost:9443/api/kubernetes/1/applications/count
[2026-03-17T07:07:38.969Z] error: <httpProxy> Error calling https://localhost:9443/api/kubernetes/1/services/count...
[2026-03-17T07:07:38.970Z] error: <httpProxy> [ 500, [AggregateError: ] { code: 'ECONNREFUSED' } ]
[2026-03-17T07:07:38.971Z] error: <credentialedProxyHandler> HTTP Error 500 calling https://localhost:9443/api/kubernetes/1/services/count
[2026-03-17T07:07:39.011Z] error: <httpProxy> Error calling https://localhost:9443/api/kubernetes/1/namespaces/count...
[2026-03-17T07:07:39.011Z] error: <httpProxy> [ 500, [AggregateError: ] { code: 'ECONNREFUSED' } ]
[2026-03-17T07:07:39.012Z] error: <credentialedProxyHandler> HTTP Error 500 calling https://localhost:9443/api/kubernetes/1/namespaces/count
[2026-03-17T07:07:39.013Z] error: <httpProxy> Error calling http://localhost:8080/api/login...
[2026-03-17T07:07:39.014Z] error: <httpProxy> [ 500, [AggregateError: ] { code: 'ECONNREFUSED' } ]
[2026-03-17T07:07:39.014Z] error: <filebrowserProxyHandler> Unexpected status code 500 when logging in to Filebrowser API for service 'File Browser'
[2026-03-17T07:07:39.059Z] error: <httpProxy> Error calling http://localhost:8096/emby/Sessions...
[2026-03-17T07:07:39.059Z] error: <httpProxy> [ 500, [AggregateError: ] { code: 'ECONNREFUSED' } ]
[2026-03-17T07:07:39.060Z] error: <jellyfinProxyHandler> HTTP Error 500 calling http://localhost:8096/emby/Sessions?api_key=7c0d5732c0e342db8d7e6a926ba42a30
[2026-03-17T07:07:39.064Z] error: <httpProxy> Error calling http://localhost:8096/emby/Items/Counts...
[2026-03-17T07:07:39.065Z] error: <httpProxy> [ 500, [AggregateError: ] { code: 'ECONNREFUSED' } ]
[2026-03-17T07:07:39.065Z] error: <jellyfinProxyHandler> HTTP Error 500 calling http://localhost:8096/emby/Items/Counts?api_key=7c0d5732c0e342db8d7e6a926ba42a30
[2026-03-17T07:07:42.163Z] error: <httpProxy> Error calling http://localhost:8096/emby/Sessions...
[2026-03-17T07:07:42.164Z] error: <httpProxy> [ 500, [AggregateError: ] { code: 'ECONNREFUSED' } ]
[2026-03-17T07:07:42.164Z] error: <jellyfinProxyHandler> HTTP Error 500 calling http://localhost:8096/emby/Sessions?api_key=7c0d5732c0e342db8d7e6a926ba42a30
[2026-03-17T07:20:02.694Z] error: <httpProxy> Error calling http://localhost:8096/emby/Sessions...
[2026-03-17T07:20:02.696Z] error: <httpProxy> [ 500, [AggregateError: ] { code: 'ECONNREFUSED' } ]
[2026-03-17T07:20:02.697Z] error: <jellyfinProxyHandler> HTTP Error 500 calling http://localhost:8096/emby/Sessions?api_key=7c0d5732c0e342db8d7e6a926ba42a30
[2026-03-17T07:20:02.704Z] error: <httpProxy> Error calling http://localhost:8096/emby/Items/Counts...
[2026-03-17T07:20:02.705Z] error: <httpProxy> [ 500, [AggregateError: ] { code: 'ECONNREFUSED' } ]
[2026-03-17T07:20:02.705Z] error: <jellyfinProxyHandler> HTTP Error 500 calling http://localhost:8096/emby/Items/Counts?api_key=7c0d5732c0e342db8d7e6a926ba42a30
[2026-03-17T07:20:02.713Z] error: <httpProxy> Error calling http://localhost:8080/api/login...
[2026-03-17T07:20:02.714Z] error: <httpProxy> [ 500, [AggregateError: ] { code: 'ECONNREFUSED' } ]
[2026-03-17T07:20:02.714Z] error: <filebrowserProxyHandler> Unexpected status code 500 when logging in to Filebrowser API for service 'File Browser'
[2026-03-17T07:20:02.819Z] error: <httpProxy> Error calling https://localhost:9443/api/kubernetes/1/applications/count...
[2026-03-17T07:20:02.820Z] error: <httpProxy> [ 500, [AggregateError: ] { code: 'ECONNREFUSED' } ]
[2026-03-17T07:20:02.821Z] error: <credentialedProxyHandler> HTTP Error 500 calling https://localhost:9443/api/kubernetes/1/applications/count
[2026-03-17T07:20:02.848Z] error: <httpProxy> Error calling https://localhost:9443/api/kubernetes/1/namespaces/count...
[2026-03-17T07:20:02.849Z] error: <httpProxy> [ 500, [AggregateError: ] { code: 'ECONNREFUSED' } ]
[2026-03-17T07:20:02.850Z] error: <credentialedProxyHandler> HTTP Error 500 calling https://localhost:9443/api/kubernetes/1/namespaces/count
[2026-03-17T07:20:02.974Z] error: <httpProxy> Error calling https://localhost:9443/api/kubernetes/1/services/count...
[2026-03-17T07:20:02.975Z] error: <httpProxy> [ 500, [AggregateError: ] { code: 'ECONNREFUSED' } ]
[2026-03-17T07:20:02.976Z] error: <credentialedProxyHandler> HTTP Error 500 calling https://localhost:9443/api/kubernetes/1/services/count
[2026-03-17T07:20:10.961Z] error: <httpProxy> Error calling https://localhost:9443/api/kubernetes/1/applications/count...
[2026-03-17T07:20:10.962Z] error: <httpProxy> [ 500, [AggregateError: ] { code: 'ECONNREFUSED' } ]
[2026-03-17T07:20:10.962Z] error: <credentialedProxyHandler> HTTP Error 500 calling https://localhost:9443/api/kubernetes/1/applications/count
[2026-03-17T07:20:10.997Z] error: <httpProxy> Error calling https://localhost:9443/api/kubernetes/1/services/count...
[2026-03-17T07:20:10.997Z] error: <httpProxy> [ 500, [AggregateError: ] { code: 'ECONNREFUSED' } ]
[2026-03-17T07:20:10.998Z] error: <credentialedProxyHandler> HTTP Error 500 calling https://localhost:9443/api/kubernetes/1/services/count
[2026-03-17T07:20:11.010Z] error: <httpProxy> Error calling https://localhost:9443/api/kubernetes/1/namespaces/count...
[2026-03-17T07:20:11.011Z] error: <httpProxy> [ 500, [AggregateError: ] { code: 'ECONNREFUSED' } ]
[2026-03-17T07:20:11.012Z] error: <credentialedProxyHandler> HTTP Error 500 calling https://localhost:9443/api/kubernetes/1/namespaces/count
[2026-03-17T07:20:11.043Z] error: <httpProxy> Error calling http://localhost:8080/api/login...
[2026-03-17T07:20:11.044Z] error: <httpProxy> [ 500, [AggregateError: ] { code: 'ECONNREFUSED' } ]
[2026-03-17T07:20:11.044Z] error: <filebrowserProxyHandler> Unexpected status code 500 when logging in to Filebrowser API for service 'File Browser'
[2026-03-17T07:20:11.049Z] error: <httpProxy> Error calling http://localhost:8096/emby/Sessions...
[2026-03-17T07:20:11.050Z] error: <httpProxy> [ 500, [AggregateError: ] { code: 'ECONNREFUSED' } ]
[2026-03-17T07:20:11.050Z] error: <jellyfinProxyHandler> HTTP Error 500 calling http://localhost:8096/emby/Sessions?api_key=7c0d5732c0e342db8d7e6a926ba42a30
[2026-03-17T07:20:11.127Z] error: <httpProxy> Error calling http://localhost:8096/emby/Items/Counts...
[2026-03-17T07:20:11.129Z] error: <httpProxy> [ 500, [AggregateError: ] { code: 'ECONNREFUSED' } ]
[2026-03-17T07:20:11.129Z] error: <jellyfinProxyHandler> HTTP Error 500 calling http://localhost:8096/emby/Items/Counts?api_key=7c0d5732c0e342db8d7e6a926ba42a30
[2026-03-17T07:20:14.186Z] error: <httpProxy> Error calling https://localhost:9443/api/kubernetes/1/applications/count...
[2026-03-17T07:20:14.186Z] error: <httpProxy> [ 500, [AggregateError: ] { code: 'ECONNREFUSED' } ]
[2026-03-17T07:20:14.187Z] error: <credentialedProxyHandler> HTTP Error 500 calling https://localhost:9443/api/kubernetes/1/applications/count
[2026-03-17T07:20:14.230Z] error: <httpProxy> Error calling https://localhost:9443/api/kubernetes/1/namespaces/count...
[2026-03-17T07:20:14.231Z] error: <httpProxy> [ 500, [AggregateError: ] { code: 'ECONNREFUSED' } ]
[2026-03-17T07:20:14.231Z] error: <credentialedProxyHandler> HTTP Error 500 calling https://localhost:9443/api/kubernetes/1/namespaces/count
[2026-03-17T07:20:14.234Z] error: <httpProxy> Error calling https://localhost:9443/api/kubernetes/1/services/count...
[2026-03-17T07:20:14.235Z] error: <httpProxy> [ 500, [AggregateError: ] { code: 'ECONNREFUSED' } ]
[2026-03-17T07:20:14.235Z] error: <credentialedProxyHandler> HTTP Error 500 calling https://localhost:9443/api/kubernetes/1/services/count
[2026-03-17T07:20:14.266Z] error: <httpProxy> Error calling http://localhost:8080/api/login...
[2026-03-17T07:20:14.267Z] error: <httpProxy> [ 500, [AggregateError: ] { code: 'ECONNREFUSED' } ]
[2026-03-17T07:20:14.267Z] error: <filebrowserProxyHandler> Unexpected status code 500 when logging in to Filebrowser API for service 'File Browser'
[2026-03-17T07:20:14.300Z] error: <httpProxy> Error calling http://localhost:8096/emby/Sessions...
[2026-03-17T07:20:14.301Z] error: <httpProxy> [ 500, [AggregateError: ] { code: 'ECONNREFUSED' } ]
[2026-03-17T07:20:14.301Z] error: <jellyfinProxyHandler> HTTP Error 500 calling http://localhost:8096/emby/Sessions?api_key=7c0d5732c0e342db8d7e6a926ba42a30
[2026-03-17T07:20:14.337Z] error: <httpProxy> Error calling http://localhost:8096/emby/Items/Counts...
[2026-03-17T07:20:14.338Z] error: <httpProxy> [ 500, [AggregateError: ] { code: 'ECONNREFUSED' } ]
[2026-03-17T07:20:14.338Z] error: <jellyfinProxyHandler> HTTP Error 500 calling http://localhost:8096/emby/Items/Counts?api_key=7c0d5732c0e342db8d7e6a926ba42a30
[2026-03-17T07:20:18.733Z] error: <httpProxy> Error calling http://localhost:8096/emby/Sessions...
[2026-03-17T07:20:18.734Z] error: <httpProxy> [ 500, [AggregateError: ] { code: 'ECONNREFUSED' } ]
[2026-03-17T07:20:18.734Z] error: <jellyfinProxyHandler> HTTP Error 500 calling http://localhost:8096/emby/Sessions?api_key=7c0d5732c0e342db8d7e6a926ba42a30
[2026-03-17T07:20:21.999Z] error: <httpProxy> Error calling https://localhost:9443/api/kubernetes/1/applications/count...
[2026-03-17T07:20:21.999Z] error: <httpProxy> [ 500, [AggregateError: ] { code: 'ECONNREFUSED' } ]
[2026-03-17T07:20:22.000Z] error: <credentialedProxyHandler> HTTP Error 500 calling https://localhost:9443/api/kubernetes/1/applications/count
[2026-03-17T07:20:22.038Z] error: <httpProxy> Error calling https://localhost:9443/api/kubernetes/1/services/count...
[2026-03-17T07:20:22.039Z] error: <httpProxy> [ 500, [AggregateError: ] { code: 'ECONNREFUSED' } ]
[2026-03-17T07:20:22.039Z] error: <credentialedProxyHandler> HTTP Error 500 calling https://localhost:9443/api/kubernetes/1/services/count
[2026-03-17T07:20:22.073Z] error: <httpProxy> Error calling https://localhost:9443/api/kubernetes/1/namespaces/count...
[2026-03-17T07:20:22.074Z] error: <httpProxy> [ 500, [AggregateError: ] { code: 'ECONNREFUSED' } ]
[2026-03-17T07:20:22.074Z] error: <credentialedProxyHandler> HTTP Error 500 calling https://localhost:9443/api/kubernetes/1/namespaces/count
[2026-03-17T07:20:22.102Z] error: <httpProxy> Error calling http://localhost:8080/api/login...
[2026-03-17T07:20:22.103Z] error: <httpProxy> [ 500, [AggregateError: ] { code: 'ECONNREFUSED' } ]
[2026-03-17T07:20:22.103Z] error: <filebrowserProxyHandler> Unexpected status code 500 when logging in to Filebrowser API for service 'File Browser'
[2026-03-17T07:20:22.108Z] error: <httpProxy> Error calling http://localhost:8096/emby/Sessions...
[2026-03-17T07:20:22.109Z] error: <httpProxy> [ 500, [AggregateError: ] { code: 'ECONNREFUSED' } ]
[2026-03-17T07:20:22.109Z] error: <jellyfinProxyHandler> HTTP Error 500 calling http://localhost:8096/emby/Sessions?api_key=7c0d5732c0e342db8d7e6a926ba42a30
[2026-03-17T07:20:22.142Z] error: <httpProxy> Error calling http://localhost:8096/emby/Items/Counts...
[2026-03-17T07:20:22.143Z] error: <httpProxy> [ 500, [AggregateError: ] { code: 'ECONNREFUSED' } ]
[2026-03-17T07:20:22.143Z] error: <jellyfinProxyHandler> HTTP Error 500 calling http://localhost:8096/emby/Items/Counts?api_key=7c0d5732c0e342db8d7e6a926ba42a30
[2026-03-17T07:21:11.435Z] error: <httpProxy> Error calling https://localhost:9443/api/kubernetes/1/applications/count...
[2026-03-17T07:21:11.435Z] error: <httpProxy> [ 500, [AggregateError: ] { code: 'ECONNREFUSED' } ]
[2026-03-17T07:21:11.436Z] error: <credentialedProxyHandler> HTTP Error 500 calling https://localhost:9443/api/kubernetes/1/applications/count
[2026-03-17T07:21:11.443Z] error: <httpProxy> Error calling https://localhost:9443/api/kubernetes/1/services/count...
[2026-03-17T07:21:11.444Z] error: <httpProxy> [ 500, [AggregateError: ] { code: 'ECONNREFUSED' } ]
[2026-03-17T07:21:11.444Z] error: <credentialedProxyHandler> HTTP Error 500 calling https://localhost:9443/api/kubernetes/1/services/count
[2026-03-17T07:21:11.488Z] error: <httpProxy> Error calling https://localhost:9443/api/kubernetes/1/namespaces/count...
[2026-03-17T07:21:11.489Z] error: <httpProxy> [ 500, [AggregateError: ] { code: 'ECONNREFUSED' } ]
[2026-03-17T07:21:11.489Z] error: <credentialedProxyHandler> HTTP Error 500 calling https://localhost:9443/api/kubernetes/1/namespaces/count
[2026-03-17T07:21:11.491Z] error: <httpProxy> Error calling http://localhost:8080/api/login...
[2026-03-17T07:21:11.491Z] error: <httpProxy> [ 500, [AggregateError: ] { code: 'ECONNREFUSED' } ]
[2026-03-17T07:21:11.492Z] error: <filebrowserProxyHandler> Unexpected status code 500 when logging in to Filebrowser API for service 'File Browser'
[2026-03-17T07:21:11.532Z] error: <httpProxy> Error calling http://localhost:8096/emby/Sessions...
[2026-03-17T07:21:11.533Z] error: <httpProxy> [ 500, [AggregateError: ] { code: 'ECONNREFUSED' } ]
[2026-03-17T07:21:11.533Z] error: <jellyfinProxyHandler> HTTP Error 500 calling http://localhost:8096/emby/Sessions?api_key=7c0d5732c0e342db8d7e6a926ba42a30
[2026-03-17T07:21:11.545Z] error: <httpProxy> Error calling http://localhost:8096/emby/Items/Counts...
[2026-03-17T07:21:11.546Z] error: <httpProxy> [ 500, [AggregateError: ] { code: 'ECONNREFUSED' } ]
[2026-03-17T07:21:11.546Z] error: <jellyfinProxyHandler> HTTP Error 500 calling http://localhost:8096/emby/Items/Counts?api_key=7c0d5732c0e342db8d7e6a926ba42a30
[2026-03-17T07:21:12.575Z] error: <httpProxy> Error calling https://localhost:9443/api/kubernetes/1/applications/count...
[2026-03-17T07:21:12.576Z] error: <httpProxy> [ 500, [AggregateError: ] { code: 'ECONNREFUSED' } ]
[2026-03-17T07:21:12.576Z] error: <credentialedProxyHandler> HTTP Error 500 calling https://localhost:9443/api/kubernetes/1/applications/count
[2026-03-17T07:21:12.580Z] error: <httpProxy> Error calling https://localhost:9443/api/kubernetes/1/services/count...
[2026-03-17T07:21:12.580Z] error: <httpProxy> [ 500, [AggregateError: ] { code: 'ECONNREFUSED' } ]
[2026-03-17T07:21:12.581Z] error: <credentialedProxyHandler> HTTP Error 500 calling https://localhost:9443/api/kubernetes/1/services/count
[2026-03-17T07:21:12.647Z] error: <httpProxy> Error calling https://localhost:9443/api/kubernetes/1/namespaces/count...
[2026-03-17T07:21:12.648Z] error: <httpProxy> [ 500, [AggregateError: ] { code: 'ECONNREFUSED' } ]
[2026-03-17T07:21:12.648Z] error: <credentialedProxyHandler> HTTP Error 500 calling https://localhost:9443/api/kubernetes/1/namespaces/count
[2026-03-17T07:21:12.649Z] error: <httpProxy> Error calling http://localhost:8080/api/login...
[2026-03-17T07:21:12.650Z] error: <httpProxy> [ 500, [AggregateError: ] { code: 'ECONNREFUSED' } ]
[2026-03-17T07:21:12.650Z] error: <filebrowserProxyHandler> Unexpected status code 500 when logging in to Filebrowser API for service 'File Browser'
[2026-03-17T07:21:12.687Z] error: <httpProxy> Error calling http://localhost:8096/emby/Sessions...
[2026-03-17T07:21:12.687Z] error: <httpProxy> [ 500, [AggregateError: ] { code: 'ECONNREFUSED' } ]
[2026-03-17T07:21:12.688Z] error: <jellyfinProxyHandler> HTTP Error 500 calling http://localhost:8096/emby/Sessions?api_key=7c0d5732c0e342db8d7e6a926ba42a30
[2026-03-17T07:21:12.690Z] error: <httpProxy> Error calling http://localhost:8096/emby/Items/Counts...
[2026-03-17T07:21:12.691Z] error: <httpProxy> [ 500, [AggregateError: ] { code: 'ECONNREFUSED' } ]
[2026-03-17T07:21:12.691Z] error: <jellyfinProxyHandler> HTTP Error 500 calling http://localhost:8096/emby/Items/Counts?api_key=7c0d5732c0e342db8d7e6a926ba42a30
[2026-03-17T07:21:30.833Z] error: <httpProxy> Error calling https://localhost:9443/api/kubernetes/1/applications/count...
[2026-03-17T07:21:30.833Z] error: <httpProxy> [ 500, [AggregateError: ] { code: 'ECONNREFUSED' } ]
[2026-03-17T07:21:30.834Z] error: <credentialedProxyHandler> HTTP Error 500 calling https://localhost:9443/api/kubernetes/1/applications/count
[2026-03-17T07:21:30.876Z] error: <httpProxy> Error calling https://localhost:9443/api/kubernetes/1/services/count...
[2026-03-17T07:21:30.877Z] error: <httpProxy> [ 500, [AggregateError: ] { code: 'ECONNREFUSED' } ]
[2026-03-17T07:21:30.877Z] error: <credentialedProxyHandler> HTTP Error 500 calling https://localhost:9443/api/kubernetes/1/services/count
[2026-03-17T07:21:30.879Z] error: <httpProxy> Error calling https://localhost:9443/api/kubernetes/1/namespaces/count...
[2026-03-17T07:21:30.879Z] error: <httpProxy> [ 500, [AggregateError: ] { code: 'ECONNREFUSED' } ]
[2026-03-17T07:21:30.880Z] error: <credentialedProxyHandler> HTTP Error 500 calling https://localhost:9443/api/kubernetes/1/namespaces/count
[2026-03-17T07:21:30.917Z] error: <httpProxy> Error calling http://localhost:8080/api/login...
[2026-03-17T07:21:30.918Z] error: <httpProxy> [ 500, [AggregateError: ] { code: 'ECONNREFUSED' } ]
[2026-03-17T07:21:30.918Z] error: <filebrowserProxyHandler> Unexpected status code 500 when logging in to Filebrowser API for service 'File Browser'
[2026-03-17T07:21:30.920Z] error: <httpProxy> Error calling http://localhost:8096/emby/Sessions...
[2026-03-17T07:21:30.920Z] error: <httpProxy> [ 500, [AggregateError: ] { code: 'ECONNREFUSED' } ]
[2026-03-17T07:21:30.921Z] error: <jellyfinProxyHandler> HTTP Error 500 calling http://localhost:8096/emby/Sessions?api_key=7c0d5732c0e342db8d7e6a926ba42a30
[2026-03-17T07:21:30.982Z] error: <httpProxy> Error calling http://localhost:8096/emby/Items/Counts...
[2026-03-17T07:21:30.983Z] error: <httpProxy> [ 500, [AggregateError: ] { code: 'ECONNREFUSED' } ]
[2026-03-17T07:21:30.983Z] error: <jellyfinProxyHandler> HTTP Error 500 calling http://localhost:8096/emby/Items/Counts?api_key=7c0d5732c0e342db8d7e6a926ba42a30
[2026-03-17T07:21:32.004Z] error: <httpProxy> Error calling https://localhost:9443/api/kubernetes/1/applications/count...
[2026-03-17T07:21:32.005Z] error: <httpProxy> [ 500, [AggregateError: ] { code: 'ECONNREFUSED' } ]
[2026-03-17T07:21:32.005Z] error: <credentialedProxyHandler> HTTP Error 500 calling https://localhost:9443/api/kubernetes/1/applications/count
[2026-03-17T07:21:32.043Z] error: <httpProxy> Error calling https://localhost:9443/api/kubernetes/1/services/count...
[2026-03-17T07:21:32.044Z] error: <httpProxy> [ 500, [AggregateError: ] { code: 'ECONNREFUSED' } ]
[2026-03-17T07:21:32.044Z] error: <credentialedProxyHandler> HTTP Error 500 calling https://localhost:9443/api/kubernetes/1/services/count
[2026-03-17T07:21:32.046Z] error: <httpProxy> Error calling https://localhost:9443/api/kubernetes/1/namespaces/count...
[2026-03-17T07:21:32.047Z] error: <httpProxy> [ 500, [AggregateError: ] { code: 'ECONNREFUSED' } ]
[2026-03-17T07:21:32.047Z] error: <credentialedProxyHandler> HTTP Error 500 calling https://localhost:9443/api/kubernetes/1/namespaces/count
[2026-03-17T07:21:32.083Z] error: <httpProxy> Error calling http://localhost:8080/api/login...
[2026-03-17T07:21:32.084Z] error: <httpProxy> [ 500, [AggregateError: ] { code: 'ECONNREFUSED' } ]
[2026-03-17T07:21:32.085Z] error: <filebrowserProxyHandler> Unexpected status code 500 when logging in to Filebrowser API for service 'File Browser'
[2026-03-17T07:21:32.087Z] error: <httpProxy> Error calling http://localhost:8096/emby/Sessions...
[2026-03-17T07:21:32.088Z] error: <httpProxy> [ 500, [AggregateError: ] { code: 'ECONNREFUSED' } ]
[2026-03-17T07:21:32.088Z] error: <jellyfinProxyHandler> HTTP Error 500 calling http://localhost:8096/emby/Sessions?api_key=7c0d5732c0e342db8d7e6a926ba42a30
[2026-03-17T07:21:32.126Z] error: <httpProxy> Error calling http://localhost:8096/emby/Items/Counts...
[2026-03-17T07:21:32.126Z] error: <httpProxy> [ 500, [AggregateError: ] { code: 'ECONNREFUSED' } ]
[2026-03-17T07:21:32.127Z] error: <jellyfinProxyHandler> HTTP Error 500 calling http://localhost:8096/emby/Items/Counts?api_key=7c0d5732c0e342db8d7e6a926ba42a30
[2026-03-17T07:21:53.213Z] error: <httpProxy> Error calling https://localhost:9443/api/kubernetes/1/applications/count...
[2026-03-17T07:21:53.214Z] error: <httpProxy> [ 500, [AggregateError: ] { code: 'ECONNREFUSED' } ]
[2026-03-17T07:21:53.214Z] error: <credentialedProxyHandler> HTTP Error 500 calling https://localhost:9443/api/kubernetes/1/applications/count
[2026-03-17T07:21:53.218Z] error: <httpProxy> Error calling https://localhost:9443/api/kubernetes/1/services/count...
[2026-03-17T07:21:53.219Z] error: <httpProxy> [ 500, [AggregateError: ] { code: 'ECONNREFUSED' } ]
[2026-03-17T07:21:53.219Z] error: <credentialedProxyHandler> HTTP Error 500 calling https://localhost:9443/api/kubernetes/1/services/count
[2026-03-17T07:21:53.273Z] error: <httpProxy> Error calling https://localhost:9443/api/kubernetes/1/namespaces/count...
[2026-03-17T07:21:53.274Z] error: <httpProxy> [ 500, [AggregateError: ] { code: 'ECONNREFUSED' } ]
[2026-03-17T07:21:53.274Z] error: <credentialedProxyHandler> HTTP Error 500 calling https://localhost:9443/api/kubernetes/1/namespaces/count
[2026-03-17T07:21:53.286Z] error: <httpProxy> Error calling http://localhost:8080/api/login...
[2026-03-17T07:21:53.287Z] error: <httpProxy> [ 500, [AggregateError: ] { code: 'ECONNREFUSED' } ]
[2026-03-17T07:21:53.287Z] error: <filebrowserProxyHandler> Unexpected status code 500 when logging in to Filebrowser API for service 'File Browser'
[2026-03-17T07:21:53.332Z] error: <httpProxy> Error calling http://localhost:8096/emby/Sessions...
[2026-03-17T07:21:53.333Z] error: <httpProxy> [ 500, [AggregateError: ] { code: 'ECONNREFUSED' } ]
[2026-03-17T07:21:53.333Z] error: <jellyfinProxyHandler> HTTP Error 500 calling http://localhost:8096/emby/Sessions?api_key=7c0d5732c0e342db8d7e6a926ba42a30
[2026-03-17T07:21:53.335Z] error: <httpProxy> Error calling http://localhost:8096/emby/Items/Counts...
[2026-03-17T07:21:53.336Z] error: <httpProxy> [ 500, [AggregateError: ] { code: 'ECONNREFUSED' } ]
[2026-03-17T07:21:53.336Z] error: <jellyfinProxyHandler> HTTP Error 500 calling http://localhost:8096/emby/Items/Counts?api_key=7c0d5732c0e342db8d7e6a926ba42a30
[2026-03-17T07:21:54.457Z] error: <httpProxy> Error calling https://localhost:9443/api/kubernetes/1/applications/count...
[2026-03-17T07:21:54.458Z] error: <httpProxy> [ 500, [AggregateError: ] { code: 'ECONNREFUSED' } ]
[2026-03-17T07:21:54.458Z] error: <credentialedProxyHandler> HTTP Error 500 calling https://localhost:9443/api/kubernetes/1/applications/count
[2026-03-17T07:21:54.485Z] error: <httpProxy> Error calling https://localhost:9443/api/kubernetes/1/services/count...
[2026-03-17T07:21:54.485Z] error: <httpProxy> [ 500, [AggregateError: ] { code: 'ECONNREFUSED' } ]
[2026-03-17T07:21:54.486Z] error: <credentialedProxyHandler> HTTP Error 500 calling https://localhost:9443/api/kubernetes/1/services/count
[2026-03-17T07:21:54.504Z] error: <httpProxy> Error calling https://localhost:9443/api/kubernetes/1/namespaces/count...
[2026-03-17T07:21:54.505Z] error: <httpProxy> [ 500, [AggregateError: ] { code: 'ECONNREFUSED' } ]
[2026-03-17T07:21:54.505Z] error: <credentialedProxyHandler> HTTP Error 500 calling https://localhost:9443/api/kubernetes/1/namespaces/count
[2026-03-17T07:21:54.524Z] error: <httpProxy> Error calling http://localhost:8080/api/login...
[2026-03-17T07:21:54.525Z] error: <httpProxy> [ 500, [AggregateError: ] { code: 'ECONNREFUSED' } ]
[2026-03-17T07:21:54.525Z] error: <filebrowserProxyHandler> Unexpected status code 500 when logging in to Filebrowser API for service 'File Browser'
[2026-03-17T07:21:54.550Z] error: <httpProxy> Error calling http://localhost:8096/emby/Sessions...
[2026-03-17T07:21:54.552Z] error: <httpProxy> [ 500, [AggregateError: ] { code: 'ECONNREFUSED' } ]
[2026-03-17T07:21:54.552Z] error: <jellyfinProxyHandler> HTTP Error 500 calling http://localhost:8096/emby/Sessions?api_key=7c0d5732c0e342db8d7e6a926ba42a30
[2026-03-17T07:21:54.566Z] error: <httpProxy> Error calling http://localhost:8096/emby/Items/Counts...
[2026-03-17T07:21:54.567Z] error: <httpProxy> [ 500, [AggregateError: ] { code: 'ECONNREFUSED' } ]
[2026-03-17T07:21:54.568Z] error: <jellyfinProxyHandler> HTTP Error 500 calling http://localhost:8096/emby/Items/Counts?api_key=7c0d5732c0e342db8d7e6a926ba42a30
[2026-03-17T07:23:05.484Z] error: <httpProxy> Error calling http://localhost:8096/emby/Sessions...
[2026-03-17T07:23:05.485Z] error: <httpProxy> [ 500, [AggregateError: ] { code: 'ECONNREFUSED' } ]
[2026-03-17T07:23:05.486Z] error: <jellyfinProxyHandler> HTTP Error 500 calling http://localhost:8096/emby/Sessions?api_key=7c0d5732c0e342db8d7e6a926ba42a30
[2026-03-17T07:23:05.709Z] error: <httpProxy> Error calling https://localhost:9443/api/kubernetes/1/applications/count...
[2026-03-17T07:23:05.710Z] error: <httpProxy> [ 500, [AggregateError: ] { code: 'ECONNREFUSED' } ]
[2026-03-17T07:23:05.711Z] error: <credentialedProxyHandler> HTTP Error 500 calling https://localhost:9443/api/kubernetes/1/applications/count
[2026-03-17T07:23:05.749Z] error: <httpProxy> Error calling https://localhost:9443/api/kubernetes/1/services/count...
[2026-03-17T07:23:05.750Z] error: <httpProxy> [ 500, [AggregateError: ] { code: 'ECONNREFUSED' } ]
[2026-03-17T07:23:05.750Z] error: <credentialedProxyHandler> HTTP Error 500 calling https://localhost:9443/api/kubernetes/1/services/count
[2026-03-17T07:23:05.789Z] error: <httpProxy> Error calling http://localhost:8080/api/login...
[2026-03-17T07:23:05.789Z] error: <httpProxy> [ 500, [AggregateError: ] { code: 'ECONNREFUSED' } ]
[2026-03-17T07:23:05.790Z] error: <filebrowserProxyHandler> Unexpected status code 500 when logging in to Filebrowser API for service 'File Browser'
[2026-03-17T07:23:05.793Z] error: <httpProxy> Error calling https://localhost:9443/api/kubernetes/1/namespaces/count...
[2026-03-17T07:23:05.794Z] error: <httpProxy> [ 500, [AggregateError: ] { code: 'ECONNREFUSED' } ]
[2026-03-17T07:23:05.794Z] error: <credentialedProxyHandler> HTTP Error 500 calling https://localhost:9443/api/kubernetes/1/namespaces/count
[2026-03-17T07:23:05.831Z] error: <httpProxy> Error calling http://localhost:8096/emby/Items/Counts...
[2026-03-17T07:23:05.832Z] error: <httpProxy> [ 500, [AggregateError: ] { code: 'ECONNREFUSED' } ]
[2026-03-17T07:23:05.832Z] error: <jellyfinProxyHandler> HTTP Error 500 calling http://localhost:8096/emby/Items/Counts?api_key=7c0d5732c0e342db8d7e6a926ba42a30
[2026-03-17T07:23:06.606Z] error: <httpProxy> Error calling https://localhost:9443/api/kubernetes/1/applications/count...
[2026-03-17T07:23:06.607Z] error: <httpProxy> [ 500, [AggregateError: ] { code: 'ECONNREFUSED' } ]
[2026-03-17T07:23:06.607Z] error: <credentialedProxyHandler> HTTP Error 500 calling https://localhost:9443/api/kubernetes/1/applications/count
[2026-03-17T07:23:06.614Z] error: <httpProxy> Error calling https://localhost:9443/api/kubernetes/1/services/count...
[2026-03-17T07:23:06.614Z] error: <httpProxy> [ 500, [AggregateError: ] { code: 'ECONNREFUSED' } ]
[2026-03-17T07:23:06.615Z] error: <credentialedProxyHandler> HTTP Error 500 calling https://localhost:9443/api/kubernetes/1/services/count
[2026-03-17T07:23:06.653Z] error: <httpProxy> Error calling https://localhost:9443/api/kubernetes/1/namespaces/count...
[2026-03-17T07:23:06.654Z] error: <httpProxy> [ 500, [AggregateError: ] { code: 'ECONNREFUSED' } ]
[2026-03-17T07:23:06.654Z] error: <credentialedProxyHandler> HTTP Error 500 calling https://localhost:9443/api/kubernetes/1/namespaces/count
[2026-03-17T07:23:06.657Z] error: <httpProxy> Error calling http://localhost:8080/api/login...
[2026-03-17T07:23:06.658Z] error: <httpProxy> [ 500, [AggregateError: ] { code: 'ECONNREFUSED' } ]
[2026-03-17T07:23:06.658Z] error: <filebrowserProxyHandler> Unexpected status code 500 when logging in to Filebrowser API for service 'File Browser'
[2026-03-17T07:23:06.691Z] error: <httpProxy> Error calling http://localhost:8096/emby/Sessions...
[2026-03-17T07:23:06.692Z] error: <httpProxy> [ 500, [AggregateError: ] { code: 'ECONNREFUSED' } ]
[2026-03-17T07:23:06.692Z] error: <jellyfinProxyHandler> HTTP Error 500 calling http://localhost:8096/emby/Sessions?api_key=7c0d5732c0e342db8d7e6a926ba42a30
[2026-03-17T07:23:06.699Z] error: <httpProxy> Error calling http://localhost:8096/emby/Items/Counts...
[2026-03-17T07:23:06.701Z] error: <httpProxy> [ 500, [AggregateError: ] { code: 'ECONNREFUSED' } ]
[2026-03-17T07:23:06.701Z] error: <jellyfinProxyHandler> HTTP Error 500 calling http://localhost:8096/emby/Items/Counts?api_key=7c0d5732c0e342db8d7e6a926ba42a30
[2026-03-17T07:23:39.858Z] error: <httpProxy> Error calling https://localhost:9443/api/kubernetes/1/applications/count...
[2026-03-17T07:23:39.858Z] error: <httpProxy> [ 500, [AggregateError: ] { code: 'ECONNREFUSED' } ]
[2026-03-17T07:23:39.859Z] error: <credentialedProxyHandler> HTTP Error 500 calling https://localhost:9443/api/kubernetes/1/applications/count
[2026-03-17T07:23:39.860Z] error: <httpProxy> Error calling https://localhost:9443/api/kubernetes/1/services/count...
[2026-03-17T07:23:39.860Z] error: <httpProxy> [ 500, [AggregateError: ] { code: 'ECONNREFUSED' } ]
[2026-03-17T07:23:39.861Z] error: <credentialedProxyHandler> HTTP Error 500 calling https://localhost:9443/api/kubernetes/1/services/count
[2026-03-17T07:23:39.897Z] error: <httpProxy> Error calling http://localhost:8080/api/login...
[2026-03-17T07:23:39.898Z] error: <httpProxy> [ 500, [AggregateError: ] { code: 'ECONNREFUSED' } ]
[2026-03-17T07:23:39.898Z] error: <filebrowserProxyHandler> Unexpected status code 500 when logging in to Filebrowser API for service 'File Browser'
[2026-03-17T07:23:39.899Z] error: <httpProxy> Error calling https://localhost:9443/api/kubernetes/1/namespaces/count...
[2026-03-17T07:23:39.900Z] error: <httpProxy> [ 500, [AggregateError: ] { code: 'ECONNREFUSED' } ]
[2026-03-17T07:23:39.900Z] error: <credentialedProxyHandler> HTTP Error 500 calling https://localhost:9443/api/kubernetes/1/namespaces/count
[2026-03-17T07:23:39.936Z] error: <httpProxy> Error calling http://localhost:8096/emby/Sessions...
[2026-03-17T07:23:39.937Z] error: <httpProxy> [ 500, [AggregateError: ] { code: 'ECONNREFUSED' } ]
[2026-03-17T07:23:39.937Z] error: <jellyfinProxyHandler> HTTP Error 500 calling http://localhost:8096/emby/Sessions?api_key=7c0d5732c0e342db8d7e6a926ba42a30
[2026-03-17T07:23:39.939Z] error: <httpProxy> Error calling http://localhost:8096/emby/Items/Counts...
[2026-03-17T07:23:39.940Z] error: <httpProxy> [ 500, [AggregateError: ] { code: 'ECONNREFUSED' } ]
[2026-03-17T07:23:39.940Z] error: <jellyfinProxyHandler> HTTP Error 500 calling http://localhost:8096/emby/Items/Counts?api_key=7c0d5732c0e342db8d7e6a926ba42a30
[2026-03-17T07:23:40.782Z] error: <httpProxy> Error calling https://localhost:9443/api/kubernetes/1/applications/count...
[2026-03-17T07:23:40.783Z] error: <httpProxy> [ 500, [AggregateError: ] { code: 'ECONNREFUSED' } ]
[2026-03-17T07:23:40.784Z] error: <credentialedProxyHandler> HTTP Error 500 calling https://localhost:9443/api/kubernetes/1/applications/count
[2026-03-17T07:23:40.791Z] error: <httpProxy> Error calling https://localhost:9443/api/kubernetes/1/services/count...
[2026-03-17T07:23:40.793Z] error: <httpProxy> [ 500, [AggregateError: ] { code: 'ECONNREFUSED' } ]
[2026-03-17T07:23:40.793Z] error: <credentialedProxyHandler> HTTP Error 500 calling https://localhost:9443/api/kubernetes/1/services/count
[2026-03-17T07:23:40.838Z] error: <httpProxy> Error calling https://localhost:9443/api/kubernetes/1/namespaces/count...
[2026-03-17T07:23:40.838Z] error: <httpProxy> [ 500, [AggregateError: ] { code: 'ECONNREFUSED' } ]
[2026-03-17T07:23:40.839Z] error: <credentialedProxyHandler> HTTP Error 500 calling https://localhost:9443/api/kubernetes/1/namespaces/count
[2026-03-17T07:23:40.840Z] error: <httpProxy> Error calling http://localhost:8080/api/login...
[2026-03-17T07:23:40.841Z] error: <httpProxy> [ 500, [AggregateError: ] { code: 'ECONNREFUSED' } ]
[2026-03-17T07:23:40.841Z] error: <filebrowserProxyHandler> Unexpected status code 500 when logging in to Filebrowser API for service 'File Browser'
[2026-03-17T07:23:40.870Z] error: <httpProxy> Error calling http://localhost:8096/emby/Sessions...
[2026-03-17T07:23:40.871Z] error: <httpProxy> [ 500, [AggregateError: ] { code: 'ECONNREFUSED' } ]
[2026-03-17T07:23:40.871Z] error: <jellyfinProxyHandler> HTTP Error 500 calling http://localhost:8096/emby/Sessions?api_key=7c0d5732c0e342db8d7e6a926ba42a30
[2026-03-17T07:23:40.930Z] error: <httpProxy> Error calling http://localhost:8096/emby/Items/Counts...
[2026-03-17T07:23:40.931Z] error: <httpProxy> [ 500, [AggregateError: ] { code: 'ECONNREFUSED' } ]
[2026-03-17T07:23:40.931Z] error: <jellyfinProxyHandler> HTTP Error 500 calling http://localhost:8096/emby/Items/Counts?api_key=7c0d5732c0e342db8d7e6a926ba42a30
[2026-03-17T07:23:45.395Z] error: <httpProxy> Error calling http://localhost:8096/emby/Sessions...
[2026-03-17T07:23:45.396Z] error: <httpProxy> [ 500, [AggregateError: ] { code: 'ECONNREFUSED' } ]
[2026-03-17T07:23:45.396Z] error: <jellyfinProxyHandler> HTTP Error 500 calling http://localhost:8096/emby/Sessions?api_key=7c0d5732c0e342db8d7e6a926ba42a30
[2026-03-17T07:24:08.409Z] error: <httpProxy> Error calling https://localhost:9443/api/kubernetes/1/applications/count...
[2026-03-17T07:24:08.410Z] error: <httpProxy> [ 500, [AggregateError: ] { code: 'ECONNREFUSED' } ]
[2026-03-17T07:24:08.410Z] error: <credentialedProxyHandler> HTTP Error 500 calling https://localhost:9443/api/kubernetes/1/applications/count
[2026-03-17T07:24:08.456Z] error: <httpProxy> Error calling https://localhost:9443/api/kubernetes/1/services/count...
[2026-03-17T07:24:08.456Z] error: <httpProxy> [ 500, [AggregateError: ] { code: 'ECONNREFUSED' } ]
[2026-03-17T07:24:08.457Z] error: <credentialedProxyHandler> HTTP Error 500 calling https://localhost:9443/api/kubernetes/1/services/count
[2026-03-17T07:24:08.490Z] error: <httpProxy> Error calling https://localhost:9443/api/kubernetes/1/namespaces/count...
[2026-03-17T07:24:08.491Z] error: <httpProxy> [ 500, [AggregateError: ] { code: 'ECONNREFUSED' } ]
[2026-03-17T07:24:08.491Z] error: <credentialedProxyHandler> HTTP Error 500 calling https://localhost:9443/api/kubernetes/1/namespaces/count
[2026-03-17T07:24:08.496Z] error: <httpProxy> Error calling http://localhost:8080/api/login...
[2026-03-17T07:24:08.497Z] error: <httpProxy> [ 500, [AggregateError: ] { code: 'ECONNREFUSED' } ]
[2026-03-17T07:24:08.497Z] error: <filebrowserProxyHandler> Unexpected status code 500 when logging in to Filebrowser API for service 'File Browser'
[2026-03-17T07:24:08.529Z] error: <httpProxy> Error calling http://localhost:8096/emby/Sessions...
[2026-03-17T07:24:08.529Z] error: <httpProxy> [ 500, [AggregateError: ] { code: 'ECONNREFUSED' } ]
[2026-03-17T07:24:08.529Z] error: <jellyfinProxyHandler> HTTP Error 500 calling http://localhost:8096/emby/Sessions?api_key=7c0d5732c0e342db8d7e6a926ba42a30
[2026-03-17T07:24:08.530Z] error: <httpProxy> Error calling http://localhost:8096/emby/Items/Counts...
[2026-03-17T07:24:08.531Z] error: <httpProxy> [ 500, [AggregateError: ] { code: 'ECONNREFUSED' } ]
[2026-03-17T07:24:08.531Z] error: <jellyfinProxyHandler> HTTP Error 500 calling http://localhost:8096/emby/Items/Counts?api_key=7c0d5732c0e342db8d7e6a926ba42a30
[2026-03-17T07:24:10.738Z] error: <httpProxy> Error calling http://localhost:8096/emby/Sessions...
[2026-03-17T07:24:10.739Z] error: <httpProxy> [ 500, [AggregateError: ] { code: 'ECONNREFUSED' } ]
[2026-03-17T07:24:10.740Z] error: <jellyfinProxyHandler> HTTP Error 500 calling http://localhost:8096/emby/Sessions?api_key=7c0d5732c0e342db8d7e6a926ba42a30
[2026-03-17T07:24:12.456Z] error: <httpProxy> Error calling https://localhost:9443/api/kubernetes/1/applications/count...
[2026-03-17T07:24:12.457Z] error: <httpProxy> [ 500, [AggregateError: ] { code: 'ECONNREFUSED' } ]
[2026-03-17T07:24:12.457Z] error: <credentialedProxyHandler> HTTP Error 500 calling https://localhost:9443/api/kubernetes/1/applications/count
[2026-03-17T07:24:12.482Z] error: <httpProxy> Error calling https://localhost:9443/api/kubernetes/1/services/count...
[2026-03-17T07:24:12.482Z] error: <httpProxy> [ 500, [AggregateError: ] { code: 'ECONNREFUSED' } ]
[2026-03-17T07:24:12.483Z] error: <credentialedProxyHandler> HTTP Error 500 calling https://localhost:9443/api/kubernetes/1/services/count
[2026-03-17T07:24:12.512Z] error: <httpProxy> Error calling https://localhost:9443/api/kubernetes/1/namespaces/count...
[2026-03-17T07:24:12.513Z] error: <httpProxy> [ 500, [AggregateError: ] { code: 'ECONNREFUSED' } ]
[2026-03-17T07:24:12.513Z] error: <credentialedProxyHandler> HTTP Error 500 calling https://localhost:9443/api/kubernetes/1/namespaces/count
[2026-03-17T07:24:12.515Z] error: <httpProxy> Error calling http://localhost:8080/api/login...
[2026-03-17T07:24:12.515Z] error: <httpProxy> [ 500, [AggregateError: ] { code: 'ECONNREFUSED' } ]
[2026-03-17T07:24:12.516Z] error: <filebrowserProxyHandler> Unexpected status code 500 when logging in to Filebrowser API for service 'File Browser'
[2026-03-17T07:24:12.561Z] error: <httpProxy> Error calling http://localhost:8096/emby/Sessions...
[2026-03-17T07:24:12.561Z] error: <httpProxy> [ 500, [AggregateError: ] { code: 'ECONNREFUSED' } ]
[2026-03-17T07:24:12.562Z] error: <jellyfinProxyHandler> HTTP Error 500 calling http://localhost:8096/emby/Sessions?api_key=7c0d5732c0e342db8d7e6a926ba42a30
[2026-03-17T07:24:12.564Z] error: <httpProxy> Error calling http://localhost:8096/emby/Items/Counts...
[2026-03-17T07:24:12.565Z] error: <httpProxy> [ 500, [AggregateError: ] { code: 'ECONNREFUSED' } ]
[2026-03-17T07:24:12.565Z] error: <jellyfinProxyHandler> HTTP Error 500 calling http://localhost:8096/emby/Items/Counts?api_key=7c0d5732c0e342db8d7e6a926ba42a30
[2026-03-17T07:24:17.103Z] error: <httpProxy> Error calling http://localhost:8096/emby/Sessions...
[2026-03-17T07:24:17.104Z] error: <httpProxy> [ 500, [AggregateError: ] { code: 'ECONNREFUSED' } ]
[2026-03-17T07:24:17.104Z] error: <jellyfinProxyHandler> HTTP Error 500 calling http://localhost:8096/emby/Sessions?api_key=7c0d5732c0e342db8d7e6a926ba42a30
[2026-03-17T07:24:22.144Z] error: <httpProxy> Error calling http://localhost:8096/emby/Sessions...
[2026-03-17T07:24:22.144Z] error: <httpProxy> [ 500, [AggregateError: ] { code: 'ECONNREFUSED' } ]
[2026-03-17T07:24:22.145Z] error: <jellyfinProxyHandler> HTTP Error 500 calling http://localhost:8096/emby/Sessions?api_key=7c0d5732c0e342db8d7e6a926ba42a30
[2026-03-17T07:24:37.498Z] error: <httpProxy> Error calling https://localhost:9443/api/kubernetes/1/applications/count...
[2026-03-17T07:24:37.499Z] error: <httpProxy> [ 500, [AggregateError: ] { code: 'ECONNREFUSED' } ]
[2026-03-17T07:24:37.499Z] error: <credentialedProxyHandler> HTTP Error 500 calling https://localhost:9443/api/kubernetes/1/applications/count
[2026-03-17T07:24:37.539Z] error: <httpProxy> Error calling https://localhost:9443/api/kubernetes/1/services/count...
[2026-03-17T07:24:37.540Z] error: <httpProxy> [ 500, [AggregateError: ] { code: 'ECONNREFUSED' } ]
[2026-03-17T07:24:37.541Z] error: <credentialedProxyHandler> HTTP Error 500 calling https://localhost:9443/api/kubernetes/1/services/count
[2026-03-17T07:24:37.588Z] error: <httpProxy> Error calling https://localhost:9443/api/kubernetes/1/namespaces/count...
[2026-03-17T07:24:37.589Z] error: <httpProxy> [ 500, [AggregateError: ] { code: 'ECONNREFUSED' } ]
[2026-03-17T07:24:37.589Z] error: <credentialedProxyHandler> HTTP Error 500 calling https://localhost:9443/api/kubernetes/1/namespaces/count
[2026-03-17T07:24:37.591Z] error: <httpProxy> Error calling http://localhost:8080/api/login...
[2026-03-17T07:24:37.591Z] error: <httpProxy> [ 500, [AggregateError: ] { code: 'ECONNREFUSED' } ]
[2026-03-17T07:24:37.592Z] error: <filebrowserProxyHandler> Unexpected status code 500 when logging in to Filebrowser API for service 'File Browser'
[2026-03-17T07:24:37.630Z] error: <httpProxy> Error calling http://localhost:8096/emby/Items/Counts...
[2026-03-17T07:24:37.631Z] error: <httpProxy> [ 500, [AggregateError: ] { code: 'ECONNREFUSED' } ]
[2026-03-17T07:24:37.631Z] error: <jellyfinProxyHandler> HTTP Error 500 calling http://localhost:8096/emby/Items/Counts?api_key=7c0d5732c0e342db8d7e6a926ba42a30
[2026-03-17T07:24:37.634Z] error: <httpProxy> Error calling http://localhost:8096/emby/Sessions...
[2026-03-17T07:24:37.635Z] error: <httpProxy> [ 500, [AggregateError: ] { code: 'ECONNREFUSED' } ]
[2026-03-17T07:24:37.636Z] error: <jellyfinProxyHandler> HTTP Error 500 calling http://localhost:8096/emby/Sessions?api_key=7c0d5732c0e342db8d7e6a926ba42a30
[2026-03-17T07:24:52.057Z] error: <httpProxy> Error calling http://localhost:8080/api/login...
[2026-03-17T07:24:52.058Z] error: <httpProxy> [ 500, [AggregateError: ] { code: 'ECONNREFUSED' } ]
[2026-03-17T07:24:52.058Z] error: <filebrowserProxyHandler> Unexpected status code 500 when logging in to Filebrowser API for service 'File Browser'
[2026-03-17T07:24:52.070Z] error: <httpProxy> Error calling https://localhost:9443/api/kubernetes/1/applications/count...
[2026-03-17T07:24:52.071Z] error: <httpProxy> [ 500, [AggregateError: ] { code: 'ECONNREFUSED' } ]
[2026-03-17T07:24:52.071Z] error: <credentialedProxyHandler> HTTP Error 500 calling https://localhost:9443/api/kubernetes/1/applications/count
[2026-03-17T07:24:52.094Z] error: <httpProxy> Error calling https://localhost:9443/api/kubernetes/1/services/count...
[2026-03-17T07:24:52.095Z] error: <httpProxy> [ 500, [AggregateError: ] { code: 'ECONNREFUSED' } ]
[2026-03-17T07:24:52.096Z] error: <credentialedProxyHandler> HTTP Error 500 calling https://localhost:9443/api/kubernetes/1/services/count
[2026-03-17T07:24:52.110Z] error: <httpProxy> Error calling https://localhost:9443/api/kubernetes/1/namespaces/count...
[2026-03-17T07:24:52.111Z] error: <httpProxy> [ 500, [AggregateError: ] { code: 'ECONNREFUSED' } ]
[2026-03-17T07:24:52.111Z] error: <credentialedProxyHandler> HTTP Error 500 calling https://localhost:9443/api/kubernetes/1/namespaces/count
[2026-03-17T07:24:52.133Z] error: <httpProxy> Error calling http://localhost:8096/emby/Sessions...
[2026-03-17T07:24:52.134Z] error: <httpProxy> [ 500, [AggregateError: ] { code: 'ECONNREFUSED' } ]
[2026-03-17T07:24:52.134Z] error: <jellyfinProxyHandler> HTTP Error 500 calling http://localhost:8096/emby/Sessions?api_key=7c0d5732c0e342db8d7e6a926ba42a30
[2026-03-17T07:24:52.139Z] error: <httpProxy> Error calling http://localhost:8096/emby/Items/Counts...
[2026-03-17T07:24:52.140Z] error: <httpProxy> [ 500, [AggregateError: ] { code: 'ECONNREFUSED' } ]
[2026-03-17T07:24:52.140Z] error: <jellyfinProxyHandler> HTTP Error 500 calling http://localhost:8096/emby/Items/Counts?api_key=7c0d5732c0e342db8d7e6a926ba42a30
[2026-03-17T07:24:56.436Z] error: <httpProxy> Error calling http://localhost:8096/emby/Sessions...
[2026-03-17T07:24:56.437Z] error: <httpProxy> [ 500, [AggregateError: ] { code: 'ECONNREFUSED' } ]
[2026-03-17T07:24:56.437Z] error: <jellyfinProxyHandler> HTTP Error 500 calling http://localhost:8096/emby/Sessions?api_key=7c0d5732c0e342db8d7e6a926ba42a30
[2026-03-17T07:25:01.479Z] error: <httpProxy> Error calling http://localhost:8096/emby/Sessions...
[2026-03-17T07:25:01.480Z] error: <httpProxy> [ 500, [AggregateError: ] { code: 'ECONNREFUSED' } ]
[2026-03-17T07:25:01.480Z] error: <jellyfinProxyHandler> HTTP Error 500 calling http://localhost:8096/emby/Sessions?api_key=7c0d5732c0e342db8d7e6a926ba42a30
[2026-03-17T07:25:06.522Z] error: <httpProxy> Error calling http://localhost:8096/emby/Sessions...
[2026-03-17T07:25:06.523Z] error: <httpProxy> [ 500, [AggregateError: ] { code: 'ECONNREFUSED' } ]
[2026-03-17T07:25:06.523Z] error: <jellyfinProxyHandler> HTTP Error 500 calling http://localhost:8096/emby/Sessions?api_key=7c0d5732c0e342db8d7e6a926ba42a30
[2026-03-17T07:25:11.673Z] error: <httpProxy> Error calling http://localhost:8096/emby/Sessions...
[2026-03-17T07:25:11.674Z] error: <httpProxy> [ 500, [AggregateError: ] { code: 'ECONNREFUSED' } ]
[2026-03-17T07:25:11.674Z] error: <jellyfinProxyHandler> HTTP Error 500 calling http://localhost:8096/emby/Sessions?api_key=7c0d5732c0e342db8d7e6a926ba42a30
[2026-03-17T07:25:16.708Z] error: <httpProxy> Error calling http://localhost:8096/emby/Sessions...
[2026-03-17T07:25:16.709Z] error: <httpProxy> [ 500, [AggregateError: ] { code: 'ECONNREFUSED' } ]
[2026-03-17T07:25:16.710Z] error: <jellyfinProxyHandler> HTTP Error 500 calling http://localhost:8096/emby/Sessions?api_key=7c0d5732c0e342db8d7e6a926ba42a30
[2026-03-17T07:25:21.742Z] error: <httpProxy> Error calling http://localhost:8096/emby/Sessions...
[2026-03-17T07:25:21.742Z] error: <httpProxy> [ 500, [AggregateError: ] { code: 'ECONNREFUSED' } ]
[2026-03-17T07:25:21.743Z] error: <jellyfinProxyHandler> HTTP Error 500 calling http://localhost:8096/emby/Sessions?api_key=7c0d5732c0e342db8d7e6a926ba42a30
[2026-03-17T07:25:26.784Z] error: <httpProxy> Error calling http://localhost:8096/emby/Sessions...
[2026-03-17T07:25:26.785Z] error: <httpProxy> [ 500, [AggregateError: ] { code: 'ECONNREFUSED' } ]
[2026-03-17T07:25:26.786Z] error: <jellyfinProxyHandler> HTTP Error 500 calling http://localhost:8096/emby/Sessions?api_key=7c0d5732c0e342db8d7e6a926ba42a30
[2026-03-17T07:25:31.817Z] error: <httpProxy> Error calling http://localhost:8096/emby/Sessions...
[2026-03-17T07:25:31.818Z] error: <httpProxy> [ 500, [AggregateError: ] { code: 'ECONNREFUSED' } ]
[2026-03-17T07:25:31.818Z] error: <jellyfinProxyHandler> HTTP Error 500 calling http://localhost:8096/emby/Sessions?api_key=7c0d5732c0e342db8d7e6a926ba42a30
[2026-03-17T07:25:35.643Z] error: <httpProxy> Error calling http://localhost:8096/emby/Sessions...
[2026-03-17T07:25:35.644Z] error: <httpProxy> [ 500, [AggregateError: ] { code: 'ECONNREFUSED' } ]
[2026-03-17T07:25:35.645Z] error: <jellyfinProxyHandler> HTTP Error 500 calling http://localhost:8096/emby/Sessions?api_key=7c0d5732c0e342db8d7e6a926ba42a30
[2026-03-17T07:25:35.871Z] error: <httpProxy> Error calling https://localhost:9443/api/kubernetes/1/applications/count...
[2026-03-17T07:25:35.872Z] error: <httpProxy> [ 500, [AggregateError: ] { code: 'ECONNREFUSED' } ]
[2026-03-17T07:25:35.872Z] error: <credentialedProxyHandler> HTTP Error 500 calling https://localhost:9443/api/kubernetes/1/applications/count
[2026-03-17T07:25:35.934Z] error: <httpProxy> Error calling https://localhost:9443/api/kubernetes/1/services/count...
[2026-03-17T07:25:35.935Z] error: <httpProxy> [ 500, [AggregateError: ] { code: 'ECONNREFUSED' } ]
[2026-03-17T07:25:35.935Z] error: <credentialedProxyHandler> HTTP Error 500 calling https://localhost:9443/api/kubernetes/1/services/count
[2026-03-17T07:25:35.967Z] error: <httpProxy> Error calling https://localhost:9443/api/kubernetes/1/namespaces/count...
[2026-03-17T07:25:35.968Z] error: <httpProxy> [ 500, [AggregateError: ] { code: 'ECONNREFUSED' } ]
[2026-03-17T07:25:35.968Z] error: <credentialedProxyHandler> HTTP Error 500 calling https://localhost:9443/api/kubernetes/1/namespaces/count
[2026-03-17T07:25:35.972Z] error: <httpProxy> Error calling http://localhost:8080/api/login...
[2026-03-17T07:25:35.972Z] error: <httpProxy> [ 500, [AggregateError: ] { code: 'ECONNREFUSED' } ]
[2026-03-17T07:25:35.973Z] error: <filebrowserProxyHandler> Unexpected status code 500 when logging in to Filebrowser API for service 'File Browser'
[2026-03-17T07:25:36.021Z] warn: <resources> Drive not found for target: /disk/mount/path
[2026-03-17T07:25:36.023Z] error: <httpProxy> Error calling http://localhost:8096/emby/Items/Counts...
[2026-03-17T07:25:36.024Z] error: <httpProxy> [ 500, [AggregateError: ] { code: 'ECONNREFUSED' } ]
[2026-03-17T07:25:36.024Z] error: <jellyfinProxyHandler> HTTP Error 500 calling http://localhost:8096/emby/Items/Counts?api_key=7c0d5732c0e342db8d7e6a926ba42a30
[2026-03-17T07:25:36.858Z] error: <httpProxy> Error calling http://localhost:8096/emby/Sessions...
[2026-03-17T07:25:36.859Z] error: <httpProxy> [ 500, [AggregateError: ] { code: 'ECONNREFUSED' } ]
[2026-03-17T07:25:36.859Z] error: <jellyfinProxyHandler> HTTP Error 500 calling http://localhost:8096/emby/Sessions?api_key=7c0d5732c0e342db8d7e6a926ba42a30
[2026-03-17T07:25:37.273Z] warn: <resources> Drive not found for target: /disk/mount/path
[2026-03-17T07:25:37.538Z] error: <httpProxy> Error calling https://localhost:9443/api/kubernetes/1/applications/count...
[2026-03-17T07:25:37.539Z] error: <httpProxy> [ 500, [AggregateError: ] { code: 'ECONNREFUSED' } ]
[2026-03-17T07:25:37.539Z] error: <credentialedProxyHandler> HTTP Error 500 calling https://localhost:9443/api/kubernetes/1/applications/count
[2026-03-17T07:25:37.576Z] error: <httpProxy> Error calling https://localhost:9443/api/kubernetes/1/services/count...
[2026-03-17T07:25:37.577Z] error: <httpProxy> [ 500, [AggregateError: ] { code: 'ECONNREFUSED' } ]
[2026-03-17T07:25:37.577Z] error: <credentialedProxyHandler> HTTP Error 500 calling https://localhost:9443/api/kubernetes/1/services/count
[2026-03-17T07:25:37.610Z] error: <httpProxy> Error calling https://localhost:9443/api/kubernetes/1/namespaces/count...
[2026-03-17T07:25:37.611Z] error: <httpProxy> [ 500, [AggregateError: ] { code: 'ECONNREFUSED' } ]
[2026-03-17T07:25:37.611Z] error: <credentialedProxyHandler> HTTP Error 500 calling https://localhost:9443/api/kubernetes/1/namespaces/count
[2026-03-17T07:25:37.642Z] error: <httpProxy> Error calling http://localhost:8080/api/login...
[2026-03-17T07:25:37.643Z] error: <httpProxy> [ 500, [AggregateError: ] { code: 'ECONNREFUSED' } ]
[2026-03-17T07:25:37.643Z] error: <filebrowserProxyHandler> Unexpected status code 500 when logging in to Filebrowser API for service 'File Browser'
[2026-03-17T07:25:37.672Z] error: <httpProxy> Error calling http://localhost:8096/emby/Sessions...
[2026-03-17T07:25:37.673Z] error: <httpProxy> [ 500, [AggregateError: ] { code: 'ECONNREFUSED' } ]
[2026-03-17T07:25:37.673Z] error: <jellyfinProxyHandler> HTTP Error 500 calling http://localhost:8096/emby/Sessions?api_key=7c0d5732c0e342db8d7e6a926ba42a30
[2026-03-17T07:25:37.718Z] error: <httpProxy> Error calling http://localhost:8096/emby/Items/Counts...
[2026-03-17T07:25:37.720Z] error: <httpProxy> [ 500, [AggregateError: ] { code: 'ECONNREFUSED' } ]
[2026-03-17T07:25:37.720Z] error: <jellyfinProxyHandler> HTTP Error 500 calling http://localhost:8096/emby/Items/Counts?api_key=7c0d5732c0e342db8d7e6a926ba42a30
[2026-03-17T07:25:40.136Z] warn: <resources> Drive not found for target: /disk/mount/path
[2026-03-17T07:25:41.904Z] error: <httpProxy> Error calling http://localhost:8096/emby/Sessions...
[2026-03-17T07:25:41.905Z] error: <httpProxy> [ 500, [AggregateError: ] { code: 'ECONNREFUSED' } ]
[2026-03-17T07:25:41.905Z] error: <jellyfinProxyHandler> HTTP Error 500 calling http://localhost:8096/emby/Sessions?api_key=7c0d5732c0e342db8d7e6a926ba42a30
[2026-03-17T07:25:42.227Z] error: <httpProxy> Error calling http://localhost:8096/emby/Sessions...
[2026-03-17T07:25:42.228Z] error: <httpProxy> [ 500, [AggregateError: ] { code: 'ECONNREFUSED' } ]
[2026-03-17T07:25:42.228Z] error: <jellyfinProxyHandler> HTTP Error 500 calling http://localhost:8096/emby/Sessions?api_key=7c0d5732c0e342db8d7e6a926ba42a30
[2026-03-17T07:25:43.318Z] warn: <resources> Drive not found for target: /disk/mount/path
[2026-03-17T07:25:46.938Z] error: <httpProxy> Error calling http://localhost:8096/emby/Sessions...
[2026-03-17T07:25:46.939Z] error: <httpProxy> [ 500, [AggregateError: ] { code: 'ECONNREFUSED' } ]
[2026-03-17T07:25:46.940Z] error: <jellyfinProxyHandler> HTTP Error 500 calling http://localhost:8096/emby/Sessions?api_key=7c0d5732c0e342db8d7e6a926ba42a30
[2026-03-17T07:25:49.240Z] warn: <resources> Drive not found for target: /disk/mount/path
[2026-03-17T07:25:49.687Z] error: <httpProxy> Error calling https://localhost:9443/api/kubernetes/1/applications/count...
[2026-03-17T07:25:49.688Z] error: <httpProxy> [ 500, [AggregateError: ] { code: 'ECONNREFUSED' } ]
[2026-03-17T07:25:49.689Z] error: <credentialedProxyHandler> HTTP Error 500 calling https://localhost:9443/api/kubernetes/1/applications/count
[2026-03-17T07:25:49.766Z] error: <httpProxy> Error calling https://localhost:9443/api/kubernetes/1/services/count...
[2026-03-17T07:25:49.767Z] error: <httpProxy> [ 500, [AggregateError: ] { code: 'ECONNREFUSED' } ]
[2026-03-17T07:25:49.767Z] error: <credentialedProxyHandler> HTTP Error 500 calling https://localhost:9443/api/kubernetes/1/services/count
[2026-03-17T07:25:49.847Z] error: <httpProxy> Error calling https://localhost:9443/api/kubernetes/1/namespaces/count...
[2026-03-17T07:25:49.848Z] error: <httpProxy> [ 500, [AggregateError: ] { code: 'ECONNREFUSED' } ]
[2026-03-17T07:25:49.848Z] error: <credentialedProxyHandler> HTTP Error 500 calling https://localhost:9443/api/kubernetes/1/namespaces/count
[2026-03-17T07:25:49.850Z] error: <httpProxy> Error calling http://localhost:8080/api/login...
[2026-03-17T07:25:49.851Z] error: <httpProxy> [ 500, [AggregateError: ] { code: 'ECONNREFUSED' } ]
[2026-03-17T07:25:49.851Z] error: <filebrowserProxyHandler> Unexpected status code 500 when logging in to Filebrowser API for service 'File Browser'
[2026-03-17T07:25:49.894Z] error: <httpProxy> Error calling http://localhost:8096/emby/Items/Counts...
[2026-03-17T07:25:49.895Z] error: <httpProxy> [ 500, [AggregateError: ] { code: 'ECONNREFUSED' } ]
[2026-03-17T07:25:49.895Z] error: <jellyfinProxyHandler> HTTP Error 500 calling http://localhost:8096/emby/Items/Counts?api_key=7c0d5732c0e342db8d7e6a926ba42a30
[2026-03-17T07:25:49.898Z] error: <httpProxy> Error calling http://localhost:8096/emby/Sessions...
[2026-03-17T07:25:49.898Z] error: <httpProxy> [ 500, [AggregateError: ] { code: 'ECONNREFUSED' } ]
[2026-03-17T07:25:49.899Z] error: <jellyfinProxyHandler> HTTP Error 500 calling http://localhost:8096/emby/Sessions?api_key=7c0d5732c0e342db8d7e6a926ba42a30
[2026-03-17T07:25:51.440Z] error: <httpProxy> Error calling http://localhost:8096/emby/Items/Counts...
[2026-03-17T07:25:51.441Z] error: <httpProxy> [ 500, [AggregateError: ] { code: 'ECONNREFUSED' } ]
[2026-03-17T07:25:51.441Z] error: <jellyfinProxyHandler> HTTP Error 500 calling http://localhost:8096/emby/Items/Counts?api_key=7c0d5732c0e342db8d7e6a926ba42a30
[2026-03-17T07:25:51.982Z] error: <httpProxy> Error calling http://localhost:8096/emby/Sessions...
[2026-03-17T07:25:51.983Z] error: <httpProxy> [ 500, [AggregateError: ] { code: 'ECONNREFUSED' } ]
[2026-03-17T07:25:51.984Z] error: <jellyfinProxyHandler> HTTP Error 500 calling http://localhost:8096/emby/Sessions?api_key=7c0d5732c0e342db8d7e6a926ba42a30
[2026-03-17T07:25:52.483Z] warn: <resources> Drive not found for target: /disk/mount/path
[2026-03-17T07:25:52.489Z] error: <httpProxy> Error calling http://localhost:8096/emby/Sessions...
[2026-03-17T07:25:52.490Z] error: <httpProxy> [ 500, [AggregateError: ] { code: 'ECONNREFUSED' } ]
[2026-03-17T07:25:52.490Z] error: <jellyfinProxyHandler> HTTP Error 500 calling http://localhost:8096/emby/Sessions?api_key=7c0d5732c0e342db8d7e6a926ba42a30
[2026-03-17T07:25:57.025Z] error: <httpProxy> Error calling http://localhost:8096/emby/Sessions...
[2026-03-17T07:25:57.026Z] error: <httpProxy> [ 500, [AggregateError: ] { code: 'ECONNREFUSED' } ]
[2026-03-17T07:25:57.026Z] error: <jellyfinProxyHandler> HTTP Error 500 calling http://localhost:8096/emby/Sessions?api_key=7c0d5732c0e342db8d7e6a926ba42a30
[2026-03-17T07:26:02.063Z] error: <httpProxy> Error calling http://localhost:8096/emby/Sessions...
[2026-03-17T07:26:02.064Z] error: <httpProxy> [ 500, [AggregateError: ] { code: 'ECONNREFUSED' } ]
[2026-03-17T07:26:02.065Z] error: <jellyfinProxyHandler> HTTP Error 500 calling http://localhost:8096/emby/Sessions?api_key=7c0d5732c0e342db8d7e6a926ba42a30
[2026-03-17T07:26:07.109Z] error: <httpProxy> Error calling http://localhost:8096/emby/Sessions...
[2026-03-17T07:26:07.110Z] error: <httpProxy> [ 500, [AggregateError: ] { code: 'ECONNREFUSED' } ]
[2026-03-17T07:26:07.110Z] error: <jellyfinProxyHandler> HTTP Error 500 calling http://localhost:8096/emby/Sessions?api_key=7c0d5732c0e342db8d7e6a926ba42a30
[2026-03-17T07:26:07.388Z] warn: <resources> Drive not found for target: /disk/mount/path
[2026-03-17T07:26:08.410Z] error: <httpProxy> Error calling https://localhost:9443/api/kubernetes/1/services/count...
[2026-03-17T07:26:08.411Z] error: <httpProxy> [ 500, [AggregateError: ] { code: 'ECONNREFUSED' } ]
[2026-03-17T07:26:08.411Z] error: <credentialedProxyHandler> HTTP Error 500 calling https://localhost:9443/api/kubernetes/1/services/count
[2026-03-17T07:26:08.415Z] error: <httpProxy> Error calling https://localhost:9443/api/kubernetes/1/applications/count...
[2026-03-17T07:26:08.416Z] error: <httpProxy> [ 500, [AggregateError: ] { code: 'ECONNREFUSED' } ]
[2026-03-17T07:26:08.416Z] error: <credentialedProxyHandler> HTTP Error 500 calling https://localhost:9443/api/kubernetes/1/applications/count
[2026-03-17T07:26:08.452Z] error: <httpProxy> Error calling https://localhost:9443/api/kubernetes/1/namespaces/count...
[2026-03-17T07:26:08.453Z] error: <httpProxy> [ 500, [AggregateError: ] { code: 'ECONNREFUSED' } ]
[2026-03-17T07:26:08.453Z] error: <credentialedProxyHandler> HTTP Error 500 calling https://localhost:9443/api/kubernetes/1/namespaces/count
[2026-03-17T07:26:08.456Z] error: <httpProxy> Error calling http://localhost:8080/api/login...
[2026-03-17T07:26:08.457Z] error: <httpProxy> [ 500, [AggregateError: ] { code: 'ECONNREFUSED' } ]
[2026-03-17T07:26:08.457Z] error: <filebrowserProxyHandler> Unexpected status code 500 when logging in to Filebrowser API for service 'File Browser'
[2026-03-17T07:26:08.495Z] error: <httpProxy> Error calling http://localhost:8096/emby/Sessions...
[2026-03-17T07:26:08.496Z] error: <httpProxy> [ 500, [AggregateError: ] { code: 'ECONNREFUSED' } ]
[2026-03-17T07:26:08.496Z] error: <jellyfinProxyHandler> HTTP Error 500 calling http://localhost:8096/emby/Sessions?api_key=7c0d5732c0e342db8d7e6a926ba42a30
[2026-03-17T07:26:08.499Z] error: <httpProxy> Error calling http://localhost:8096/emby/Items/Counts...
[2026-03-17T07:26:08.499Z] error: <httpProxy> [ 500, [AggregateError: ] { code: 'ECONNREFUSED' } ]
[2026-03-17T07:26:08.500Z] error: <jellyfinProxyHandler> HTTP Error 500 calling http://localhost:8096/emby/Items/Counts?api_key=7c0d5732c0e342db8d7e6a926ba42a30
[2026-03-17T07:26:09.166Z] warn: <resources> Drive not found for target: /disk/mount/path
[2026-03-17T07:26:09.427Z] error: <httpProxy> Error calling https://localhost:9443/api/kubernetes/1/applications/count...
[2026-03-17T07:26:09.428Z] error: <httpProxy> [ 500, [AggregateError: ] { code: 'ECONNREFUSED' } ]
[2026-03-17T07:26:09.429Z] error: <credentialedProxyHandler> HTTP Error 500 calling https://localhost:9443/api/kubernetes/1/applications/count
[2026-03-17T07:26:09.470Z] error: <httpProxy> Error calling https://localhost:9443/api/kubernetes/1/services/count...
[2026-03-17T07:26:09.470Z] error: <httpProxy> [ 500, [AggregateError: ] { code: 'ECONNREFUSED' } ]
[2026-03-17T07:26:09.471Z] error: <credentialedProxyHandler> HTTP Error 500 calling https://localhost:9443/api/kubernetes/1/services/count
[2026-03-17T07:26:09.472Z] error: <httpProxy> Error calling https://localhost:9443/api/kubernetes/1/namespaces/count...
[2026-03-17T07:26:09.473Z] error: <httpProxy> [ 500, [AggregateError: ] { code: 'ECONNREFUSED' } ]
[2026-03-17T07:26:09.473Z] error: <credentialedProxyHandler> HTTP Error 500 calling https://localhost:9443/api/kubernetes/1/namespaces/count
[2026-03-17T07:26:09.503Z] error: <httpProxy> Error calling http://localhost:8080/api/login...
[2026-03-17T07:26:09.503Z] error: <httpProxy> [ 500, [AggregateError: ] { code: 'ECONNREFUSED' } ]
[2026-03-17T07:26:09.504Z] error: <filebrowserProxyHandler> Unexpected status code 500 when logging in to Filebrowser API for service 'File Browser'
[2026-03-17T07:26:09.537Z] error: <httpProxy> Error calling http://localhost:8096/emby/Sessions...
[2026-03-17T07:26:09.538Z] error: <httpProxy> [ 500, [AggregateError: ] { code: 'ECONNREFUSED' } ]
[2026-03-17T07:26:09.539Z] error: <jellyfinProxyHandler> HTTP Error 500 calling http://localhost:8096/emby/Sessions?api_key=7c0d5732c0e342db8d7e6a926ba42a30
[2026-03-17T07:26:09.542Z] error: <httpProxy> Error calling http://localhost:8096/emby/Items/Counts...
[2026-03-17T07:26:09.542Z] error: <httpProxy> [ 500, [AggregateError: ] { code: 'ECONNREFUSED' } ]
[2026-03-17T07:26:09.543Z] error: <jellyfinProxyHandler> HTTP Error 500 calling http://localhost:8096/emby/Items/Counts?api_key=7c0d5732c0e342db8d7e6a926ba42a30
[2026-03-17T07:26:12.149Z] error: <httpProxy> Error calling http://localhost:8096/emby/Sessions...
[2026-03-17T07:26:12.151Z] error: <httpProxy> [ 500, [AggregateError: ] { code: 'ECONNREFUSED' } ]
[2026-03-17T07:26:12.151Z] error: <jellyfinProxyHandler> HTTP Error 500 calling http://localhost:8096/emby/Sessions?api_key=7c0d5732c0e342db8d7e6a926ba42a30
[2026-03-17T07:26:14.310Z] warn: <resources> Drive not found for target: /disk/mount/path
[2026-03-17T07:26:14.716Z] error: <httpProxy> Error calling https://localhost:9443/api/kubernetes/1/applications/count...
[2026-03-17T07:26:14.717Z] error: <httpProxy> [ 500, [AggregateError: ] { code: 'ECONNREFUSED' } ]
[2026-03-17T07:26:14.717Z] error: <credentialedProxyHandler> HTTP Error 500 calling https://localhost:9443/api/kubernetes/1/applications/count
[2026-03-17T07:26:14.724Z] error: <httpProxy> Error calling https://localhost:9443/api/kubernetes/1/services/count...
[2026-03-17T07:26:14.725Z] error: <httpProxy> [ 500, [AggregateError: ] { code: 'ECONNREFUSED' } ]
[2026-03-17T07:26:14.725Z] error: <credentialedProxyHandler> HTTP Error 500 calling https://localhost:9443/api/kubernetes/1/services/count
[2026-03-17T07:26:14.756Z] error: <httpProxy> Error calling https://localhost:9443/api/kubernetes/1/namespaces/count...
[2026-03-17T07:26:14.757Z] error: <httpProxy> [ 500, [AggregateError: ] { code: 'ECONNREFUSED' } ]
[2026-03-17T07:26:14.757Z] error: <credentialedProxyHandler> HTTP Error 500 calling https://localhost:9443/api/kubernetes/1/namespaces/count
[2026-03-17T07:26:14.760Z] error: <httpProxy> Error calling http://localhost:8080/api/login...
[2026-03-17T07:26:14.761Z] error: <httpProxy> [ 500, [AggregateError: ] { code: 'ECONNREFUSED' } ]
[2026-03-17T07:26:14.761Z] error: <filebrowserProxyHandler> Unexpected status code 500 when logging in to Filebrowser API for service 'File Browser'
[2026-03-17T07:26:14.790Z] error: <httpProxy> Error calling http://localhost:8096/emby/Sessions...
[2026-03-17T07:26:14.790Z] error: <httpProxy> [ 500, [AggregateError: ] { code: 'ECONNREFUSED' } ]
[2026-03-17T07:26:14.791Z] error: <jellyfinProxyHandler> HTTP Error 500 calling http://localhost:8096/emby/Sessions?api_key=7c0d5732c0e342db8d7e6a926ba42a30
[2026-03-17T07:26:14.793Z] error: <httpProxy> Error calling http://localhost:8096/emby/Items/Counts...
[2026-03-17T07:26:14.796Z] error: <httpProxy> [ 500, [AggregateError: ] { code: 'ECONNREFUSED' } ]
[2026-03-17T07:26:14.798Z] error: <jellyfinProxyHandler> HTTP Error 500 calling http://localhost:8096/emby/Items/Counts?api_key=7c0d5732c0e342db8d7e6a926ba42a30
[2026-03-17T07:26:15.867Z] error: <httpProxy> Error calling https://localhost:9443/api/kubernetes/1/applications/count...
[2026-03-17T07:26:15.868Z] error: <httpProxy> [ 500, [AggregateError: ] { code: 'ECONNREFUSED' } ]
[2026-03-17T07:26:15.868Z] error: <credentialedProxyHandler> HTTP Error 500 calling https://localhost:9443/api/kubernetes/1/applications/count
[2026-03-17T07:26:15.931Z] error: <httpProxy> Error calling https://localhost:9443/api/kubernetes/1/services/count...
[2026-03-17T07:26:15.933Z] error: <httpProxy> [ 500, [AggregateError: ] { code: 'ECONNREFUSED' } ]
[2026-03-17T07:26:15.933Z] error: <credentialedProxyHandler> HTTP Error 500 calling https://localhost:9443/api/kubernetes/1/services/count
[2026-03-17T07:26:15.958Z] error: <httpProxy> Error calling https://localhost:9443/api/kubernetes/1/namespaces/count...
[2026-03-17T07:26:15.959Z] error: <httpProxy> [ 500, [AggregateError: ] { code: 'ECONNREFUSED' } ]
[2026-03-17T07:26:15.959Z] error: <credentialedProxyHandler> HTTP Error 500 calling https://localhost:9443/api/kubernetes/1/namespaces/count
[2026-03-17T07:26:16.022Z] error: <httpProxy> Error calling http://localhost:8080/api/login...
[2026-03-17T07:26:16.023Z] error: <httpProxy> [ 500, [AggregateError: ] { code: 'ECONNREFUSED' } ]
[2026-03-17T07:26:16.023Z] error: <filebrowserProxyHandler> Unexpected status code 500 when logging in to Filebrowser API for service 'File Browser'
[2026-03-17T07:26:16.036Z] error: <httpProxy> Error calling http://localhost:8096/emby/Sessions...
[2026-03-17T07:26:16.037Z] error: <httpProxy> [ 500, [AggregateError: ] { code: 'ECONNREFUSED' } ]
[2026-03-17T07:26:16.037Z] error: <jellyfinProxyHandler> HTTP Error 500 calling http://localhost:8096/emby/Sessions?api_key=7c0d5732c0e342db8d7e6a926ba42a30
[2026-03-17T07:26:16.070Z] error: <httpProxy> Error calling http://localhost:8096/emby/Items/Counts...
[2026-03-17T07:26:16.070Z] error: <httpProxy> [ 500, [AggregateError: ] { code: 'ECONNREFUSED' } ]
[2026-03-17T07:26:16.071Z] error: <jellyfinProxyHandler> HTTP Error 500 calling http://localhost:8096/emby/Items/Counts?api_key=7c0d5732c0e342db8d7e6a926ba42a30
[2026-03-17T07:26:17.222Z] error: <httpProxy> Error calling http://localhost:8096/emby/Sessions...
[2026-03-17T07:26:17.222Z] error: <httpProxy> [ 500, [AggregateError: ] { code: 'ECONNREFUSED' } ]
[2026-03-17T07:26:17.223Z] error: <jellyfinProxyHandler> HTTP Error 500 calling http://localhost:8096/emby/Sessions?api_key=7c0d5732c0e342db8d7e6a926ba42a30
[2026-03-17T07:26:22.252Z] error: <httpProxy> Error calling http://localhost:8096/emby/Sessions...
[2026-03-17T07:26:22.253Z] error: <httpProxy> [ 500, [AggregateError: ] { code: 'ECONNREFUSED' } ]
[2026-03-17T07:26:22.253Z] error: <jellyfinProxyHandler> HTTP Error 500 calling http://localhost:8096/emby/Sessions?api_key=7c0d5732c0e342db8d7e6a926ba42a30
[2026-03-17T07:26:27.447Z] error: <httpProxy> Error calling http://localhost:8096/emby/Sessions...
[2026-03-17T07:26:27.448Z] error: <httpProxy> [ 500, [AggregateError: ] { code: 'ECONNREFUSED' } ]
[2026-03-17T07:26:27.449Z] error: <jellyfinProxyHandler> HTTP Error 500 calling http://localhost:8096/emby/Sessions?api_key=7c0d5732c0e342db8d7e6a926ba42a30
[2026-03-17T07:26:27.636Z] error: <httpProxy> Error calling https://localhost:9443/api/kubernetes/1/applications/count...
[2026-03-17T07:26:27.637Z] error: <httpProxy> [ 500, [AggregateError: ] { code: 'ECONNREFUSED' } ]
[2026-03-17T07:26:27.638Z] error: <credentialedProxyHandler> HTTP Error 500 calling https://localhost:9443/api/kubernetes/1/applications/count
[2026-03-17T07:26:27.676Z] error: <httpProxy> Error calling https://localhost:9443/api/kubernetes/1/services/count...
[2026-03-17T07:26:27.677Z] error: <httpProxy> [ 500, [AggregateError: ] { code: 'ECONNREFUSED' } ]
[2026-03-17T07:26:27.677Z] error: <credentialedProxyHandler> HTTP Error 500 calling https://localhost:9443/api/kubernetes/1/services/count
[2026-03-17T07:26:27.725Z] error: <httpProxy> Error calling https://localhost:9443/api/kubernetes/1/namespaces/count...
[2026-03-17T07:26:27.728Z] error: <httpProxy> [ 500, [AggregateError: ] { code: 'ECONNREFUSED' } ]
[2026-03-17T07:26:27.728Z] error: <credentialedProxyHandler> HTTP Error 500 calling https://localhost:9443/api/kubernetes/1/namespaces/count
[2026-03-17T07:26:27.732Z] error: <httpProxy> Error calling http://localhost:8080/api/login...
[2026-03-17T07:26:27.733Z] error: <httpProxy> [ 500, [AggregateError: ] { code: 'ECONNREFUSED' } ]
[2026-03-17T07:26:27.734Z] error: <filebrowserProxyHandler> Unexpected status code 500 when logging in to Filebrowser API for service 'File Browser'
[2026-03-17T07:26:27.771Z] error: <httpProxy> Error calling http://localhost:8096/emby/Sessions...
[2026-03-17T07:26:27.772Z] error: <httpProxy> [ 500, [AggregateError: ] { code: 'ECONNREFUSED' } ]
[2026-03-17T07:26:27.772Z] error: <jellyfinProxyHandler> HTTP Error 500 calling http://localhost:8096/emby/Sessions?api_key=7c0d5732c0e342db8d7e6a926ba42a30
[2026-03-17T07:26:27.774Z] error: <httpProxy> Error calling http://localhost:8096/emby/Items/Counts...
[2026-03-17T07:26:27.775Z] error: <httpProxy> [ 500, [AggregateError: ] { code: 'ECONNREFUSED' } ]
[2026-03-17T07:26:27.775Z] error: <jellyfinProxyHandler> HTTP Error 500 calling http://localhost:8096/emby/Items/Counts?api_key=7c0d5732c0e342db8d7e6a926ba42a30
[2026-03-17T07:26:30.553Z] error: <httpProxy> Error calling http://localhost:8096/emby/Sessions...
[2026-03-17T07:26:30.554Z] error: <httpProxy> [ 500, [AggregateError: ] { code: 'ECONNREFUSED' } ]
[2026-03-17T07:26:30.555Z] error: <jellyfinProxyHandler> HTTP Error 500 calling http://localhost:8096/emby/Sessions?api_key=7c0d5732c0e342db8d7e6a926ba42a30
[2026-03-17T07:26:32.501Z] error: <httpProxy> Error calling http://localhost:8096/emby/Sessions...
[2026-03-17T07:26:32.502Z] error: <httpProxy> [ 500, [AggregateError: ] { code: 'ECONNREFUSED' } ]
[2026-03-17T07:26:32.503Z] error: <jellyfinProxyHandler> HTTP Error 500 calling http://localhost:8096/emby/Sessions?api_key=7c0d5732c0e342db8d7e6a926ba42a30
[2026-03-17T07:26:33.050Z] error: <httpProxy> Error calling https://localhost:9443/api/kubernetes/1/applications/count...
[2026-03-17T07:26:33.050Z] error: <httpProxy> [ 500, [AggregateError: ] { code: 'ECONNREFUSED' } ]
[2026-03-17T07:26:33.051Z] error: <credentialedProxyHandler> HTTP Error 500 calling https://localhost:9443/api/kubernetes/1/applications/count
[2026-03-17T07:26:33.097Z] error: <httpProxy> Error calling https://localhost:9443/api/kubernetes/1/services/count...
[2026-03-17T07:26:33.098Z] error: <httpProxy> [ 500, [AggregateError: ] { code: 'ECONNREFUSED' } ]
[2026-03-17T07:26:33.098Z] error: <credentialedProxyHandler> HTTP Error 500 calling https://localhost:9443/api/kubernetes/1/services/count
[2026-03-17T07:26:33.130Z] error: <httpProxy> Error calling https://localhost:9443/api/kubernetes/1/namespaces/count...
[2026-03-17T07:26:33.130Z] error: <httpProxy> [ 500, [AggregateError: ] { code: 'ECONNREFUSED' } ]
[2026-03-17T07:26:33.131Z] error: <credentialedProxyHandler> HTTP Error 500 calling https://localhost:9443/api/kubernetes/1/namespaces/count
[2026-03-17T07:26:33.142Z] error: <httpProxy> Error calling http://localhost:8080/api/login...
[2026-03-17T07:26:33.142Z] error: <httpProxy> [ 500, [AggregateError: ] { code: 'ECONNREFUSED' } ]
[2026-03-17T07:26:33.143Z] error: <filebrowserProxyHandler> Unexpected status code 500 when logging in to Filebrowser API for service 'File Browser'
[2026-03-17T07:26:33.176Z] error: <httpProxy> Error calling http://localhost:8096/emby/Sessions...
[2026-03-17T07:26:33.176Z] error: <httpProxy> [ 500, [AggregateError: ] { code: 'ECONNREFUSED' } ]
[2026-03-17T07:26:33.177Z] error: <jellyfinProxyHandler> HTTP Error 500 calling http://localhost:8096/emby/Sessions?api_key=7c0d5732c0e342db8d7e6a926ba42a30
[2026-03-17T07:26:33.187Z] error: <httpProxy> Error calling http://localhost:8096/emby/Items/Counts...
[2026-03-17T07:26:33.188Z] error: <httpProxy> [ 500, [AggregateError: ] { code: 'ECONNREFUSED' } ]
[2026-03-17T07:26:33.188Z] error: <jellyfinProxyHandler> HTTP Error 500 calling http://localhost:8096/emby/Items/Counts?api_key=7c0d5732c0e342db8d7e6a926ba42a30
[2026-03-17T07:26:37.546Z] error: <httpProxy> Error calling http://localhost:8096/emby/Sessions...
[2026-03-17T07:26:37.547Z] error: <httpProxy> [ 500, [AggregateError: ] { code: 'ECONNREFUSED' } ]
[2026-03-17T07:26:37.548Z] error: <jellyfinProxyHandler> HTTP Error 500 calling http://localhost:8096/emby/Sessions?api_key=7c0d5732c0e342db8d7e6a926ba42a30
[2026-03-17T07:26:41.842Z] error: <httpProxy> Error calling https://localhost:9443/api/kubernetes/1/applications/count...
[2026-03-17T07:26:41.843Z] error: <httpProxy> [ 500, [AggregateError: ] { code: 'ECONNREFUSED' } ]
[2026-03-17T07:26:41.843Z] error: <credentialedProxyHandler> HTTP Error 500 calling https://localhost:9443/api/kubernetes/1/applications/count
[2026-03-17T07:26:41.895Z] error: <httpProxy> Error calling https://localhost:9443/api/kubernetes/1/services/count...
[2026-03-17T07:26:41.896Z] error: <httpProxy> [ 500, [AggregateError: ] { code: 'ECONNREFUSED' } ]
[2026-03-17T07:26:41.896Z] error: <credentialedProxyHandler> HTTP Error 500 calling https://localhost:9443/api/kubernetes/1/services/count
[2026-03-17T07:26:41.898Z] error: <httpProxy> Error calling https://localhost:9443/api/kubernetes/1/namespaces/count...
[2026-03-17T07:26:41.898Z] error: <httpProxy> [ 500, [AggregateError: ] { code: 'ECONNREFUSED' } ]
[2026-03-17T07:26:41.898Z] error: <credentialedProxyHandler> HTTP Error 500 calling https://localhost:9443/api/kubernetes/1/namespaces/count
[2026-03-17T07:26:41.940Z] error: <httpProxy> Error calling http://localhost:8080/api/login...
[2026-03-17T07:26:41.940Z] error: <httpProxy> [ 500, [AggregateError: ] { code: 'ECONNREFUSED' } ]
[2026-03-17T07:26:41.941Z] error: <filebrowserProxyHandler> Unexpected status code 500 when logging in to Filebrowser API for service 'File Browser'
[2026-03-17T07:26:41.944Z] error: <httpProxy> Error calling http://localhost:8096/emby/Sessions...
[2026-03-17T07:26:41.944Z] error: <httpProxy> [ 500, [AggregateError: ] { code: 'ECONNREFUSED' } ]
[2026-03-17T07:26:41.945Z] error: <jellyfinProxyHandler> HTTP Error 500 calling http://localhost:8096/emby/Sessions?api_key=7c0d5732c0e342db8d7e6a926ba42a30
[2026-03-17T07:26:41.998Z] warn: <resources> Drive not found for target: /disk/mount/path
[2026-03-17T07:26:42.000Z] error: <httpProxy> Error calling http://localhost:8096/emby/Items/Counts...
[2026-03-17T07:26:42.001Z] error: <httpProxy> [ 500, [AggregateError: ] { code: 'ECONNREFUSED' } ]
[2026-03-17T07:26:42.001Z] error: <jellyfinProxyHandler> HTTP Error 500 calling http://localhost:8096/emby/Items/Counts?api_key=7c0d5732c0e342db8d7e6a926ba42a30
[2026-03-17T07:26:42.670Z] warn: <resources> Drive not found for target: /disk/mount/path
[2026-03-17T07:26:42.765Z] error: <httpProxy> Error calling http://localhost:8096/emby/Sessions...
[2026-03-17T07:26:42.767Z] error: <httpProxy> [ 500, [AggregateError: ] { code: 'ECONNREFUSED' } ]
[2026-03-17T07:26:42.767Z] error: <jellyfinProxyHandler> HTTP Error 500 calling http://localhost:8096/emby/Sessions?api_key=7c0d5732c0e342db8d7e6a926ba42a30
[2026-03-17T07:26:42.970Z] error: <httpProxy> Error calling https://localhost:9443/api/kubernetes/1/applications/count...
[2026-03-17T07:26:42.971Z] error: <httpProxy> [ 500, [AggregateError: ] { code: 'ECONNREFUSED' } ]
[2026-03-17T07:26:42.971Z] error: <credentialedProxyHandler> HTTP Error 500 calling https://localhost:9443/api/kubernetes/1/applications/count
[2026-03-17T07:26:43.018Z] error: <httpProxy> Error calling https://localhost:9443/api/kubernetes/1/services/count...
[2026-03-17T07:26:43.019Z] error: <httpProxy> [ 500, [AggregateError: ] { code: 'ECONNREFUSED' } ]
[2026-03-17T07:26:43.019Z] error: <credentialedProxyHandler> HTTP Error 500 calling https://localhost:9443/api/kubernetes/1/services/count
[2026-03-17T07:26:43.058Z] error: <httpProxy> Error calling https://localhost:9443/api/kubernetes/1/namespaces/count...
[2026-03-17T07:26:43.059Z] error: <httpProxy> [ 500, [AggregateError: ] { code: 'ECONNREFUSED' } ]
[2026-03-17T07:26:43.059Z] error: <credentialedProxyHandler> HTTP Error 500 calling https://localhost:9443/api/kubernetes/1/namespaces/count
[2026-03-17T07:26:43.062Z] error: <httpProxy> Error calling http://localhost:8080/api/login...
[2026-03-17T07:26:43.062Z] error: <httpProxy> [ 500, [AggregateError: ] { code: 'ECONNREFUSED' } ]
[2026-03-17T07:26:43.062Z] error: <filebrowserProxyHandler> Unexpected status code 500 when logging in to Filebrowser API for service 'File Browser'
[2026-03-17T07:26:43.106Z] error: <httpProxy> Error calling http://localhost:8096/emby/Items/Counts...
[2026-03-17T07:26:43.107Z] error: <httpProxy> [ 500, [AggregateError: ] { code: 'ECONNREFUSED' } ]
[2026-03-17T07:26:43.107Z] error: <jellyfinProxyHandler> HTTP Error 500 calling http://localhost:8096/emby/Items/Counts?api_key=7c0d5732c0e342db8d7e6a926ba42a30
[2026-03-17T07:26:43.109Z] error: <httpProxy> Error calling http://localhost:8096/emby/Sessions...
[2026-03-17T07:26:43.110Z] error: <httpProxy> [ 500, [AggregateError: ] { code: 'ECONNREFUSED' } ]
[2026-03-17T07:26:43.110Z] error: <jellyfinProxyHandler> HTTP Error 500 calling http://localhost:8096/emby/Sessions?api_key=7c0d5732c0e342db8d7e6a926ba42a30
[2026-03-17T07:26:44.843Z] warn: <resources> Drive not found for target: /disk/mount/path
[2026-03-17T07:26:45.096Z] error: <httpProxy> Error calling https://localhost:9443/api/kubernetes/1/applications/count...
[2026-03-17T07:26:45.097Z] error: <httpProxy> [ 500, [AggregateError: ] { code: 'ECONNREFUSED' } ]
[2026-03-17T07:26:45.097Z] error: <credentialedProxyHandler> HTTP Error 500 calling https://localhost:9443/api/kubernetes/1/applications/count
[2026-03-17T07:26:45.119Z] error: <httpProxy> Error calling https://localhost:9443/api/kubernetes/1/services/count...
[2026-03-17T07:26:45.120Z] error: <httpProxy> [ 500, [AggregateError: ] { code: 'ECONNREFUSED' } ]
[2026-03-17T07:26:45.120Z] error: <credentialedProxyHandler> HTTP Error 500 calling https://localhost:9443/api/kubernetes/1/services/count
[2026-03-17T07:26:45.134Z] error: <httpProxy> Error calling https://localhost:9443/api/kubernetes/1/namespaces/count...
[2026-03-17T07:26:45.134Z] error: <httpProxy> [ 500, [AggregateError: ] { code: 'ECONNREFUSED' } ]
[2026-03-17T07:26:45.135Z] error: <credentialedProxyHandler> HTTP Error 500 calling https://localhost:9443/api/kubernetes/1/namespaces/count
[2026-03-17T07:26:45.157Z] error: <httpProxy> Error calling http://localhost:8080/api/login...
[2026-03-17T07:26:45.158Z] error: <httpProxy> [ 500, [AggregateError: ] { code: 'ECONNREFUSED' } ]
[2026-03-17T07:26:45.158Z] error: <filebrowserProxyHandler> Unexpected status code 500 when logging in to Filebrowser API for service 'File Browser'
[2026-03-17T07:26:45.169Z] error: <httpProxy> Error calling http://localhost:8096/emby/Sessions...
[2026-03-17T07:26:45.170Z] error: <httpProxy> [ 500, [AggregateError: ] { code: 'ECONNREFUSED' } ]
[2026-03-17T07:26:45.171Z] error: <jellyfinProxyHandler> HTTP Error 500 calling http://localhost:8096/emby/Sessions?api_key=7c0d5732c0e342db8d7e6a926ba42a30
[2026-03-17T07:26:45.199Z] error: <httpProxy> Error calling http://localhost:8096/emby/Items/Counts...
[2026-03-17T07:26:45.200Z] error: <httpProxy> [ 500, [AggregateError: ] { code: 'ECONNREFUSED' } ]
[2026-03-17T07:26:45.200Z] error: <jellyfinProxyHandler> HTTP Error 500 calling http://localhost:8096/emby/Items/Counts?api_key=7c0d5732c0e342db8d7e6a926ba42a30
[2026-03-17T07:26:45.643Z] warn: <resources> Drive not found for target: /disk/mount/path
[2026-03-17T07:26:46.156Z] warn: <resources> Drive not found for target: /disk/mount/path
[2026-03-17T07:26:46.351Z] error: <httpProxy> Error calling https://localhost:9443/api/kubernetes/1/applications/count...
[2026-03-17T07:26:46.353Z] error: <httpProxy> [ 500, [AggregateError: ] { code: 'ECONNREFUSED' } ]
[2026-03-17T07:26:46.354Z] error: <credentialedProxyHandler> HTTP Error 500 calling https://localhost:9443/api/kubernetes/1/applications/count
[2026-03-17T07:26:46.395Z] error: <httpProxy> Error calling https://localhost:9443/api/kubernetes/1/services/count...
[2026-03-17T07:26:46.396Z] error: <httpProxy> [ 500, [AggregateError: ] { code: 'ECONNREFUSED' } ]
[2026-03-17T07:26:46.397Z] error: <credentialedProxyHandler> HTTP Error 500 calling https://localhost:9443/api/kubernetes/1/services/count
[2026-03-17T07:26:46.411Z] error: <httpProxy> Error calling https://localhost:9443/api/kubernetes/1/namespaces/count...
[2026-03-17T07:26:46.411Z] error: <httpProxy> [ 500, [AggregateError: ] { code: 'ECONNREFUSED' } ]
[2026-03-17T07:26:46.412Z] error: <credentialedProxyHandler> HTTP Error 500 calling https://localhost:9443/api/kubernetes/1/namespaces/count
[2026-03-17T07:26:46.429Z] error: <httpProxy> Error calling http://localhost:8080/api/login...
[2026-03-17T07:26:46.429Z] error: <httpProxy> [ 500, [AggregateError: ] { code: 'ECONNREFUSED' } ]
[2026-03-17T07:26:46.430Z] error: <filebrowserProxyHandler> Unexpected status code 500 when logging in to Filebrowser API for service 'File Browser'
[2026-03-17T07:26:46.447Z] error: <httpProxy> Error calling http://localhost:8096/emby/Sessions...
[2026-03-17T07:26:46.448Z] error: <httpProxy> [ 500, [AggregateError: ] { code: 'ECONNREFUSED' } ]
[2026-03-17T07:26:46.448Z] error: <jellyfinProxyHandler> HTTP Error 500 calling http://localhost:8096/emby/Sessions?api_key=7c0d5732c0e342db8d7e6a926ba42a30
[2026-03-17T07:26:46.466Z] error: <httpProxy> Error calling http://localhost:8096/emby/Items/Counts...
[2026-03-17T07:26:46.467Z] error: <httpProxy> [ 500, [AggregateError: ] { code: 'ECONNREFUSED' } ]
[2026-03-17T07:26:46.467Z] error: <jellyfinProxyHandler> HTTP Error 500 calling http://localhost:8096/emby/Items/Counts?api_key=7c0d5732c0e342db8d7e6a926ba42a30
[2026-03-17T07:26:47.564Z] error: <httpProxy> Error calling http://localhost:8096/emby/Sessions...
[2026-03-17T07:26:47.565Z] error: <httpProxy> [ 500, [AggregateError: ] { code: 'ECONNREFUSED' } ]
[2026-03-17T07:26:47.565Z] error: <jellyfinProxyHandler> HTTP Error 500 calling http://localhost:8096/emby/Sessions?api_key=7c0d5732c0e342db8d7e6a926ba42a30
[2026-03-17T07:26:48.711Z] warn: <resources> Drive not found for target: /disk/mount/path
[2026-03-17T07:26:49.002Z] warn: <resources> Drive not found for target: /disk/mount/path
[2026-03-17T07:26:51.037Z] error: <httpProxy> Error calling http://localhost:8096/emby/Sessions...
[2026-03-17T07:26:51.037Z] error: <httpProxy> [ 500, [AggregateError: ] { code: 'ECONNREFUSED' } ]
[2026-03-17T07:26:51.038Z] error: <jellyfinProxyHandler> HTTP Error 500 calling http://localhost:8096/emby/Sessions?api_key=7c0d5732c0e342db8d7e6a926ba42a30
[2026-03-17T07:26:51.804Z] warn: <resources> Drive not found for target: /disk/mount/path
[2026-03-17T07:26:52.091Z] warn: <resources> Drive not found for target: /disk/mount/path
[2026-03-17T07:26:52.601Z] error: <httpProxy> Error calling http://localhost:8096/emby/Sessions...
[2026-03-17T07:26:52.602Z] error: <httpProxy> [ 500, [AggregateError: ] { code: 'ECONNREFUSED' } ]
[2026-03-17T07:26:52.602Z] error: <jellyfinProxyHandler> HTTP Error 500 calling http://localhost:8096/emby/Sessions?api_key=7c0d5732c0e342db8d7e6a926ba42a30
[2026-03-17T07:26:54.939Z] warn: <resources> Drive not found for target: /disk/mount/path
[2026-03-17T07:26:55.149Z] warn: <resources> Drive not found for target: /disk/mount/path
[2026-03-17T07:26:56.069Z] error: <httpProxy> Error calling http://localhost:8096/emby/Sessions...
[2026-03-17T07:26:56.070Z] error: <httpProxy> [ 500, [AggregateError: ] { code: 'ECONNREFUSED' } ]
[2026-03-17T07:26:56.070Z] error: <jellyfinProxyHandler> HTTP Error 500 calling http://localhost:8096/emby/Sessions?api_key=7c0d5732c0e342db8d7e6a926ba42a30
[2026-03-17T07:26:58.216Z] warn: <resources> Drive not found for target: /disk/mount/path
[2026-03-17T07:27:01.124Z] error: <httpProxy> Error calling http://localhost:8096/emby/Sessions...
[2026-03-17T07:27:01.125Z] error: <httpProxy> [ 500, [AggregateError: ] { code: 'ECONNREFUSED' } ]
[2026-03-17T07:27:01.125Z] error: <jellyfinProxyHandler> HTTP Error 500 calling http://localhost:8096/emby/Sessions?api_key=7c0d5732c0e342db8d7e6a926ba42a30
[2026-03-17T07:27:01.282Z] warn: <resources> Drive not found for target: /disk/mount/path
[2026-03-17T07:27:04.415Z] warn: <resources> Drive not found for target: /disk/mount/path
[2026-03-17T07:27:06.180Z] error: <httpProxy> Error calling http://localhost:8096/emby/Sessions...
[2026-03-17T07:27:06.181Z] error: <httpProxy> [ 500, [AggregateError: ] { code: 'ECONNREFUSED' } ]
[2026-03-17T07:27:06.181Z] error: <jellyfinProxyHandler> HTTP Error 500 calling http://localhost:8096/emby/Sessions?api_key=7c0d5732c0e342db8d7e6a926ba42a30
[2026-03-17T07:27:07.471Z] warn: <resources> Drive not found for target: /disk/mount/path
[2026-03-17T07:27:10.526Z] warn: <resources> Drive not found for target: /disk/mount/path
[2026-03-17T07:27:11.217Z] error: <httpProxy> Error calling http://localhost:8096/emby/Sessions...
[2026-03-17T07:27:11.218Z] error: <httpProxy> [ 500, [AggregateError: ] { code: 'ECONNREFUSED' } ]
[2026-03-17T07:27:11.218Z] error: <jellyfinProxyHandler> HTTP Error 500 calling http://localhost:8096/emby/Sessions?api_key=7c0d5732c0e342db8d7e6a926ba42a30
[2026-03-17T07:27:11.830Z] warn: <resources> Drive not found for target: /disk/mount/path
[2026-03-17T07:27:12.227Z] error: <httpProxy> Error calling https://localhost:9443/api/kubernetes/1/applications/count...
[2026-03-17T07:27:12.228Z] error: <httpProxy> [ 500, [AggregateError: ] { code: 'ECONNREFUSED' } ]
[2026-03-17T07:27:12.229Z] error: <credentialedProxyHandler> HTTP Error 500 calling https://localhost:9443/api/kubernetes/1/applications/count
[2026-03-17T07:27:12.282Z] error: <httpProxy> Error calling https://localhost:9443/api/kubernetes/1/namespaces/count...
[2026-03-17T07:27:12.282Z] error: <httpProxy> [ 500, [AggregateError: ] { code: 'ECONNREFUSED' } ]
[2026-03-17T07:27:12.283Z] error: <credentialedProxyHandler> HTTP Error 500 calling https://localhost:9443/api/kubernetes/1/namespaces/count
[2026-03-17T07:27:12.285Z] error: <httpProxy> Error calling https://localhost:9443/api/kubernetes/1/services/count...
[2026-03-17T07:27:12.286Z] error: <httpProxy> [ 500, [AggregateError: ] { code: 'ECONNREFUSED' } ]
[2026-03-17T07:27:12.286Z] error: <credentialedProxyHandler> HTTP Error 500 calling https://localhost:9443/api/kubernetes/1/services/count
[2026-03-17T07:27:12.329Z] error: <httpProxy> Error calling http://localhost:8096/emby/Sessions...
[2026-03-17T07:27:12.330Z] error: <httpProxy> [ 500, [AggregateError: ] { code: 'ECONNREFUSED' } ]
[2026-03-17T07:27:12.330Z] error: <jellyfinProxyHandler> HTTP Error 500 calling http://localhost:8096/emby/Sessions?api_key=7c0d5732c0e342db8d7e6a926ba42a30
[2026-03-17T07:27:12.333Z] error: <httpProxy> Error calling http://localhost:8080/api/login...
[2026-03-17T07:27:12.333Z] error: <httpProxy> [ 500, [AggregateError: ] { code: 'ECONNREFUSED' } ]
[2026-03-17T07:27:12.334Z] error: <filebrowserProxyHandler> Unexpected status code 500 when logging in to Filebrowser API for service 'File Browser'
[2026-03-17T07:27:12.390Z] error: <httpProxy> Error calling http://localhost:8096/emby/Items/Counts...
[2026-03-17T07:27:12.391Z] error: <httpProxy> [ 500, [AggregateError: ] { code: 'ECONNREFUSED' } ]
[2026-03-17T07:27:12.392Z] error: <jellyfinProxyHandler> HTTP Error 500 calling http://localhost:8096/emby/Items/Counts?api_key=7c0d5732c0e342db8d7e6a926ba42a30
[2026-03-17T07:27:13.597Z] warn: <resources> Drive not found for target: /disk/mount/path
[2026-03-17T07:27:16.504Z] error: <httpProxy> Error calling http://localhost:8096/emby/Sessions...
[2026-03-17T07:27:16.506Z] error: <httpProxy> [ 500, [AggregateError: ] { code: 'ECONNREFUSED' } ]
[2026-03-17T07:27:16.507Z] error: <jellyfinProxyHandler> HTTP Error 500 calling http://localhost:8096/emby/Sessions?api_key=7c0d5732c0e342db8d7e6a926ba42a30
[2026-03-17T07:27:16.670Z] warn: <resources> Drive not found for target: /disk/mount/path
[2026-03-17T07:27:16.685Z] error: <httpProxy> Error calling https://localhost:9443/api/kubernetes/1/applications/count...
[2026-03-17T07:27:16.686Z] error: <httpProxy> [ 500, [AggregateError: ] { code: 'ECONNREFUSED' } ]
[2026-03-17T07:27:16.686Z] error: <credentialedProxyHandler> HTTP Error 500 calling https://localhost:9443/api/kubernetes/1/applications/count
[2026-03-17T07:27:16.705Z] error: <httpProxy> Error calling https://localhost:9443/api/kubernetes/1/services/count...
[2026-03-17T07:27:16.706Z] error: <httpProxy> [ 500, [AggregateError: ] { code: 'ECONNREFUSED' } ]
[2026-03-17T07:27:16.706Z] error: <credentialedProxyHandler> HTTP Error 500 calling https://localhost:9443/api/kubernetes/1/services/count
[2026-03-17T07:27:16.725Z] error: <httpProxy> Error calling https://localhost:9443/api/kubernetes/1/namespaces/count...
[2026-03-17T07:27:16.725Z] error: <httpProxy> [ 500, [AggregateError: ] { code: 'ECONNREFUSED' } ]
[2026-03-17T07:27:16.726Z] error: <credentialedProxyHandler> HTTP Error 500 calling https://localhost:9443/api/kubernetes/1/namespaces/count
[2026-03-17T07:27:16.743Z] error: <httpProxy> Error calling http://localhost:8080/api/login...
[2026-03-17T07:27:16.744Z] error: <httpProxy> [ 500, [AggregateError: ] { code: 'ECONNREFUSED' } ]
[2026-03-17T07:27:16.744Z] error: <filebrowserProxyHandler> Unexpected status code 500 when logging in to Filebrowser API for service 'File Browser'
[2026-03-17T07:27:16.754Z] error: <httpProxy> Error calling http://localhost:8096/emby/Sessions...
[2026-03-17T07:27:16.755Z] error: <httpProxy> [ 500, [AggregateError: ] { code: 'ECONNREFUSED' } ]
[2026-03-17T07:27:16.755Z] error: <jellyfinProxyHandler> HTTP Error 500 calling http://localhost:8096/emby/Sessions?api_key=7c0d5732c0e342db8d7e6a926ba42a30
[2026-03-17T07:27:16.782Z] error: <httpProxy> Error calling http://localhost:8096/emby/Items/Counts...
[2026-03-17T07:27:16.783Z] error: <httpProxy> [ 500, [AggregateError: ] { code: 'ECONNREFUSED' } ]
[2026-03-17T07:27:16.783Z] error: <jellyfinProxyHandler> HTTP Error 500 calling http://localhost:8096/emby/Items/Counts?api_key=7c0d5732c0e342db8d7e6a926ba42a30
[2026-03-17T07:27:19.727Z] warn: <resources> Drive not found for target: /disk/mount/path
[2026-03-17T07:27:20.589Z] error: <httpProxy> Error calling http://localhost:8096/emby/Sessions...
[2026-03-17T07:27:20.589Z] error: <httpProxy> [ 500, [AggregateError: ] { code: 'ECONNREFUSED' } ]
[2026-03-17T07:27:20.590Z] error: <jellyfinProxyHandler> HTTP Error 500 calling http://localhost:8096/emby/Sessions?api_key=7c0d5732c0e342db8d7e6a926ba42a30
[2026-03-17T07:27:21.548Z] error: <httpProxy> Error calling http://localhost:8096/emby/Sessions...
[2026-03-17T07:27:21.549Z] error: <httpProxy> [ 500, [AggregateError: ] { code: 'ECONNREFUSED' } ]
[2026-03-17T07:27:21.550Z] error: <jellyfinProxyHandler> HTTP Error 500 calling http://localhost:8096/emby/Sessions?api_key=7c0d5732c0e342db8d7e6a926ba42a30
[2026-03-17T07:27:22.782Z] warn: <resources> Drive not found for target: /disk/mount/path
[2026-03-17T07:27:23.102Z] error: <httpProxy> Error calling https://localhost:9443/api/kubernetes/1/applications/count...
[2026-03-17T07:27:23.103Z] error: <httpProxy> [ 500, [AggregateError: ] { code: 'ECONNREFUSED' } ]
[2026-03-17T07:27:23.103Z] error: <credentialedProxyHandler> HTTP Error 500 calling https://localhost:9443/api/kubernetes/1/applications/count
[2026-03-17T07:27:23.139Z] error: <httpProxy> Error calling https://localhost:9443/api/kubernetes/1/services/count...
[2026-03-17T07:27:23.140Z] error: <httpProxy> [ 500, [AggregateError: ] { code: 'ECONNREFUSED' } ]
[2026-03-17T07:27:23.140Z] error: <credentialedProxyHandler> HTTP Error 500 calling https://localhost:9443/api/kubernetes/1/services/count
[2026-03-17T07:27:23.143Z] error: <httpProxy> Error calling https://localhost:9443/api/kubernetes/1/namespaces/count...
[2026-03-17T07:27:23.144Z] error: <httpProxy> [ 500, [AggregateError: ] { code: 'ECONNREFUSED' } ]
[2026-03-17T07:27:23.145Z] error: <credentialedProxyHandler> HTTP Error 500 calling https://localhost:9443/api/kubernetes/1/namespaces/count
[2026-03-17T07:27:23.170Z] error: <httpProxy> Error calling http://localhost:8080/api/login...
[2026-03-17T07:27:23.171Z] error: <httpProxy> [ 500, [AggregateError: ] { code: 'ECONNREFUSED' } ]
[2026-03-17T07:27:23.171Z] error: <filebrowserProxyHandler> Unexpected status code 500 when logging in to Filebrowser API for service 'File Browser'
[2026-03-17T07:27:23.173Z] error: <httpProxy> Error calling http://localhost:8096/emby/Items/Counts...
[2026-03-17T07:27:23.174Z] error: <httpProxy> [ 500, [AggregateError: ] { code: 'ECONNREFUSED' } ]
[2026-03-17T07:27:23.174Z] error: <jellyfinProxyHandler> HTTP Error 500 calling http://localhost:8096/emby/Items/Counts?api_key=7c0d5732c0e342db8d7e6a926ba42a30
[2026-03-17T07:27:24.083Z] error: <httpProxy> Error calling https://localhost:9443/api/kubernetes/1/applications/count...
[2026-03-17T07:27:24.084Z] error: <httpProxy> [ 500, [AggregateError: ] { code: 'ECONNREFUSED' } ]
[2026-03-17T07:27:24.084Z] error: <credentialedProxyHandler> HTTP Error 500 calling https://localhost:9443/api/kubernetes/1/applications/count
[2026-03-17T07:27:24.113Z] error: <httpProxy> Error calling https://localhost:9443/api/kubernetes/1/services/count...
[2026-03-17T07:27:24.114Z] error: <httpProxy> [ 500, [AggregateError: ] { code: 'ECONNREFUSED' } ]
[2026-03-17T07:27:24.115Z] error: <credentialedProxyHandler> HTTP Error 500 calling https://localhost:9443/api/kubernetes/1/services/count
[2026-03-17T07:27:24.128Z] error: <httpProxy> Error calling https://localhost:9443/api/kubernetes/1/namespaces/count...
[2026-03-17T07:27:24.129Z] error: <httpProxy> [ 500, [AggregateError: ] { code: 'ECONNREFUSED' } ]
[2026-03-17T07:27:24.129Z] error: <credentialedProxyHandler> HTTP Error 500 calling https://localhost:9443/api/kubernetes/1/namespaces/count
[2026-03-17T07:27:24.145Z] error: <httpProxy> Error calling http://localhost:8080/api/login...
[2026-03-17T07:27:24.146Z] error: <httpProxy> [ 500, [AggregateError: ] { code: 'ECONNREFUSED' } ]
[2026-03-17T07:27:24.146Z] error: <filebrowserProxyHandler> Unexpected status code 500 when logging in to Filebrowser API for service 'File Browser'
[2026-03-17T07:27:24.164Z] error: <httpProxy> Error calling http://localhost:8096/emby/Sessions...
[2026-03-17T07:27:24.165Z] error: <httpProxy> [ 500, [AggregateError: ] { code: 'ECONNREFUSED' } ]
[2026-03-17T07:27:24.165Z] error: <jellyfinProxyHandler> HTTP Error 500 calling http://localhost:8096/emby/Sessions?api_key=7c0d5732c0e342db8d7e6a926ba42a30
[2026-03-17T07:27:24.183Z] error: <httpProxy> Error calling http://localhost:8096/emby/Items/Counts...
[2026-03-17T07:27:24.184Z] error: <httpProxy> [ 500, [AggregateError: ] { code: 'ECONNREFUSED' } ]
[2026-03-17T07:27:24.184Z] error: <jellyfinProxyHandler> HTTP Error 500 calling http://localhost:8096/emby/Items/Counts?api_key=7c0d5732c0e342db8d7e6a926ba42a30
[2026-03-17T07:27:25.644Z] error: <httpProxy> Error calling http://localhost:8096/emby/Sessions...
[2026-03-17T07:27:25.645Z] error: <httpProxy> [ 500, [AggregateError: ] { code: 'ECONNREFUSED' } ]
[2026-03-17T07:27:25.645Z] error: <jellyfinProxyHandler> HTTP Error 500 calling http://localhost:8096/emby/Sessions?api_key=7c0d5732c0e342db8d7e6a926ba42a30
[2026-03-17T07:27:28.708Z] error: <httpProxy> Error calling http://localhost:8096/emby/Sessions...
[2026-03-17T07:27:28.709Z] error: <httpProxy> [ 500, [AggregateError: ] { code: 'ECONNREFUSED' } ]
[2026-03-17T07:27:28.709Z] error: <jellyfinProxyHandler> HTTP Error 500 calling http://localhost:8096/emby/Sessions?api_key=7c0d5732c0e342db8d7e6a926ba42a30
[2026-03-17T07:27:30.698Z] error: <httpProxy> Error calling http://localhost:8096/emby/Sessions...
[2026-03-17T07:27:30.699Z] error: <httpProxy> [ 500, [AggregateError: ] { code: 'ECONNREFUSED' } ]
[2026-03-17T07:27:30.700Z] error: <jellyfinProxyHandler> HTTP Error 500 calling http://localhost:8096/emby/Sessions?api_key=7c0d5732c0e342db8d7e6a926ba42a30
[2026-03-17T07:27:33.769Z] error: <httpProxy> Error calling http://localhost:8096/emby/Sessions...
[2026-03-17T07:27:33.771Z] error: <httpProxy> [ 500, [AggregateError: ] { code: 'ECONNREFUSED' } ]
[2026-03-17T07:27:33.772Z] error: <jellyfinProxyHandler> HTTP Error 500 calling http://localhost:8096/emby/Sessions?api_key=7c0d5732c0e342db8d7e6a926ba42a30
[2026-03-17T07:27:35.750Z] error: <httpProxy> Error calling http://localhost:8096/emby/Sessions...
[2026-03-17T07:27:35.751Z] error: <httpProxy> [ 500, [AggregateError: ] { code: 'ECONNREFUSED' } ]
[2026-03-17T07:27:35.751Z] error: <jellyfinProxyHandler> HTTP Error 500 calling http://localhost:8096/emby/Sessions?api_key=7c0d5732c0e342db8d7e6a926ba42a30
[2026-03-17T07:27:38.805Z] error: <httpProxy> Error calling http://localhost:8096/emby/Sessions...
[2026-03-17T07:27:38.806Z] error: <httpProxy> [ 500, [AggregateError: ] { code: 'ECONNREFUSED' } ]
[2026-03-17T07:27:38.806Z] error: <jellyfinProxyHandler> HTTP Error 500 calling http://localhost:8096/emby/Sessions?api_key=7c0d5732c0e342db8d7e6a926ba42a30
[2026-03-17T07:27:43.844Z] error: <httpProxy> Error calling http://localhost:8096/emby/Sessions...
[2026-03-17T07:27:43.846Z] error: <httpProxy> [ 500, [AggregateError: ] { code: 'ECONNREFUSED' } ]
[2026-03-17T07:27:43.846Z] error: <jellyfinProxyHandler> HTTP Error 500 calling http://localhost:8096/emby/Sessions?api_key=7c0d5732c0e342db8d7e6a926ba42a30
[2026-03-17T07:27:47.083Z] error: <httpProxy> Error calling https://localhost:9443/api/kubernetes/1/applications/count...
[2026-03-17T07:27:47.084Z] error: <httpProxy> [ 500, [AggregateError: ] { code: 'ECONNREFUSED' } ]
[2026-03-17T07:27:47.084Z] error: <credentialedProxyHandler> HTTP Error 500 calling https://localhost:9443/api/kubernetes/1/applications/count
[2026-03-17T07:27:47.233Z] error: <httpProxy> Error calling https://localhost:9443/api/kubernetes/1/namespaces/count...
[2026-03-17T07:27:47.234Z] error: <httpProxy> [ 500, [AggregateError: ] { code: 'ECONNREFUSED' } ]
[2026-03-17T07:27:47.234Z] error: <credentialedProxyHandler> HTTP Error 500 calling https://localhost:9443/api/kubernetes/1/namespaces/count
[2026-03-17T07:27:47.236Z] error: <httpProxy> Error calling https://localhost:9443/api/kubernetes/1/services/count...
[2026-03-17T07:27:47.237Z] error: <httpProxy> [ 500, [AggregateError: ] { code: 'ECONNREFUSED' } ]
[2026-03-17T07:27:47.237Z] error: <credentialedProxyHandler> HTTP Error 500 calling https://localhost:9443/api/kubernetes/1/services/count
[2026-03-17T07:27:48.116Z] error: <httpProxy> Error calling http://localhost:8080/api/login...
[2026-03-17T07:27:48.117Z] error: <httpProxy> [ 500, [AggregateError: ] { code: 'ECONNREFUSED' } ]
[2026-03-17T07:27:48.117Z] error: <filebrowserProxyHandler> Unexpected status code 500 when logging in to Filebrowser API for service 'File Browser'
[2026-03-17T07:27:48.122Z] error: <httpProxy> Error calling http://localhost:8096/emby/Sessions...
[2026-03-17T07:27:48.123Z] error: <httpProxy> [ 500, [AggregateError: ] { code: 'ECONNREFUSED' } ]
[2026-03-17T07:27:48.123Z] error: <jellyfinProxyHandler> HTTP Error 500 calling http://localhost:8096/emby/Sessions?api_key=7c0d5732c0e342db8d7e6a926ba42a30
[2026-03-17T07:27:48.154Z] error: <httpProxy> Error calling http://localhost:8096/emby/Items/Counts...
[2026-03-17T07:27:48.155Z] error: <httpProxy> [ 500, [AggregateError: ] { code: 'ECONNREFUSED' } ]
[2026-03-17T07:27:48.156Z] error: <jellyfinProxyHandler> HTTP Error 500 calling http://localhost:8096/emby/Items/Counts?api_key=7c0d5732c0e342db8d7e6a926ba42a30
[2026-03-17T07:27:48.898Z] error: <httpProxy> Error calling http://localhost:8096/emby/Sessions...
[2026-03-17T07:27:48.899Z] error: <httpProxy> [ 500, [AggregateError: ] { code: 'ECONNREFUSED' } ]
[2026-03-17T07:27:48.899Z] error: <jellyfinProxyHandler> HTTP Error 500 calling http://localhost:8096/emby/Sessions?api_key=7c0d5732c0e342db8d7e6a926ba42a30
[2026-03-17T07:27:51.388Z] error: <httpProxy> Error calling https://localhost:9443/api/kubernetes/1/applications/count...
[2026-03-17T07:27:51.389Z] error: <httpProxy> [ 500, [AggregateError: ] { code: 'ECONNREFUSED' } ]
[2026-03-17T07:27:51.389Z] error: <credentialedProxyHandler> HTTP Error 500 calling https://localhost:9443/api/kubernetes/1/applications/count
[2026-03-17T07:27:51.622Z] error: <httpProxy> Error calling https://localhost:9443/api/kubernetes/1/namespaces/count...
[2026-03-17T07:27:51.624Z] error: <httpProxy> [ 500, [AggregateError: ] { code: 'ECONNREFUSED' } ]
[2026-03-17T07:27:51.624Z] error: <credentialedProxyHandler> HTTP Error 500 calling https://localhost:9443/api/kubernetes/1/namespaces/count
[2026-03-17T07:27:51.627Z] error: <httpProxy> Error calling https://localhost:9443/api/kubernetes/1/services/count...
[2026-03-17T07:27:51.627Z] error: <httpProxy> [ 500, [AggregateError: ] { code: 'ECONNREFUSED' } ]
[2026-03-17T07:27:51.628Z] error: <credentialedProxyHandler> HTTP Error 500 calling https://localhost:9443/api/kubernetes/1/services/count
[2026-03-17T07:27:51.741Z] error: <httpProxy> Error calling http://localhost:8096/emby/Sessions...
[2026-03-17T07:27:51.742Z] error: <httpProxy> [ 500, [AggregateError: ] { code: 'ECONNREFUSED' } ]
[2026-03-17T07:27:51.742Z] error: <jellyfinProxyHandler> HTTP Error 500 calling http://localhost:8096/emby/Sessions?api_key=7c0d5732c0e342db8d7e6a926ba42a30
[2026-03-17T07:27:51.744Z] error: <httpProxy> Error calling http://localhost:8080/api/login...
[2026-03-17T07:27:51.745Z] error: <httpProxy> [ 500, [AggregateError: ] { code: 'ECONNREFUSED' } ]
[2026-03-17T07:27:51.745Z] error: <filebrowserProxyHandler> Unexpected status code 500 when logging in to Filebrowser API for service 'File Browser'
[2026-03-17T07:27:51.872Z] error: <httpProxy> Error calling http://localhost:8096/emby/Items/Counts...
[2026-03-17T07:27:51.873Z] error: <httpProxy> [ 500, [AggregateError: ] { code: 'ECONNREFUSED' } ]
[2026-03-17T07:27:51.873Z] error: <jellyfinProxyHandler> HTTP Error 500 calling http://localhost:8096/emby/Items/Counts?api_key=7c0d5732c0e342db8d7e6a926ba42a30
[2026-03-17T07:27:53.939Z] error: <httpProxy> Error calling http://localhost:8096/emby/Sessions...
[2026-03-17T07:27:53.940Z] error: <httpProxy> [ 500, [AggregateError: ] { code: 'ECONNREFUSED' } ]
[2026-03-17T07:27:53.940Z] error: <jellyfinProxyHandler> HTTP Error 500 calling http://localhost:8096/emby/Sessions?api_key=7c0d5732c0e342db8d7e6a926ba42a30
[2026-03-17T07:27:58.985Z] error: <httpProxy> Error calling http://localhost:8096/emby/Sessions...
[2026-03-17T07:27:58.986Z] error: <httpProxy> [ 500, [AggregateError: ] { code: 'ECONNREFUSED' } ]
[2026-03-17T07:27:58.987Z] error: <jellyfinProxyHandler> HTTP Error 500 calling http://localhost:8096/emby/Sessions?api_key=7c0d5732c0e342db8d7e6a926ba42a30
[2026-03-17T07:28:04.018Z] error: <httpProxy> Error calling http://localhost:8096/emby/Sessions...
[2026-03-17T07:28:04.020Z] error: <httpProxy> [ 500, [AggregateError: ] { code: 'ECONNREFUSED' } ]
[2026-03-17T07:28:04.020Z] error: <jellyfinProxyHandler> HTTP Error 500 calling http://localhost:8096/emby/Sessions?api_key=7c0d5732c0e342db8d7e6a926ba42a30
[2026-03-17T07:28:09.055Z] error: <httpProxy> Error calling http://localhost:8096/emby/Sessions...
[2026-03-17T07:28:09.056Z] error: <httpProxy> [ 500, [AggregateError: ] { code: 'ECONNREFUSED' } ]
[2026-03-17T07:28:09.056Z] error: <jellyfinProxyHandler> HTTP Error 500 calling http://localhost:8096/emby/Sessions?api_key=7c0d5732c0e342db8d7e6a926ba42a30
[2026-03-17T07:28:14.087Z] error: <httpProxy> Error calling http://localhost:8096/emby/Sessions...
[2026-03-17T07:28:14.089Z] error: <httpProxy> [ 500, [AggregateError: ] { code: 'ECONNREFUSED' } ]
[2026-03-17T07:28:14.089Z] error: <jellyfinProxyHandler> HTTP Error 500 calling http://localhost:8096/emby/Sessions?api_key=7c0d5732c0e342db8d7e6a926ba42a30
[2026-03-17T07:28:19.127Z] error: <httpProxy> Error calling http://localhost:8096/emby/Sessions...
[2026-03-17T07:28:19.128Z] error: <httpProxy> [ 500, [AggregateError: ] { code: 'ECONNREFUSED' } ]
[2026-03-17T07:28:19.129Z] error: <jellyfinProxyHandler> HTTP Error 500 calling http://localhost:8096/emby/Sessions?api_key=7c0d5732c0e342db8d7e6a926ba42a30
[2026-03-17T07:28:23.715Z] error: <httpProxy> Error calling http://localhost:8096/emby/Items/Counts...
[2026-03-17T07:28:23.716Z] error: <httpProxy> [ 500, [AggregateError: ] { code: 'ECONNREFUSED' } ]
[2026-03-17T07:28:23.716Z] error: <jellyfinProxyHandler> HTTP Error 500 calling http://localhost:8096/emby/Items/Counts?api_key=7c0d5732c0e342db8d7e6a926ba42a30
[2026-03-17T07:28:24.170Z] error: <httpProxy> Error calling http://localhost:8096/emby/Sessions...
[2026-03-17T07:28:24.171Z] error: <httpProxy> [ 500, [AggregateError: ] { code: 'ECONNREFUSED' } ]
[2026-03-17T07:28:24.171Z] error: <jellyfinProxyHandler> HTTP Error 500 calling http://localhost:8096/emby/Sessions?api_key=7c0d5732c0e342db8d7e6a926ba42a30
[2026-03-17T07:28:29.204Z] error: <httpProxy> Error calling http://localhost:8096/emby/Sessions...
[2026-03-17T07:28:29.205Z] error: <httpProxy> [ 500, [AggregateError: ] { code: 'ECONNREFUSED' } ]
[2026-03-17T07:28:29.205Z] error: <jellyfinProxyHandler> HTTP Error 500 calling http://localhost:8096/emby/Sessions?api_key=7c0d5732c0e342db8d7e6a926ba42a30
[2026-03-17T07:28:34.245Z] error: <httpProxy> Error calling http://localhost:8096/emby/Sessions...
[2026-03-17T07:28:34.246Z] error: <httpProxy> [ 500, [AggregateError: ] { code: 'ECONNREFUSED' } ]
[2026-03-17T07:28:34.247Z] error: <jellyfinProxyHandler> HTTP Error 500 calling http://localhost:8096/emby/Sessions?api_key=7c0d5732c0e342db8d7e6a926ba42a30
[2026-03-17T07:28:39.281Z] error: <httpProxy> Error calling http://localhost:8096/emby/Sessions...
[2026-03-17T07:28:39.282Z] error: <httpProxy> [ 500, [AggregateError: ] { code: 'ECONNREFUSED' } ]
[2026-03-17T07:28:39.282Z] error: <jellyfinProxyHandler> HTTP Error 500 calling http://localhost:8096/emby/Sessions?api_key=7c0d5732c0e342db8d7e6a926ba42a30
[2026-03-17T07:28:44.328Z] error: <httpProxy> Error calling http://localhost:8096/emby/Sessions...
[2026-03-17T07:28:44.329Z] error: <httpProxy> [ 500, [AggregateError: ] { code: 'ECONNREFUSED' } ]
[2026-03-17T07:28:44.329Z] error: <jellyfinProxyHandler> HTTP Error 500 calling http://localhost:8096/emby/Sessions?api_key=7c0d5732c0e342db8d7e6a926ba42a30
[2026-03-17T07:28:49.393Z] error: <httpProxy> Error calling http://localhost:8096/emby/Sessions...
[2026-03-17T07:28:49.395Z] error: <httpProxy> [ 500, [AggregateError: ] { code: 'ECONNREFUSED' } ]
[2026-03-17T07:28:49.396Z] error: <jellyfinProxyHandler> HTTP Error 500 calling http://localhost:8096/emby/Sessions?api_key=7c0d5732c0e342db8d7e6a926ba42a30
[2026-03-17T07:28:54.441Z] error: <httpProxy> Error calling http://localhost:8096/emby/Sessions...
[2026-03-17T07:28:54.442Z] error: <httpProxy> [ 500, [AggregateError: ] { code: 'ECONNREFUSED' } ]
[2026-03-17T07:28:54.442Z] error: <jellyfinProxyHandler> HTTP Error 500 calling http://localhost:8096/emby/Sessions?api_key=7c0d5732c0e342db8d7e6a926ba42a30
[2026-03-17T07:28:59.486Z] error: <httpProxy> Error calling http://localhost:8096/emby/Sessions...
[2026-03-17T07:28:59.487Z] error: <httpProxy> [ 500, [AggregateError: ] { code: 'ECONNREFUSED' } ]
[2026-03-17T07:28:59.487Z] error: <jellyfinProxyHandler> HTTP Error 500 calling http://localhost:8096/emby/Sessions?api_key=7c0d5732c0e342db8d7e6a926ba42a30
[2026-03-17T07:29:04.584Z] error: <httpProxy> Error calling http://localhost:8096/emby/Sessions...
[2026-03-17T07:29:04.585Z] error: <httpProxy> [ 500, [AggregateError: ] { code: 'ECONNREFUSED' } ]
[2026-03-17T07:29:04.585Z] error: <jellyfinProxyHandler> HTTP Error 500 calling http://localhost:8096/emby/Sessions?api_key=7c0d5732c0e342db8d7e6a926ba42a30
[2026-03-17T07:29:09.628Z] error: <httpProxy> Error calling http://localhost:8096/emby/Sessions...
[2026-03-17T07:29:09.629Z] error: <httpProxy> [ 500, [AggregateError: ] { code: 'ECONNREFUSED' } ]
[2026-03-17T07:29:09.630Z] error: <jellyfinProxyHandler> HTTP Error 500 calling http://localhost:8096/emby/Sessions?api_key=7c0d5732c0e342db8d7e6a926ba42a30
[2026-03-17T07:29:14.673Z] error: <httpProxy> Error calling http://localhost:8096/emby/Sessions...
[2026-03-17T07:29:14.674Z] error: <httpProxy> [ 500, [AggregateError: ] { code: 'ECONNREFUSED' } ]
[2026-03-17T07:29:14.674Z] error: <jellyfinProxyHandler> HTTP Error 500 calling http://localhost:8096/emby/Sessions?api_key=7c0d5732c0e342db8d7e6a926ba42a30
[2026-03-17T07:29:19.713Z] error: <httpProxy> Error calling http://localhost:8096/emby/Sessions...
[2026-03-17T07:29:19.714Z] error: <httpProxy> [ 500, [AggregateError: ] { code: 'ECONNREFUSED' } ]
[2026-03-17T07:29:19.714Z] error: <jellyfinProxyHandler> HTTP Error 500 calling http://localhost:8096/emby/Sessions?api_key=7c0d5732c0e342db8d7e6a926ba42a30
[2026-03-17T07:29:23.763Z] error: <httpProxy> Error calling http://localhost:8096/emby/Items/Counts...
[2026-03-17T07:29:23.764Z] error: <httpProxy> [ 500, [AggregateError: ] { code: 'ECONNREFUSED' } ]
[2026-03-17T07:29:23.764Z] error: <jellyfinProxyHandler> HTTP Error 500 calling http://localhost:8096/emby/Items/Counts?api_key=7c0d5732c0e342db8d7e6a926ba42a30
[2026-03-17T07:29:24.748Z] error: <httpProxy> Error calling http://localhost:8096/emby/Sessions...
[2026-03-17T07:29:24.749Z] error: <httpProxy> [ 500, [AggregateError: ] { code: 'ECONNREFUSED' } ]
[2026-03-17T07:29:24.749Z] error: <jellyfinProxyHandler> HTTP Error 500 calling http://localhost:8096/emby/Sessions?api_key=7c0d5732c0e342db8d7e6a926ba42a30
[2026-03-17T07:29:26.431Z] error: <httpProxy> Error calling http://localhost:8096/emby/Sessions...
[2026-03-17T07:29:26.433Z] error: <httpProxy> [ 500, [AggregateError: ] { code: 'ECONNREFUSED' } ]
[2026-03-17T07:29:26.433Z] error: <jellyfinProxyHandler> HTTP Error 500 calling http://localhost:8096/emby/Sessions?api_key=7c0d5732c0e342db8d7e6a926ba42a30
[2026-03-17T07:29:26.653Z] error: <httpProxy> Error calling https://localhost:9443/api/kubernetes/1/applications/count...
[2026-03-17T07:29:26.654Z] error: <httpProxy> [ 500, [AggregateError: ] { code: 'ECONNREFUSED' } ]
[2026-03-17T07:29:26.654Z] error: <credentialedProxyHandler> HTTP Error 500 calling https://localhost:9443/api/kubernetes/1/applications/count
[2026-03-17T07:29:26.699Z] error: <httpProxy> Error calling https://localhost:9443/api/kubernetes/1/services/count...
[2026-03-17T07:29:26.700Z] error: <httpProxy> [ 500, [AggregateError: ] { code: 'ECONNREFUSED' } ]
[2026-03-17T07:29:26.701Z] error: <credentialedProxyHandler> HTTP Error 500 calling https://localhost:9443/api/kubernetes/1/services/count
[2026-03-17T07:29:26.743Z] error: <httpProxy> Error calling https://localhost:9443/api/kubernetes/1/namespaces/count...
[2026-03-17T07:29:26.744Z] error: <httpProxy> [ 500, [AggregateError: ] { code: 'ECONNREFUSED' } ]
[2026-03-17T07:29:26.744Z] error: <credentialedProxyHandler> HTTP Error 500 calling https://localhost:9443/api/kubernetes/1/namespaces/count
[2026-03-17T07:29:26.746Z] error: <httpProxy> Error calling http://localhost:8080/api/login...
[2026-03-17T07:29:26.747Z] error: <httpProxy> [ 500, [AggregateError: ] { code: 'ECONNREFUSED' } ]
[2026-03-17T07:29:26.747Z] error: <filebrowserProxyHandler> Unexpected status code 500 when logging in to Filebrowser API for service 'File Browser'
[2026-03-17T07:29:26.825Z] error: <httpProxy> Error calling http://localhost:8096/emby/Items/Counts...
[2026-03-17T07:29:26.826Z] error: <httpProxy> [ 500, [AggregateError: ] { code: 'ECONNREFUSED' } ]
[2026-03-17T07:29:26.826Z] error: <jellyfinProxyHandler> HTTP Error 500 calling http://localhost:8096/emby/Items/Counts?api_key=7c0d5732c0e342db8d7e6a926ba42a30
[2026-03-17T07:29:27.864Z] error: <httpProxy> Error calling https://localhost:9443/api/kubernetes/1/applications/count...
[2026-03-17T07:29:27.866Z] error: <httpProxy> [ 500, [AggregateError: ] { code: 'ECONNREFUSED' } ]
[2026-03-17T07:29:27.866Z] error: <credentialedProxyHandler> HTTP Error 500 calling https://localhost:9443/api/kubernetes/1/applications/count
[2026-03-17T07:29:27.903Z] error: <httpProxy> Error calling https://localhost:9443/api/kubernetes/1/services/count...
[2026-03-17T07:29:27.904Z] error: <httpProxy> [ 500, [AggregateError: ] { code: 'ECONNREFUSED' } ]
[2026-03-17T07:29:27.904Z] error: <credentialedProxyHandler> HTTP Error 500 calling https://localhost:9443/api/kubernetes/1/services/count
[2026-03-17T07:29:27.906Z] error: <httpProxy> Error calling https://localhost:9443/api/kubernetes/1/namespaces/count...
[2026-03-17T07:29:27.907Z] error: <httpProxy> [ 500, [AggregateError: ] { code: 'ECONNREFUSED' } ]
[2026-03-17T07:29:27.907Z] error: <credentialedProxyHandler> HTTP Error 500 calling https://localhost:9443/api/kubernetes/1/namespaces/count
[2026-03-17T07:29:27.938Z] error: <httpProxy> Error calling http://localhost:8080/api/login...
[2026-03-17T07:29:27.939Z] error: <httpProxy> [ 500, [AggregateError: ] { code: 'ECONNREFUSED' } ]
[2026-03-17T07:29:27.939Z] error: <filebrowserProxyHandler> Unexpected status code 500 when logging in to Filebrowser API for service 'File Browser'
[2026-03-17T07:29:27.941Z] error: <httpProxy> Error calling http://localhost:8096/emby/Sessions...
[2026-03-17T07:29:27.942Z] error: <httpProxy> [ 500, [AggregateError: ] { code: 'ECONNREFUSED' } ]
[2026-03-17T07:29:27.942Z] error: <jellyfinProxyHandler> HTTP Error 500 calling http://localhost:8096/emby/Sessions?api_key=7c0d5732c0e342db8d7e6a926ba42a30
[2026-03-17T07:29:27.994Z] error: <httpProxy> Error calling http://localhost:8096/emby/Items/Counts...
[2026-03-17T07:29:27.996Z] error: <httpProxy> [ 500, [AggregateError: ] { code: 'ECONNREFUSED' } ]
[2026-03-17T07:29:27.996Z] error: <jellyfinProxyHandler> HTTP Error 500 calling http://localhost:8096/emby/Items/Counts?api_key=7c0d5732c0e342db8d7e6a926ba42a30
[2026-03-17T07:29:29.780Z] error: <httpProxy> Error calling http://localhost:8096/emby/Sessions...
[2026-03-17T07:29:29.781Z] error: <httpProxy> [ 500, [AggregateError: ] { code: 'ECONNREFUSED' } ]
[2026-03-17T07:29:29.781Z] error: <jellyfinProxyHandler> HTTP Error 500 calling http://localhost:8096/emby/Sessions?api_key=7c0d5732c0e342db8d7e6a926ba42a30
[2026-03-17T07:29:32.368Z] error: <httpProxy> Error calling http://localhost:8096/emby/Sessions...
[2026-03-17T07:29:32.369Z] error: <httpProxy> [ 500, [AggregateError: ] { code: 'ECONNREFUSED' } ]
[2026-03-17T07:29:32.369Z] error: <jellyfinProxyHandler> HTTP Error 500 calling http://localhost:8096/emby/Sessions?api_key=7c0d5732c0e342db8d7e6a926ba42a30
[2026-03-17T07:29:33.140Z] error: <httpProxy> Error calling https://localhost:9443/api/kubernetes/1/applications/count...
[2026-03-17T07:29:33.141Z] error: <httpProxy> [ 500, [AggregateError: ] { code: 'ECONNREFUSED' } ]
[2026-03-17T07:29:33.141Z] error: <credentialedProxyHandler> HTTP Error 500 calling https://localhost:9443/api/kubernetes/1/applications/count
[2026-03-17T07:29:33.147Z] error: <httpProxy> Error calling https://localhost:9443/api/kubernetes/1/services/count...
[2026-03-17T07:29:33.148Z] error: <httpProxy> [ 500, [AggregateError: ] { code: 'ECONNREFUSED' } ]
[2026-03-17T07:29:33.148Z] error: <credentialedProxyHandler> HTTP Error 500 calling https://localhost:9443/api/kubernetes/1/services/count
[2026-03-17T07:29:33.182Z] error: <httpProxy> Error calling https://localhost:9443/api/kubernetes/1/namespaces/count...
[2026-03-17T07:29:33.183Z] error: <httpProxy> [ 500, [AggregateError: ] { code: 'ECONNREFUSED' } ]
[2026-03-17T07:29:33.183Z] error: <credentialedProxyHandler> HTTP Error 500 calling https://localhost:9443/api/kubernetes/1/namespaces/count
[2026-03-17T07:29:33.186Z] error: <httpProxy> Error calling http://localhost:8080/api/login...
[2026-03-17T07:29:33.187Z] error: <httpProxy> [ 500, [AggregateError: ] { code: 'ECONNREFUSED' } ]
[2026-03-17T07:29:33.187Z] error: <filebrowserProxyHandler> Unexpected status code 500 when logging in to Filebrowser API for service 'File Browser'
[2026-03-17T07:29:33.218Z] error: <httpProxy> Error calling http://localhost:8096/emby/Items/Counts...
[2026-03-17T07:29:33.219Z] error: <httpProxy> [ 500, [AggregateError: ] { code: 'ECONNREFUSED' } ]
[2026-03-17T07:29:33.219Z] error: <jellyfinProxyHandler> HTTP Error 500 calling http://localhost:8096/emby/Items/Counts?api_key=7c0d5732c0e342db8d7e6a926ba42a30
[2026-03-17T07:29:34.839Z] error: <httpProxy> Error calling http://localhost:8096/emby/Sessions...
[2026-03-17T07:29:34.840Z] error: <httpProxy> [ 500, [AggregateError: ] { code: 'ECONNREFUSED' } ]
[2026-03-17T07:29:34.840Z] error: <jellyfinProxyHandler> HTTP Error 500 calling http://localhost:8096/emby/Sessions?api_key=7c0d5732c0e342db8d7e6a926ba42a30
[2026-03-17T07:29:39.877Z] error: <httpProxy> Error calling http://localhost:8096/emby/Sessions...
[2026-03-17T07:29:39.879Z] error: <httpProxy> [ 500, [AggregateError: ] { code: 'ECONNREFUSED' } ]
[2026-03-17T07:29:39.879Z] error: <jellyfinProxyHandler> HTTP Error 500 calling http://localhost:8096/emby/Sessions?api_key=7c0d5732c0e342db8d7e6a926ba42a30
[2026-03-17T07:29:44.232Z] error: <httpProxy> Error calling https://localhost:9443/api/kubernetes/1/applications/count...
[2026-03-17T07:29:44.233Z] error: <httpProxy> [ 500, [AggregateError: ] { code: 'ECONNREFUSED' } ]
[2026-03-17T07:29:44.233Z] error: <credentialedProxyHandler> HTTP Error 500 calling https://localhost:9443/api/kubernetes/1/applications/count
[2026-03-17T07:29:44.288Z] error: <httpProxy> Error calling https://localhost:9443/api/kubernetes/1/services/count...
[2026-03-17T07:29:44.289Z] error: <httpProxy> [ 500, [AggregateError: ] { code: 'ECONNREFUSED' } ]
[2026-03-17T07:29:44.289Z] error: <credentialedProxyHandler> HTTP Error 500 calling https://localhost:9443/api/kubernetes/1/services/count
[2026-03-17T07:29:44.322Z] error: <httpProxy> Error calling https://localhost:9443/api/kubernetes/1/namespaces/count...
[2026-03-17T07:29:44.323Z] error: <httpProxy> [ 500, [AggregateError: ] { code: 'ECONNREFUSED' } ]
[2026-03-17T07:29:44.323Z] error: <credentialedProxyHandler> HTTP Error 500 calling https://localhost:9443/api/kubernetes/1/namespaces/count
[2026-03-17T07:29:44.324Z] error: <httpProxy> Error calling http://localhost:8080/api/login...
[2026-03-17T07:29:44.324Z] error: <httpProxy> [ 500, [AggregateError: ] { code: 'ECONNREFUSED' } ]
[2026-03-17T07:29:44.325Z] error: <filebrowserProxyHandler> Unexpected status code 500 when logging in to Filebrowser API for service 'File Browser'
[2026-03-17T07:29:44.363Z] error: <httpProxy> Error calling http://localhost:8096/emby/Sessions...
[2026-03-17T07:29:44.364Z] error: <httpProxy> [ 500, [AggregateError: ] { code: 'ECONNREFUSED' } ]
[2026-03-17T07:29:44.364Z] error: <jellyfinProxyHandler> HTTP Error 500 calling http://localhost:8096/emby/Sessions?api_key=7c0d5732c0e342db8d7e6a926ba42a30
[2026-03-17T07:29:44.367Z] error: <httpProxy> Error calling http://localhost:8096/emby/Items/Counts...
[2026-03-17T07:29:44.368Z] error: <httpProxy> [ 500, [AggregateError: ] { code: 'ECONNREFUSED' } ]
[2026-03-17T07:29:44.368Z] error: <jellyfinProxyHandler> HTTP Error 500 calling http://localhost:8096/emby/Items/Counts?api_key=7c0d5732c0e342db8d7e6a926ba42a30
[2026-03-17T07:29:44.923Z] error: <httpProxy> Error calling http://localhost:8096/emby/Sessions...
[2026-03-17T07:29:44.923Z] error: <httpProxy> [ 500, [AggregateError: ] { code: 'ECONNREFUSED' } ]
[2026-03-17T07:29:44.924Z] error: <jellyfinProxyHandler> HTTP Error 500 calling http://localhost:8096/emby/Sessions?api_key=7c0d5732c0e342db8d7e6a926ba42a30
[2026-03-17T07:29:49.952Z] error: <httpProxy> Error calling http://localhost:8096/emby/Sessions...
[2026-03-17T07:29:49.953Z] error: <httpProxy> [ 500, [AggregateError: ] { code: 'ECONNREFUSED' } ]
[2026-03-17T07:29:49.953Z] error: <jellyfinProxyHandler> HTTP Error 500 calling http://localhost:8096/emby/Sessions?api_key=7c0d5732c0e342db8d7e6a926ba42a30
[2026-03-17T07:29:52.370Z] error: <httpProxy> Error calling https://localhost:9443/api/kubernetes/1/applications/count...
[2026-03-17T07:29:52.371Z] error: <httpProxy> [ 500, [AggregateError: ] { code: 'ECONNREFUSED' } ]
[2026-03-17T07:29:52.371Z] error: <credentialedProxyHandler> HTTP Error 500 calling https://localhost:9443/api/kubernetes/1/applications/count
[2026-03-17T07:29:52.413Z] error: <httpProxy> Error calling https://localhost:9443/api/kubernetes/1/services/count...
[2026-03-17T07:29:52.414Z] error: <httpProxy> [ 500, [AggregateError: ] { code: 'ECONNREFUSED' } ]
[2026-03-17T07:29:52.415Z] error: <credentialedProxyHandler> HTTP Error 500 calling https://localhost:9443/api/kubernetes/1/services/count
[2026-03-17T07:29:52.451Z] error: <httpProxy> Error calling https://localhost:9443/api/kubernetes/1/namespaces/count...
[2026-03-17T07:29:52.452Z] error: <httpProxy> [ 500, [AggregateError: ] { code: 'ECONNREFUSED' } ]
[2026-03-17T07:29:52.452Z] error: <credentialedProxyHandler> HTTP Error 500 calling https://localhost:9443/api/kubernetes/1/namespaces/count
[2026-03-17T07:29:52.454Z] error: <httpProxy> Error calling http://localhost:8080/api/login...
[2026-03-17T07:29:52.455Z] error: <httpProxy> [ 500, [AggregateError: ] { code: 'ECONNREFUSED' } ]
[2026-03-17T07:29:52.455Z] error: <filebrowserProxyHandler> Unexpected status code 500 when logging in to Filebrowser API for service 'File Browser'
[2026-03-17T07:29:52.512Z] error: <httpProxy> Error calling http://localhost:8096/emby/Items/Counts...
[2026-03-17T07:29:52.513Z] error: <httpProxy> [ 500, [AggregateError: ] { code: 'ECONNREFUSED' } ]
[2026-03-17T07:29:52.513Z] error: <jellyfinProxyHandler> HTTP Error 500 calling http://localhost:8096/emby/Items/Counts?api_key=7c0d5732c0e342db8d7e6a926ba42a30
[2026-03-17T07:29:52.515Z] error: <httpProxy> Error calling http://localhost:8096/emby/Sessions...
[2026-03-17T07:29:52.516Z] error: <httpProxy> [ 500, [AggregateError: ] { code: 'ECONNREFUSED' } ]
[2026-03-17T07:29:52.516Z] error: <jellyfinProxyHandler> HTTP Error 500 calling http://localhost:8096/emby/Sessions?api_key=7c0d5732c0e342db8d7e6a926ba42a30
[2026-03-17T07:29:55.051Z] error: <httpProxy> Error calling http://localhost:8096/emby/Sessions...
[2026-03-17T07:29:55.052Z] error: <httpProxy> [ 500, [AggregateError: ] { code: 'ECONNREFUSED' } ]
[2026-03-17T07:29:55.052Z] error: <jellyfinProxyHandler> HTTP Error 500 calling http://localhost:8096/emby/Sessions?api_key=7c0d5732c0e342db8d7e6a926ba42a30
[2026-03-17T07:29:57.729Z] error: <httpProxy> Error calling https://localhost:9443/api/kubernetes/1/applications/count...
[2026-03-17T07:29:57.730Z] error: <httpProxy> [ 500, [AggregateError: ] { code: 'ECONNREFUSED' } ]
[2026-03-17T07:29:57.730Z] error: <credentialedProxyHandler> HTTP Error 500 calling https://localhost:9443/api/kubernetes/1/applications/count
[2026-03-17T07:29:57.763Z] error: <httpProxy> Error calling https://localhost:9443/api/kubernetes/1/services/count...
[2026-03-17T07:29:57.763Z] error: <httpProxy> [ 500, [AggregateError: ] { code: 'ECONNREFUSED' } ]
[2026-03-17T07:29:57.764Z] error: <credentialedProxyHandler> HTTP Error 500 calling https://localhost:9443/api/kubernetes/1/services/count
[2026-03-17T07:29:57.795Z] error: <httpProxy> Error calling https://localhost:9443/api/kubernetes/1/namespaces/count...
[2026-03-17T07:29:57.795Z] error: <httpProxy> [ 500, [AggregateError: ] { code: 'ECONNREFUSED' } ]
[2026-03-17T07:29:57.796Z] error: <credentialedProxyHandler> HTTP Error 500 calling https://localhost:9443/api/kubernetes/1/namespaces/count
[2026-03-17T07:29:57.798Z] error: <httpProxy> Error calling http://localhost:8080/api/login...
[2026-03-17T07:29:57.798Z] error: <httpProxy> [ 500, [AggregateError: ] { code: 'ECONNREFUSED' } ]
[2026-03-17T07:29:57.799Z] error: <filebrowserProxyHandler> Unexpected status code 500 when logging in to Filebrowser API for service 'File Browser'
[2026-03-17T07:29:57.833Z] error: <httpProxy> Error calling http://localhost:8096/emby/Items/Counts...
[2026-03-17T07:29:57.834Z] error: <httpProxy> [ 500, [AggregateError: ] { code: 'ECONNREFUSED' } ]
[2026-03-17T07:29:57.835Z] error: <jellyfinProxyHandler> HTTP Error 500 calling http://localhost:8096/emby/Items/Counts?api_key=7c0d5732c0e342db8d7e6a926ba42a30
[2026-03-17T07:29:57.837Z] error: <httpProxy> Error calling http://localhost:8096/emby/Sessions...
[2026-03-17T07:29:57.838Z] error: <httpProxy> [ 500, [AggregateError: ] { code: 'ECONNREFUSED' } ]
[2026-03-17T07:29:57.838Z] error: <jellyfinProxyHandler> HTTP Error 500 calling http://localhost:8096/emby/Sessions?api_key=7c0d5732c0e342db8d7e6a926ba42a30
[2026-03-17T07:30:00.084Z] error: <httpProxy> Error calling http://localhost:8096/emby/Sessions...
[2026-03-17T07:30:00.084Z] error: <httpProxy> [ 500, [AggregateError: ] { code: 'ECONNREFUSED' } ]
[2026-03-17T07:30:00.085Z] error: <jellyfinProxyHandler> HTTP Error 500 calling http://localhost:8096/emby/Sessions?api_key=7c0d5732c0e342db8d7e6a926ba42a30
[2026-03-17T07:30:02.201Z] error: <httpProxy> Error calling http://localhost:8096/emby/Sessions...
[2026-03-17T07:30:02.201Z] error: <httpProxy> [ 500, [AggregateError: ] { code: 'ECONNREFUSED' } ]
[2026-03-17T07:30:02.202Z] error: <jellyfinProxyHandler> HTTP Error 500 calling http://localhost:8096/emby/Sessions?api_key=7c0d5732c0e342db8d7e6a926ba42a30
[2026-03-17T07:30:05.128Z] error: <httpProxy> Error calling http://localhost:8096/emby/Sessions...
[2026-03-17T07:30:05.129Z] error: <httpProxy> [ 500, [AggregateError: ] { code: 'ECONNREFUSED' } ]
[2026-03-17T07:30:05.129Z] error: <jellyfinProxyHandler> HTTP Error 500 calling http://localhost:8096/emby/Sessions?api_key=7c0d5732c0e342db8d7e6a926ba42a30
[2026-03-17T07:30:10.175Z] error: <httpProxy> Error calling http://localhost:8096/emby/Sessions...
[2026-03-17T07:30:10.175Z] error: <httpProxy> [ 500, [AggregateError: ] { code: 'ECONNREFUSED' } ]
[2026-03-17T07:30:10.176Z] error: <jellyfinProxyHandler> HTTP Error 500 calling http://localhost:8096/emby/Sessions?api_key=7c0d5732c0e342db8d7e6a926ba42a30
[2026-03-17T07:30:15.210Z] error: <httpProxy> Error calling http://localhost:8096/emby/Sessions...
[2026-03-17T07:30:15.211Z] error: <httpProxy> [ 500, [AggregateError: ] { code: 'ECONNREFUSED' } ]
[2026-03-17T07:30:15.211Z] error: <jellyfinProxyHandler> HTTP Error 500 calling http://localhost:8096/emby/Sessions?api_key=7c0d5732c0e342db8d7e6a926ba42a30
[2026-03-17T07:30:17.121Z] error: <httpProxy> Error calling https://localhost:9443/api/kubernetes/1/applications/count...
[2026-03-17T07:30:17.122Z] error: <httpProxy> [ 500, [AggregateError: ] { code: 'ECONNREFUSED' } ]
[2026-03-17T07:30:17.122Z] error: <credentialedProxyHandler> HTTP Error 500 calling https://localhost:9443/api/kubernetes/1/applications/count
[2026-03-17T07:30:17.171Z] error: <httpProxy> Error calling https://localhost:9443/api/kubernetes/1/services/count...
[2026-03-17T07:30:17.172Z] error: <httpProxy> [ 500, [AggregateError: ] { code: 'ECONNREFUSED' } ]
[2026-03-17T07:30:17.173Z] error: <credentialedProxyHandler> HTTP Error 500 calling https://localhost:9443/api/kubernetes/1/services/count
[2026-03-17T07:30:17.179Z] error: <httpProxy> Error calling https://localhost:9443/api/kubernetes/1/namespaces/count...
[2026-03-17T07:30:17.180Z] error: <httpProxy> [ 500, [AggregateError: ] { code: 'ECONNREFUSED' } ]
[2026-03-17T07:30:17.180Z] error: <credentialedProxyHandler> HTTP Error 500 calling https://localhost:9443/api/kubernetes/1/namespaces/count
[2026-03-17T07:30:17.208Z] error: <httpProxy> Error calling http://localhost:8080/api/login...
[2026-03-17T07:30:17.209Z] error: <httpProxy> [ 500, [AggregateError: ] { code: 'ECONNREFUSED' } ]
[2026-03-17T07:30:17.209Z] error: <filebrowserProxyHandler> Unexpected status code 500 when logging in to Filebrowser API for service 'File Browser'
[2026-03-17T07:30:17.212Z] error: <httpProxy> Error calling http://localhost:8096/emby/Sessions...
[2026-03-17T07:30:17.213Z] error: <httpProxy> [ 500, [AggregateError: ] { code: 'ECONNREFUSED' } ]
[2026-03-17T07:30:17.213Z] error: <jellyfinProxyHandler> HTTP Error 500 calling http://localhost:8096/emby/Sessions?api_key=7c0d5732c0e342db8d7e6a926ba42a30
[2026-03-17T07:30:17.289Z] error: <httpProxy> Error calling http://localhost:8096/emby/Items/Counts...
[2026-03-17T07:30:17.290Z] error: <httpProxy> [ 500, [AggregateError: ] { code: 'ECONNREFUSED' } ]
[2026-03-17T07:30:17.290Z] error: <jellyfinProxyHandler> HTTP Error 500 calling http://localhost:8096/emby/Items/Counts?api_key=7c0d5732c0e342db8d7e6a926ba42a30
[2026-03-17T07:30:18.483Z] error: <httpProxy> Error calling https://localhost:9443/api/kubernetes/1/services/count...
[2026-03-17T07:30:18.484Z] error: <httpProxy> [ 500, [AggregateError: ] { code: 'ECONNREFUSED' } ]
[2026-03-17T07:30:18.484Z] error: <credentialedProxyHandler> HTTP Error 500 calling https://localhost:9443/api/kubernetes/1/services/count
[2026-03-17T07:30:18.510Z] error: <httpProxy> Error calling https://localhost:9443/api/kubernetes/1/applications/count...
[2026-03-17T07:30:18.512Z] error: <httpProxy> [ 500, [AggregateError: ] { code: 'ECONNREFUSED' } ]
[2026-03-17T07:30:18.512Z] error: <credentialedProxyHandler> HTTP Error 500 calling https://localhost:9443/api/kubernetes/1/applications/count
[2026-03-17T07:30:18.541Z] error: <httpProxy> Error calling https://localhost:9443/api/kubernetes/1/namespaces/count...
[2026-03-17T07:30:18.542Z] error: <httpProxy> [ 500, [AggregateError: ] { code: 'ECONNREFUSED' } ]
[2026-03-17T07:30:18.543Z] error: <credentialedProxyHandler> HTTP Error 500 calling https://localhost:9443/api/kubernetes/1/namespaces/count
[2026-03-17T07:30:18.549Z] error: <httpProxy> Error calling http://localhost:8080/api/login...
[2026-03-17T07:30:18.550Z] error: <httpProxy> [ 500, [AggregateError: ] { code: 'ECONNREFUSED' } ]
[2026-03-17T07:30:18.551Z] error: <filebrowserProxyHandler> Unexpected status code 500 when logging in to Filebrowser API for service 'File Browser'
[2026-03-17T07:30:18.590Z] error: <httpProxy> Error calling http://localhost:8096/emby/Sessions...
[2026-03-17T07:30:18.591Z] error: <httpProxy> [ 500, [AggregateError: ] { code: 'ECONNREFUSED' } ]
[2026-03-17T07:30:18.591Z] error: <jellyfinProxyHandler> HTTP Error 500 calling http://localhost:8096/emby/Sessions?api_key=7c0d5732c0e342db8d7e6a926ba42a30
[2026-03-17T07:30:18.594Z] error: <httpProxy> Error calling http://localhost:8096/emby/Items/Counts...
[2026-03-17T07:30:18.594Z] error: <httpProxy> [ 500, [AggregateError: ] { code: 'ECONNREFUSED' } ]
[2026-03-17T07:30:18.595Z] error: <jellyfinProxyHandler> HTTP Error 500 calling http://localhost:8096/emby/Items/Counts?api_key=7c0d5732c0e342db8d7e6a926ba42a30
[2026-03-17T07:30:20.254Z] error: <httpProxy> Error calling http://localhost:8096/emby/Sessions...
[2026-03-17T07:30:20.255Z] error: <httpProxy> [ 500, [AggregateError: ] { code: 'ECONNREFUSED' } ]
[2026-03-17T07:30:20.256Z] error: <jellyfinProxyHandler> HTTP Error 500 calling http://localhost:8096/emby/Sessions?api_key=7c0d5732c0e342db8d7e6a926ba42a30
[2026-03-17T07:30:23.807Z] error: <httpProxy> Error calling http://localhost:8096/emby/Items/Counts...
[2026-03-17T07:30:23.808Z] error: <httpProxy> [ 500, [AggregateError: ] { code: 'ECONNREFUSED' } ]
[2026-03-17T07:30:23.809Z] error: <jellyfinProxyHandler> HTTP Error 500 calling http://localhost:8096/emby/Items/Counts?api_key=7c0d5732c0e342db8d7e6a926ba42a30
[2026-03-17T07:30:25.299Z] error: <httpProxy> Error calling http://localhost:8096/emby/Sessions...
[2026-03-17T07:30:25.301Z] error: <httpProxy> [ 500, [AggregateError: ] { code: 'ECONNREFUSED' } ]
[2026-03-17T07:30:25.301Z] error: <jellyfinProxyHandler> HTTP Error 500 calling http://localhost:8096/emby/Sessions?api_key=7c0d5732c0e342db8d7e6a926ba42a30
[2026-03-17T07:30:30.340Z] error: <httpProxy> Error calling http://localhost:8096/emby/Sessions...
[2026-03-17T07:30:30.341Z] error: <httpProxy> [ 500, [AggregateError: ] { code: 'ECONNREFUSED' } ]
[2026-03-17T07:30:30.342Z] error: <jellyfinProxyHandler> HTTP Error 500 calling http://localhost:8096/emby/Sessions?api_key=7c0d5732c0e342db8d7e6a926ba42a30
[2026-03-17T07:30:35.375Z] error: <httpProxy> Error calling http://localhost:8096/emby/Sessions...
[2026-03-17T07:30:35.376Z] error: <httpProxy> [ 500, [AggregateError: ] { code: 'ECONNREFUSED' } ]
[2026-03-17T07:30:35.376Z] error: <jellyfinProxyHandler> HTTP Error 500 calling http://localhost:8096/emby/Sessions?api_key=7c0d5732c0e342db8d7e6a926ba42a30
[2026-03-17T07:30:40.420Z] error: <httpProxy> Error calling http://localhost:8096/emby/Sessions...
[2026-03-17T07:30:40.421Z] error: <httpProxy> [ 500, [AggregateError: ] { code: 'ECONNREFUSED' } ]
[2026-03-17T07:30:40.421Z] error: <jellyfinProxyHandler> HTTP Error 500 calling http://localhost:8096/emby/Sessions?api_key=7c0d5732c0e342db8d7e6a926ba42a30
[2026-03-17T07:30:45.455Z] error: <httpProxy> Error calling http://localhost:8096/emby/Sessions...
[2026-03-17T07:30:45.457Z] error: <httpProxy> [ 500, [AggregateError: ] { code: 'ECONNREFUSED' } ]
[2026-03-17T07:30:45.457Z] error: <jellyfinProxyHandler> HTTP Error 500 calling http://localhost:8096/emby/Sessions?api_key=7c0d5732c0e342db8d7e6a926ba42a30
[2026-03-17T07:30:50.494Z] error: <httpProxy> Error calling http://localhost:8096/emby/Sessions...
[2026-03-17T07:30:50.495Z] error: <httpProxy> [ 500, [AggregateError: ] { code: 'ECONNREFUSED' } ]
[2026-03-17T07:30:50.495Z] error: <jellyfinProxyHandler> HTTP Error 500 calling http://localhost:8096/emby/Sessions?api_key=7c0d5732c0e342db8d7e6a926ba42a30
[2026-03-17T07:30:55.535Z] error: <httpProxy> Error calling http://localhost:8096/emby/Sessions...
[2026-03-17T07:30:55.536Z] error: <httpProxy> [ 500, [AggregateError: ] { code: 'ECONNREFUSED' } ]
[2026-03-17T07:30:55.536Z] error: <jellyfinProxyHandler> HTTP Error 500 calling http://localhost:8096/emby/Sessions?api_key=7c0d5732c0e342db8d7e6a926ba42a30
[2026-03-17T07:31:00.579Z] error: <httpProxy> Error calling http://localhost:8096/emby/Sessions...
[2026-03-17T07:31:00.580Z] error: <httpProxy> [ 500, [AggregateError: ] { code: 'ECONNREFUSED' } ]
[2026-03-17T07:31:00.580Z] error: <jellyfinProxyHandler> HTTP Error 500 calling http://localhost:8096/emby/Sessions?api_key=7c0d5732c0e342db8d7e6a926ba42a30
[2026-03-17T07:31:05.620Z] error: <httpProxy> Error calling http://localhost:8096/emby/Sessions...
[2026-03-17T07:31:05.621Z] error: <httpProxy> [ 500, [AggregateError: ] { code: 'ECONNREFUSED' } ]
[2026-03-17T07:31:05.622Z] error: <jellyfinProxyHandler> HTTP Error 500 calling http://localhost:8096/emby/Sessions?api_key=7c0d5732c0e342db8d7e6a926ba42a30
[2026-03-17T07:31:10.669Z] error: <httpProxy> Error calling http://localhost:8096/emby/Sessions...
[2026-03-17T07:31:10.670Z] error: <httpProxy> [ 500, [AggregateError: ] { code: 'ECONNREFUSED' } ]
[2026-03-17T07:31:10.671Z] error: <jellyfinProxyHandler> HTTP Error 500 calling http://localhost:8096/emby/Sessions?api_key=7c0d5732c0e342db8d7e6a926ba42a30
[2026-03-17T07:31:15.703Z] error: <httpProxy> Error calling http://localhost:8096/emby/Sessions...
[2026-03-17T07:31:15.704Z] error: <httpProxy> [ 500, [AggregateError: ] { code: 'ECONNREFUSED' } ]
[2026-03-17T07:31:15.704Z] error: <jellyfinProxyHandler> HTTP Error 500 calling http://localhost:8096/emby/Sessions?api_key=7c0d5732c0e342db8d7e6a926ba42a30
[2026-03-17T07:31:20.743Z] error: <httpProxy> Error calling http://localhost:8096/emby/Sessions...
[2026-03-17T07:31:20.744Z] error: <httpProxy> [ 500, [AggregateError: ] { code: 'ECONNREFUSED' } ]
[2026-03-17T07:31:20.745Z] error: <jellyfinProxyHandler> HTTP Error 500 calling http://localhost:8096/emby/Sessions?api_key=7c0d5732c0e342db8d7e6a926ba42a30
[2026-03-17T07:31:23.076Z] error: <httpProxy> Error calling https://localhost:9443/api/kubernetes/1/applications/count...
[2026-03-17T07:31:23.077Z] error: <httpProxy> [ 500, [AggregateError: ] { code: 'ECONNREFUSED' } ]
[2026-03-17T07:31:23.077Z] error: <credentialedProxyHandler> HTTP Error 500 calling https://localhost:9443/api/kubernetes/1/applications/count
[2026-03-17T07:31:23.133Z] error: <httpProxy> Error calling https://localhost:9443/api/kubernetes/1/services/count...
[2026-03-17T07:31:23.134Z] error: <httpProxy> [ 500, [AggregateError: ] { code: 'ECONNREFUSED' } ]
[2026-03-17T07:31:23.135Z] error: <credentialedProxyHandler> HTTP Error 500 calling https://localhost:9443/api/kubernetes/1/services/count
[2026-03-17T07:31:23.181Z] error: <httpProxy> Error calling https://localhost:9443/api/kubernetes/1/namespaces/count...
[2026-03-17T07:31:23.182Z] error: <httpProxy> [ 500, [AggregateError: ] { code: 'ECONNREFUSED' } ]
[2026-03-17T07:31:23.182Z] error: <credentialedProxyHandler> HTTP Error 500 calling https://localhost:9443/api/kubernetes/1/namespaces/count
[2026-03-17T07:31:23.228Z] error: <httpProxy> Error calling http://localhost:8080/api/login...
[2026-03-17T07:31:23.229Z] error: <httpProxy> [ 500, [AggregateError: ] { code: 'ECONNREFUSED' } ]
[2026-03-17T07:31:23.229Z] error: <filebrowserProxyHandler> Unexpected status code 500 when logging in to Filebrowser API for service 'File Browser'
[2026-03-17T07:31:23.232Z] error: <httpProxy> Error calling http://localhost:8096/emby/Sessions...
[2026-03-17T07:31:23.233Z] error: <httpProxy> [ 500, [AggregateError: ] { code: 'ECONNREFUSED' } ]
[2026-03-17T07:31:23.233Z] error: <jellyfinProxyHandler> HTTP Error 500 calling http://localhost:8096/emby/Sessions?api_key=7c0d5732c0e342db8d7e6a926ba42a30
[2026-03-17T07:31:23.311Z] error: <httpProxy> Error calling http://localhost:8096/emby/Items/Counts...
[2026-03-17T07:31:23.311Z] error: <httpProxy> [ 500, [AggregateError: ] { code: 'ECONNREFUSED' } ]
[2026-03-17T07:31:23.312Z] error: <jellyfinProxyHandler> HTTP Error 500 calling http://localhost:8096/emby/Items/Counts?api_key=7c0d5732c0e342db8d7e6a926ba42a30
[2026-03-17T07:31:23.850Z] error: <httpProxy> Error calling http://localhost:8096/emby/Items/Counts...
[2026-03-17T07:31:23.851Z] error: <httpProxy> [ 500, [AggregateError: ] { code: 'ECONNREFUSED' } ]
[2026-03-17T07:31:23.851Z] error: <jellyfinProxyHandler> HTTP Error 500 calling http://localhost:8096/emby/Items/Counts?api_key=7c0d5732c0e342db8d7e6a926ba42a30
[2026-03-17T07:31:24.759Z] error: <httpProxy> Error calling https://localhost:9443/api/kubernetes/1/applications/count...
[2026-03-17T07:31:24.760Z] error: <httpProxy> [ 500, [AggregateError: ] { code: 'ECONNREFUSED' } ]
[2026-03-17T07:31:24.761Z] error: <credentialedProxyHandler> HTTP Error 500 calling https://localhost:9443/api/kubernetes/1/applications/count
[2026-03-17T07:31:24.810Z] error: <httpProxy> Error calling https://localhost:9443/api/kubernetes/1/services/count...
[2026-03-17T07:31:24.810Z] error: <httpProxy> [ 500, [AggregateError: ] { code: 'ECONNREFUSED' } ]
[2026-03-17T07:31:24.811Z] error: <credentialedProxyHandler> HTTP Error 500 calling https://localhost:9443/api/kubernetes/1/services/count
[2026-03-17T07:31:24.840Z] error: <httpProxy> Error calling https://localhost:9443/api/kubernetes/1/namespaces/count...
[2026-03-17T07:31:24.841Z] error: <httpProxy> [ 500, [AggregateError: ] { code: 'ECONNREFUSED' } ]
[2026-03-17T07:31:24.841Z] error: <credentialedProxyHandler> HTTP Error 500 calling https://localhost:9443/api/kubernetes/1/namespaces/count
[2026-03-17T07:31:24.873Z] error: <httpProxy> Error calling http://localhost:8080/api/login...
[2026-03-17T07:31:24.873Z] error: <httpProxy> [ 500, [AggregateError: ] { code: 'ECONNREFUSED' } ]
[2026-03-17T07:31:24.873Z] error: <filebrowserProxyHandler> Unexpected status code 500 when logging in to Filebrowser API for service 'File Browser'
[2026-03-17T07:31:24.910Z] error: <httpProxy> Error calling http://localhost:8096/emby/Sessions...
[2026-03-17T07:31:24.911Z] error: <httpProxy> [ 500, [AggregateError: ] { code: 'ECONNREFUSED' } ]
[2026-03-17T07:31:24.911Z] error: <jellyfinProxyHandler> HTTP Error 500 calling http://localhost:8096/emby/Sessions?api_key=7c0d5732c0e342db8d7e6a926ba42a30
[2026-03-17T07:31:24.941Z] error: <httpProxy> Error calling http://localhost:8096/emby/Items/Counts...
[2026-03-17T07:31:24.942Z] error: <httpProxy> [ 500, [AggregateError: ] { code: 'ECONNREFUSED' } ]
[2026-03-17T07:31:24.942Z] error: <jellyfinProxyHandler> HTTP Error 500 calling http://localhost:8096/emby/Items/Counts?api_key=7c0d5732c0e342db8d7e6a926ba42a30
[2026-03-17T07:31:25.783Z] error: <httpProxy> Error calling http://localhost:8096/emby/Sessions...
[2026-03-17T07:31:25.784Z] error: <httpProxy> [ 500, [AggregateError: ] { code: 'ECONNREFUSED' } ]
[2026-03-17T07:31:25.785Z] error: <jellyfinProxyHandler> HTTP Error 500 calling http://localhost:8096/emby/Sessions?api_key=7c0d5732c0e342db8d7e6a926ba42a30
[2026-03-17T07:31:30.816Z] error: <httpProxy> Error calling http://localhost:8096/emby/Sessions...
[2026-03-17T07:31:30.817Z] error: <httpProxy> [ 500, [AggregateError: ] { code: 'ECONNREFUSED' } ]
[2026-03-17T07:31:30.818Z] error: <jellyfinProxyHandler> HTTP Error 500 calling http://localhost:8096/emby/Sessions?api_key=7c0d5732c0e342db8d7e6a926ba42a30
[2026-03-17T07:31:35.859Z] error: <httpProxy> Error calling http://localhost:8096/emby/Sessions...
[2026-03-17T07:31:35.860Z] error: <httpProxy> [ 500, [AggregateError: ] { code: 'ECONNREFUSED' } ]
[2026-03-17T07:31:35.860Z] error: <jellyfinProxyHandler> HTTP Error 500 calling http://localhost:8096/emby/Sessions?api_key=7c0d5732c0e342db8d7e6a926ba42a30
[2026-03-17T07:31:40.896Z] error: <httpProxy> Error calling http://localhost:8096/emby/Sessions...
[2026-03-17T07:31:40.897Z] error: <httpProxy> [ 500, [AggregateError: ] { code: 'ECONNREFUSED' } ]
[2026-03-17T07:31:40.897Z] error: <jellyfinProxyHandler> HTTP Error 500 calling http://localhost:8096/emby/Sessions?api_key=7c0d5732c0e342db8d7e6a926ba42a30
[2026-03-17T07:31:45.942Z] error: <httpProxy> Error calling http://localhost:8096/emby/Sessions...
[2026-03-17T07:31:45.943Z] error: <httpProxy> [ 500, [AggregateError: ] { code: 'ECONNREFUSED' } ]
[2026-03-17T07:31:45.943Z] error: <jellyfinProxyHandler> HTTP Error 500 calling http://localhost:8096/emby/Sessions?api_key=7c0d5732c0e342db8d7e6a926ba42a30
[2026-03-17T07:31:50.502Z] error: <httpProxy> Error calling https://localhost:9443/api/kubernetes/1/applications/count...
[2026-03-17T07:31:50.502Z] error: <httpProxy> [ 500, [AggregateError: ] { code: 'ECONNREFUSED' } ]
[2026-03-17T07:31:50.503Z] error: <credentialedProxyHandler> HTTP Error 500 calling https://localhost:9443/api/kubernetes/1/applications/count
[2026-03-17T07:31:50.560Z] error: <httpProxy> Error calling https://localhost:9443/api/kubernetes/1/services/count...
[2026-03-17T07:31:50.562Z] error: <httpProxy> [ 500, [AggregateError: ] { code: 'ECONNREFUSED' } ]
[2026-03-17T07:31:50.562Z] error: <credentialedProxyHandler> HTTP Error 500 calling https://localhost:9443/api/kubernetes/1/services/count
[2026-03-17T07:31:50.564Z] error: <httpProxy> Error calling https://localhost:9443/api/kubernetes/1/namespaces/count...
[2026-03-17T07:31:50.565Z] error: <httpProxy> [ 500, [AggregateError: ] { code: 'ECONNREFUSED' } ]
[2026-03-17T07:31:50.565Z] error: <credentialedProxyHandler> HTTP Error 500 calling https://localhost:9443/api/kubernetes/1/namespaces/count
[2026-03-17T07:31:50.605Z] error: <httpProxy> Error calling http://localhost:8080/api/login...
[2026-03-17T07:31:50.606Z] error: <httpProxy> [ 500, [AggregateError: ] { code: 'ECONNREFUSED' } ]
[2026-03-17T07:31:50.606Z] error: <filebrowserProxyHandler> Unexpected status code 500 when logging in to Filebrowser API for service 'File Browser'
[2026-03-17T07:31:50.608Z] error: <httpProxy> Error calling http://localhost:8096/emby/Sessions...
[2026-03-17T07:31:50.609Z] error: <httpProxy> [ 500, [AggregateError: ] { code: 'ECONNREFUSED' } ]
[2026-03-17T07:31:50.609Z] error: <jellyfinProxyHandler> HTTP Error 500 calling http://localhost:8096/emby/Sessions?api_key=7c0d5732c0e342db8d7e6a926ba42a30
[2026-03-17T07:31:50.654Z] error: <httpProxy> Error calling http://localhost:8096/emby/Items/Counts...
[2026-03-17T07:31:50.655Z] error: <httpProxy> [ 500, [AggregateError: ] { code: 'ECONNREFUSED' } ]
[2026-03-17T07:31:50.655Z] error: <jellyfinProxyHandler> HTTP Error 500 calling http://localhost:8096/emby/Items/Counts?api_key=7c0d5732c0e342db8d7e6a926ba42a30
[2026-03-17T07:31:50.988Z] error: <httpProxy> Error calling http://localhost:8096/emby/Sessions...
[2026-03-17T07:31:50.989Z] error: <httpProxy> [ 500, [AggregateError: ] { code: 'ECONNREFUSED' } ]
[2026-03-17T07:31:50.989Z] error: <jellyfinProxyHandler> HTTP Error 500 calling http://localhost:8096/emby/Sessions?api_key=7c0d5732c0e342db8d7e6a926ba42a30
[2026-03-17T07:31:51.688Z] error: <httpProxy> Error calling https://localhost:9443/api/kubernetes/1/applications/count...
[2026-03-17T07:31:51.689Z] error: <httpProxy> [ 500, [AggregateError: ] { code: 'ECONNREFUSED' } ]
[2026-03-17T07:31:51.689Z] error: <credentialedProxyHandler> HTTP Error 500 calling https://localhost:9443/api/kubernetes/1/applications/count
[2026-03-17T07:31:51.732Z] error: <httpProxy> Error calling https://localhost:9443/api/kubernetes/1/services/count...
[2026-03-17T07:31:51.732Z] error: <httpProxy> [ 500, [AggregateError: ] { code: 'ECONNREFUSED' } ]
[2026-03-17T07:31:51.733Z] error: <credentialedProxyHandler> HTTP Error 500 calling https://localhost:9443/api/kubernetes/1/services/count
[2026-03-17T07:31:51.776Z] error: <httpProxy> Error calling https://localhost:9443/api/kubernetes/1/namespaces/count...
[2026-03-17T07:31:51.777Z] error: <httpProxy> [ 500, [AggregateError: ] { code: 'ECONNREFUSED' } ]
[2026-03-17T07:31:51.777Z] error: <credentialedProxyHandler> HTTP Error 500 calling https://localhost:9443/api/kubernetes/1/namespaces/count
[2026-03-17T07:31:51.779Z] error: <httpProxy> Error calling http://localhost:8080/api/login...
[2026-03-17T07:31:51.780Z] error: <httpProxy> [ 500, [AggregateError: ] { code: 'ECONNREFUSED' } ]
[2026-03-17T07:31:51.780Z] error: <filebrowserProxyHandler> Unexpected status code 500 when logging in to Filebrowser API for service 'File Browser'
[2026-03-17T07:31:51.819Z] error: <httpProxy> Error calling http://localhost:8096/emby/Sessions...
[2026-03-17T07:31:51.820Z] error: <httpProxy> [ 500, [AggregateError: ] { code: 'ECONNREFUSED' } ]
[2026-03-17T07:31:51.820Z] error: <jellyfinProxyHandler> HTTP Error 500 calling http://localhost:8096/emby/Sessions?api_key=7c0d5732c0e342db8d7e6a926ba42a30
[2026-03-17T07:31:51.822Z] error: <httpProxy> Error calling http://localhost:8096/emby/Items/Counts...
[2026-03-17T07:31:51.823Z] error: <httpProxy> [ 500, [AggregateError: ] { code: 'ECONNREFUSED' } ]
[2026-03-17T07:31:51.823Z] error: <jellyfinProxyHandler> HTTP Error 500 calling http://localhost:8096/emby/Items/Counts?api_key=7c0d5732c0e342db8d7e6a926ba42a30
[2026-03-17T07:31:56.019Z] error: <httpProxy> Error calling http://localhost:8096/emby/Sessions...
[2026-03-17T07:31:56.020Z] error: <httpProxy> [ 500, [AggregateError: ] { code: 'ECONNREFUSED' } ]
[2026-03-17T07:31:56.020Z] error: <jellyfinProxyHandler> HTTP Error 500 calling http://localhost:8096/emby/Sessions?api_key=7c0d5732c0e342db8d7e6a926ba42a30
[2026-03-17T07:32:00.445Z] error: <httpProxy> Error calling https://localhost:9443/api/kubernetes/1/applications/count...
[2026-03-17T07:32:00.446Z] error: <httpProxy> [ 500, [AggregateError: ] { code: 'ECONNREFUSED' } ]
[2026-03-17T07:32:00.447Z] error: <credentialedProxyHandler> HTTP Error 500 calling https://localhost:9443/api/kubernetes/1/applications/count
[2026-03-17T07:32:00.506Z] error: <httpProxy> Error calling https://localhost:9443/api/kubernetes/1/services/count...
[2026-03-17T07:32:00.508Z] error: <httpProxy> [ 500, [AggregateError: ] { code: 'ECONNREFUSED' } ]
[2026-03-17T07:32:00.508Z] error: <credentialedProxyHandler> HTTP Error 500 calling https://localhost:9443/api/kubernetes/1/services/count
[2026-03-17T07:32:00.550Z] error: <httpProxy> Error calling https://localhost:9443/api/kubernetes/1/namespaces/count...
[2026-03-17T07:32:00.551Z] error: <httpProxy> [ 500, [AggregateError: ] { code: 'ECONNREFUSED' } ]
[2026-03-17T07:32:00.552Z] error: <credentialedProxyHandler> HTTP Error 500 calling https://localhost:9443/api/kubernetes/1/namespaces/count
[2026-03-17T07:32:00.555Z] error: <httpProxy> Error calling http://localhost:8080/api/login...
[2026-03-17T07:32:00.556Z] error: <httpProxy> [ 500, [AggregateError: ] { code: 'ECONNREFUSED' } ]
[2026-03-17T07:32:00.556Z] error: <filebrowserProxyHandler> Unexpected status code 500 when logging in to Filebrowser API for service 'File Browser'
[2026-03-17T07:32:00.595Z] error: <httpProxy> Error calling http://localhost:8096/emby/Sessions...
[2026-03-17T07:32:00.596Z] error: <httpProxy> [ 500, [AggregateError: ] { code: 'ECONNREFUSED' } ]
[2026-03-17T07:32:00.596Z] error: <jellyfinProxyHandler> HTTP Error 500 calling http://localhost:8096/emby/Sessions?api_key=7c0d5732c0e342db8d7e6a926ba42a30
[2026-03-17T07:32:00.599Z] error: <httpProxy> Error calling http://localhost:8096/emby/Items/Counts...
[2026-03-17T07:32:00.599Z] error: <httpProxy> [ 500, [AggregateError: ] { code: 'ECONNREFUSED' } ]
[2026-03-17T07:32:00.600Z] error: <jellyfinProxyHandler> HTTP Error 500 calling http://localhost:8096/emby/Items/Counts?api_key=7c0d5732c0e342db8d7e6a926ba42a30
[2026-03-17T07:32:01.059Z] error: <httpProxy> Error calling http://localhost:8096/emby/Sessions...
[2026-03-17T07:32:01.060Z] error: <httpProxy> [ 500, [AggregateError: ] { code: 'ECONNREFUSED' } ]
[2026-03-17T07:32:01.060Z] error: <jellyfinProxyHandler> HTTP Error 500 calling http://localhost:8096/emby/Sessions?api_key=7c0d5732c0e342db8d7e6a926ba42a30
[2026-03-17T07:32:06.093Z] error: <httpProxy> Error calling http://localhost:8096/emby/Sessions...
[2026-03-17T07:32:06.094Z] error: <httpProxy> [ 500, [AggregateError: ] { code: 'ECONNREFUSED' } ]
[2026-03-17T07:32:06.094Z] error: <jellyfinProxyHandler> HTTP Error 500 calling http://localhost:8096/emby/Sessions?api_key=7c0d5732c0e342db8d7e6a926ba42a30
[2026-03-17T07:32:06.170Z] error: <httpProxy> Error calling http://localhost:8096/emby/Sessions...
[2026-03-17T07:32:06.171Z] error: <httpProxy> [ 500, [AggregateError: ] { code: 'ECONNREFUSED' } ]
[2026-03-17T07:32:06.172Z] error: <jellyfinProxyHandler> HTTP Error 500 calling http://localhost:8096/emby/Sessions?api_key=7c0d5732c0e342db8d7e6a926ba42a30
[2026-03-17T07:32:11.132Z] error: <httpProxy> Error calling http://localhost:8096/emby/Sessions...
[2026-03-17T07:32:11.132Z] error: <httpProxy> [ 500, [AggregateError: ] { code: 'ECONNREFUSED' } ]
[2026-03-17T07:32:11.133Z] error: <jellyfinProxyHandler> HTTP Error 500 calling http://localhost:8096/emby/Sessions?api_key=7c0d5732c0e342db8d7e6a926ba42a30
[2026-03-17T07:32:16.175Z] error: <httpProxy> Error calling http://localhost:8096/emby/Sessions...
[2026-03-17T07:32:16.176Z] error: <httpProxy> [ 500, [AggregateError: ] { code: 'ECONNREFUSED' } ]
[2026-03-17T07:32:16.176Z] error: <jellyfinProxyHandler> HTTP Error 500 calling http://localhost:8096/emby/Sessions?api_key=7c0d5732c0e342db8d7e6a926ba42a30
[2026-03-17T07:32:21.246Z] error: <httpProxy> Error calling http://localhost:8096/emby/Sessions...
[2026-03-17T07:32:21.247Z] error: <httpProxy> [ 500, [AggregateError: ] { code: 'ECONNREFUSED' } ]
[2026-03-17T07:32:21.248Z] error: <jellyfinProxyHandler> HTTP Error 500 calling http://localhost:8096/emby/Sessions?api_key=7c0d5732c0e342db8d7e6a926ba42a30
[2026-03-17T07:32:21.711Z] error: <httpProxy> Error calling https://localhost:9443/api/kubernetes/1/services/count...
[2026-03-17T07:32:21.711Z] error: <httpProxy> [ 500, [AggregateError: ] { code: 'ECONNREFUSED' } ]
[2026-03-17T07:32:21.712Z] error: <credentialedProxyHandler> HTTP Error 500 calling https://localhost:9443/api/kubernetes/1/services/count
[2026-03-17T07:32:21.716Z] error: <httpProxy> Error calling https://localhost:9443/api/kubernetes/1/applications/count...
[2026-03-17T07:32:21.716Z] error: <httpProxy> [ 500, [AggregateError: ] { code: 'ECONNREFUSED' } ]
[2026-03-17T07:32:21.717Z] error: <credentialedProxyHandler> HTTP Error 500 calling https://localhost:9443/api/kubernetes/1/applications/count
[2026-03-17T07:32:21.931Z] error: <httpProxy> Error calling https://localhost:9443/api/kubernetes/1/namespaces/count...
[2026-03-17T07:32:21.932Z] error: <httpProxy> [ 500, [AggregateError: ] { code: 'ECONNREFUSED' } ]
[2026-03-17T07:32:21.932Z] error: <credentialedProxyHandler> HTTP Error 500 calling https://localhost:9443/api/kubernetes/1/namespaces/count
[2026-03-17T07:32:21.935Z] error: <httpProxy> Error calling http://localhost:8080/api/login...
[2026-03-17T07:32:21.935Z] error: <httpProxy> [ 500, [AggregateError: ] { code: 'ECONNREFUSED' } ]
[2026-03-17T07:32:21.936Z] error: <filebrowserProxyHandler> Unexpected status code 500 when logging in to Filebrowser API for service 'File Browser'
[2026-03-17T07:32:22.155Z] error: <httpProxy> Error calling http://localhost:8096/emby/Sessions...
[2026-03-17T07:32:22.156Z] error: <httpProxy> [ 500, [AggregateError: ] { code: 'ECONNREFUSED' } ]
[2026-03-17T07:32:22.157Z] error: <jellyfinProxyHandler> HTTP Error 500 calling http://localhost:8096/emby/Sessions?api_key=7c0d5732c0e342db8d7e6a926ba42a30
[2026-03-17T07:32:22.159Z] error: <httpProxy> Error calling http://localhost:8096/emby/Items/Counts...
[2026-03-17T07:32:22.160Z] error: <httpProxy> [ 500, [AggregateError: ] { code: 'ECONNREFUSED' } ]
[2026-03-17T07:32:22.160Z] error: <jellyfinProxyHandler> HTTP Error 500 calling http://localhost:8096/emby/Items/Counts?api_key=7c0d5732c0e342db8d7e6a926ba42a30
[2026-03-17T07:32:23.882Z] error: <httpProxy> Error calling http://localhost:8096/emby/Items/Counts...
[2026-03-17T07:32:23.883Z] error: <httpProxy> [ 500, [AggregateError: ] { code: 'ECONNREFUSED' } ]
[2026-03-17T07:32:23.883Z] error: <jellyfinProxyHandler> HTTP Error 500 calling http://localhost:8096/emby/Items/Counts?api_key=7c0d5732c0e342db8d7e6a926ba42a30
[2026-03-17T07:32:26.292Z] error: <httpProxy> Error calling http://localhost:8096/emby/Sessions...
[2026-03-17T07:32:26.293Z] error: <httpProxy> [ 500, [AggregateError: ] { code: 'ECONNREFUSED' } ]
[2026-03-17T07:32:26.293Z] error: <jellyfinProxyHandler> HTTP Error 500 calling http://localhost:8096/emby/Sessions?api_key=7c0d5732c0e342db8d7e6a926ba42a30
[2026-03-17T07:32:30.288Z] error: <httpProxy> Error calling https://localhost:9443/api/kubernetes/1/applications/count...
[2026-03-17T07:32:30.289Z] error: <httpProxy> [ 500, [AggregateError: ] { code: 'ECONNREFUSED' } ]
[2026-03-17T07:32:30.289Z] error: <credentialedProxyHandler> HTTP Error 500 calling https://localhost:9443/api/kubernetes/1/applications/count
[2026-03-17T07:32:30.343Z] error: <httpProxy> Error calling https://localhost:9443/api/kubernetes/1/services/count...
[2026-03-17T07:32:30.344Z] error: <httpProxy> [ 500, [AggregateError: ] { code: 'ECONNREFUSED' } ]
[2026-03-17T07:32:30.344Z] error: <credentialedProxyHandler> HTTP Error 500 calling https://localhost:9443/api/kubernetes/1/services/count
[2026-03-17T07:32:30.385Z] error: <httpProxy> Error calling https://localhost:9443/api/kubernetes/1/namespaces/count...
[2026-03-17T07:32:30.386Z] error: <httpProxy> [ 500, [AggregateError: ] { code: 'ECONNREFUSED' } ]
[2026-03-17T07:32:30.386Z] error: <credentialedProxyHandler> HTTP Error 500 calling https://localhost:9443/api/kubernetes/1/namespaces/count
[2026-03-17T07:32:30.390Z] error: <httpProxy> Error calling http://localhost:8080/api/login...
[2026-03-17T07:32:30.391Z] error: <httpProxy> [ 500, [AggregateError: ] { code: 'ECONNREFUSED' } ]
[2026-03-17T07:32:30.391Z] error: <filebrowserProxyHandler> Unexpected status code 500 when logging in to Filebrowser API for service 'File Browser'
[2026-03-17T07:32:30.439Z] error: <httpProxy> Error calling http://localhost:8096/emby/Items/Counts...
[2026-03-17T07:32:30.440Z] error: <httpProxy> [ 500, [AggregateError: ] { code: 'ECONNREFUSED' } ]
[2026-03-17T07:32:30.440Z] error: <jellyfinProxyHandler> HTTP Error 500 calling http://localhost:8096/emby/Items/Counts?api_key=7c0d5732c0e342db8d7e6a926ba42a30
[2026-03-17T07:32:30.443Z] error: <httpProxy> Error calling http://localhost:8096/emby/Sessions...
[2026-03-17T07:32:30.443Z] error: <httpProxy> [ 500, [AggregateError: ] { code: 'ECONNREFUSED' } ]
[2026-03-17T07:32:30.444Z] error: <jellyfinProxyHandler> HTTP Error 500 calling http://localhost:8096/emby/Sessions?api_key=7c0d5732c0e342db8d7e6a926ba42a30
[2026-03-17T07:32:31.364Z] error: <httpProxy> Error calling http://localhost:8096/emby/Sessions...
[2026-03-17T07:32:31.365Z] error: <httpProxy> [ 500, [AggregateError: ] { code: 'ECONNREFUSED' } ]
[2026-03-17T07:32:31.366Z] error: <jellyfinProxyHandler> HTTP Error 500 calling http://localhost:8096/emby/Sessions?api_key=7c0d5732c0e342db8d7e6a926ba42a30
[2026-03-17T07:32:31.635Z] error: <httpProxy> Error calling https://localhost:9443/api/kubernetes/1/applications/count...
[2026-03-17T07:32:31.636Z] error: <httpProxy> [ 500, [AggregateError: ] { code: 'ECONNREFUSED' } ]
[2026-03-17T07:32:31.636Z] error: <credentialedProxyHandler> HTTP Error 500 calling https://localhost:9443/api/kubernetes/1/applications/count
[2026-03-17T07:32:31.687Z] error: <httpProxy> Error calling https://localhost:9443/api/kubernetes/1/services/count...
[2026-03-17T07:32:31.688Z] error: <httpProxy> [ 500, [AggregateError: ] { code: 'ECONNREFUSED' } ]
[2026-03-17T07:32:31.688Z] error: <credentialedProxyHandler> HTTP Error 500 calling https://localhost:9443/api/kubernetes/1/services/count
[2026-03-17T07:32:31.723Z] error: <httpProxy> Error calling https://localhost:9443/api/kubernetes/1/namespaces/count...
[2026-03-17T07:32:31.724Z] error: <httpProxy> [ 500, [AggregateError: ] { code: 'ECONNREFUSED' } ]
[2026-03-17T07:32:31.724Z] error: <credentialedProxyHandler> HTTP Error 500 calling https://localhost:9443/api/kubernetes/1/namespaces/count
[2026-03-17T07:32:31.735Z] error: <httpProxy> Error calling http://localhost:8080/api/login...
[2026-03-17T07:32:31.736Z] error: <httpProxy> [ 500, [AggregateError: ] { code: 'ECONNREFUSED' } ]
[2026-03-17T07:32:31.736Z] error: <filebrowserProxyHandler> Unexpected status code 500 when logging in to Filebrowser API for service 'File Browser'
[2026-03-17T07:32:31.769Z] error: <httpProxy> Error calling http://localhost:8096/emby/Sessions...
[2026-03-17T07:32:31.770Z] error: <httpProxy> [ 500, [AggregateError: ] { code: 'ECONNREFUSED' } ]
[2026-03-17T07:32:31.770Z] error: <jellyfinProxyHandler> HTTP Error 500 calling http://localhost:8096/emby/Sessions?api_key=7c0d5732c0e342db8d7e6a926ba42a30
[2026-03-17T07:32:31.782Z] error: <httpProxy> Error calling http://localhost:8096/emby/Items/Counts...
[2026-03-17T07:32:31.782Z] error: <httpProxy> [ 500, [AggregateError: ] { code: 'ECONNREFUSED' } ]
[2026-03-17T07:32:31.783Z] error: <jellyfinProxyHandler> HTTP Error 500 calling http://localhost:8096/emby/Items/Counts?api_key=7c0d5732c0e342db8d7e6a926ba42a30
[2026-03-17T07:32:36.413Z] error: <httpProxy> Error calling http://localhost:8096/emby/Sessions...
[2026-03-17T07:32:36.414Z] error: <httpProxy> [ 500, [AggregateError: ] { code: 'ECONNREFUSED' } ]
[2026-03-17T07:32:36.414Z] error: <jellyfinProxyHandler> HTTP Error 500 calling http://localhost:8096/emby/Sessions?api_key=7c0d5732c0e342db8d7e6a926ba42a30
[2026-03-17T07:32:41.458Z] error: <httpProxy> Error calling http://localhost:8096/emby/Sessions...
[2026-03-17T07:32:41.459Z] error: <httpProxy> [ 500, [AggregateError: ] { code: 'ECONNREFUSED' } ]
[2026-03-17T07:32:41.460Z] error: <jellyfinProxyHandler> HTTP Error 500 calling http://localhost:8096/emby/Sessions?api_key=7c0d5732c0e342db8d7e6a926ba42a30
[2026-03-17T07:32:46.496Z] error: <httpProxy> Error calling http://localhost:8096/emby/Sessions...
[2026-03-17T07:32:46.497Z] error: <httpProxy> [ 500, [AggregateError: ] { code: 'ECONNREFUSED' } ]
[2026-03-17T07:32:46.497Z] error: <jellyfinProxyHandler> HTTP Error 500 calling http://localhost:8096/emby/Sessions?api_key=7c0d5732c0e342db8d7e6a926ba42a30
[2026-03-17T07:32:51.528Z] error: <httpProxy> Error calling http://localhost:8096/emby/Sessions...
[2026-03-17T07:32:51.529Z] error: <httpProxy> [ 500, [AggregateError: ] { code: 'ECONNREFUSED' } ]
[2026-03-17T07:32:51.529Z] error: <jellyfinProxyHandler> HTTP Error 500 calling http://localhost:8096/emby/Sessions?api_key=7c0d5732c0e342db8d7e6a926ba42a30
[2026-03-17T07:32:56.568Z] error: <httpProxy> Error calling http://localhost:8096/emby/Sessions...
[2026-03-17T07:32:56.569Z] error: <httpProxy> [ 500, [AggregateError: ] { code: 'ECONNREFUSED' } ]
[2026-03-17T07:32:56.569Z] error: <jellyfinProxyHandler> HTTP Error 500 calling http://localhost:8096/emby/Sessions?api_key=7c0d5732c0e342db8d7e6a926ba42a30
[2026-03-17T07:33:01.626Z] error: <httpProxy> Error calling http://localhost:8096/emby/Sessions...
[2026-03-17T07:33:01.627Z] error: <httpProxy> [ 500, [AggregateError: ] { code: 'ECONNREFUSED' } ]
[2026-03-17T07:33:01.627Z] error: <jellyfinProxyHandler> HTTP Error 500 calling http://localhost:8096/emby/Sessions?api_key=7c0d5732c0e342db8d7e6a926ba42a30
[2026-03-17T07:33:06.660Z] error: <httpProxy> Error calling http://localhost:8096/emby/Sessions...
[2026-03-17T07:33:06.661Z] error: <httpProxy> [ 500, [AggregateError: ] { code: 'ECONNREFUSED' } ]
[2026-03-17T07:33:06.661Z] error: <jellyfinProxyHandler> HTTP Error 500 calling http://localhost:8096/emby/Sessions?api_key=7c0d5732c0e342db8d7e6a926ba42a30
[2026-03-17T07:33:11.704Z] error: <httpProxy> Error calling http://localhost:8096/emby/Sessions...
[2026-03-17T07:33:11.704Z] error: <httpProxy> [ 500, [AggregateError: ] { code: 'ECONNREFUSED' } ]
[2026-03-17T07:33:11.705Z] error: <jellyfinProxyHandler> HTTP Error 500 calling http://localhost:8096/emby/Sessions?api_key=7c0d5732c0e342db8d7e6a926ba42a30
[2026-03-17T07:33:16.772Z] error: <httpProxy> Error calling http://localhost:8096/emby/Sessions...
[2026-03-17T07:33:16.773Z] error: <httpProxy> [ 500, [AggregateError: ] { code: 'ECONNREFUSED' } ]
[2026-03-17T07:33:16.773Z] error: <jellyfinProxyHandler> HTTP Error 500 calling http://localhost:8096/emby/Sessions?api_key=7c0d5732c0e342db8d7e6a926ba42a30
[2026-03-17T07:33:21.813Z] error: <httpProxy> Error calling http://localhost:8096/emby/Sessions...
[2026-03-17T07:33:21.814Z] error: <httpProxy> [ 500, [AggregateError: ] { code: 'ECONNREFUSED' } ]
[2026-03-17T07:33:21.814Z] error: <jellyfinProxyHandler> HTTP Error 500 calling http://localhost:8096/emby/Sessions?api_key=7c0d5732c0e342db8d7e6a926ba42a30
[2026-03-17T07:33:23.916Z] error: <httpProxy> Error calling http://localhost:8096/emby/Items/Counts...
[2026-03-17T07:33:23.917Z] error: <httpProxy> [ 500, [AggregateError: ] { code: 'ECONNREFUSED' } ]
[2026-03-17T07:33:23.917Z] error: <jellyfinProxyHandler> HTTP Error 500 calling http://localhost:8096/emby/Items/Counts?api_key=7c0d5732c0e342db8d7e6a926ba42a30
[2026-03-17T07:33:26.856Z] error: <httpProxy> Error calling http://localhost:8096/emby/Sessions...
[2026-03-17T07:33:26.856Z] error: <httpProxy> [ 500, [AggregateError: ] { code: 'ECONNREFUSED' } ]
[2026-03-17T07:33:26.857Z] error: <jellyfinProxyHandler> HTTP Error 500 calling http://localhost:8096/emby/Sessions?api_key=7c0d5732c0e342db8d7e6a926ba42a30
[2026-03-17T07:33:31.905Z] error: <httpProxy> Error calling http://localhost:8096/emby/Sessions...
[2026-03-17T07:33:31.906Z] error: <httpProxy> [ 500, [AggregateError: ] { code: 'ECONNREFUSED' } ]
[2026-03-17T07:33:31.906Z] error: <jellyfinProxyHandler> HTTP Error 500 calling http://localhost:8096/emby/Sessions?api_key=7c0d5732c0e342db8d7e6a926ba42a30
[2026-03-17T07:33:36.953Z] error: <httpProxy> Error calling http://localhost:8096/emby/Sessions...
[2026-03-17T07:33:36.954Z] error: <httpProxy> [ 500, [AggregateError: ] { code: 'ECONNREFUSED' } ]
[2026-03-17T07:33:36.954Z] error: <jellyfinProxyHandler> HTTP Error 500 calling http://localhost:8096/emby/Sessions?api_key=7c0d5732c0e342db8d7e6a926ba42a30
[2026-03-17T07:33:42.005Z] error: <httpProxy> Error calling http://localhost:8096/emby/Sessions...
[2026-03-17T07:33:42.006Z] error: <httpProxy> [ 500, [AggregateError: ] { code: 'ECONNREFUSED' } ]
[2026-03-17T07:33:42.006Z] error: <jellyfinProxyHandler> HTTP Error 500 calling http://localhost:8096/emby/Sessions?api_key=7c0d5732c0e342db8d7e6a926ba42a30
[2026-03-17T07:33:47.044Z] error: <httpProxy> Error calling http://localhost:8096/emby/Sessions...
[2026-03-17T07:33:47.045Z] error: <httpProxy> [ 500, [AggregateError: ] { code: 'ECONNREFUSED' } ]
[2026-03-17T07:33:47.045Z] error: <jellyfinProxyHandler> HTTP Error 500 calling http://localhost:8096/emby/Sessions?api_key=7c0d5732c0e342db8d7e6a926ba42a30
[2026-03-17T07:33:52.086Z] error: <httpProxy> Error calling http://localhost:8096/emby/Sessions...
[2026-03-17T07:33:52.087Z] error: <httpProxy> [ 500, [AggregateError: ] { code: 'ECONNREFUSED' } ]
[2026-03-17T07:33:52.087Z] error: <jellyfinProxyHandler> HTTP Error 500 calling http://localhost:8096/emby/Sessions?api_key=7c0d5732c0e342db8d7e6a926ba42a30
[2026-03-17T07:33:57.127Z] error: <httpProxy> Error calling http://localhost:8096/emby/Sessions...
[2026-03-17T07:33:57.128Z] error: <httpProxy> [ 500, [AggregateError: ] { code: 'ECONNREFUSED' } ]
[2026-03-17T07:33:57.128Z] error: <jellyfinProxyHandler> HTTP Error 500 calling http://localhost:8096/emby/Sessions?api_key=7c0d5732c0e342db8d7e6a926ba42a30
[2026-03-17T07:34:02.181Z] error: <httpProxy> Error calling http://localhost:8096/emby/Sessions...
[2026-03-17T07:34:02.182Z] error: <httpProxy> [ 500, [AggregateError: ] { code: 'ECONNREFUSED' } ]
[2026-03-17T07:34:02.182Z] error: <jellyfinProxyHandler> HTTP Error 500 calling http://localhost:8096/emby/Sessions?api_key=7c0d5732c0e342db8d7e6a926ba42a30
[2026-03-17T07:34:07.220Z] error: <httpProxy> Error calling http://localhost:8096/emby/Sessions...
[2026-03-17T07:34:07.221Z] error: <httpProxy> [ 500, [AggregateError: ] { code: 'ECONNREFUSED' } ]
[2026-03-17T07:34:07.221Z] error: <jellyfinProxyHandler> HTTP Error 500 calling http://localhost:8096/emby/Sessions?api_key=7c0d5732c0e342db8d7e6a926ba42a30
[2026-03-17T07:34:12.264Z] error: <httpProxy> Error calling http://localhost:8096/emby/Sessions...
[2026-03-17T07:34:12.265Z] error: <httpProxy> [ 500, [AggregateError: ] { code: 'ECONNREFUSED' } ]
[2026-03-17T07:34:12.266Z] error: <jellyfinProxyHandler> HTTP Error 500 calling http://localhost:8096/emby/Sessions?api_key=7c0d5732c0e342db8d7e6a926ba42a30
[2026-03-17T07:34:17.299Z] error: <httpProxy> Error calling http://localhost:8096/emby/Sessions...
[2026-03-17T07:34:17.301Z] error: <httpProxy> [ 500, [AggregateError: ] { code: 'ECONNREFUSED' } ]
[2026-03-17T07:34:17.301Z] error: <jellyfinProxyHandler> HTTP Error 500 calling http://localhost:8096/emby/Sessions?api_key=7c0d5732c0e342db8d7e6a926ba42a30
[2026-03-17T07:34:22.342Z] error: <httpProxy> Error calling http://localhost:8096/emby/Sessions...
[2026-03-17T07:34:22.343Z] error: <httpProxy> [ 500, [AggregateError: ] { code: 'ECONNREFUSED' } ]
[2026-03-17T07:34:22.343Z] error: <jellyfinProxyHandler> HTTP Error 500 calling http://localhost:8096/emby/Sessions?api_key=7c0d5732c0e342db8d7e6a926ba42a30
[2026-03-17T07:34:23.960Z] error: <httpProxy> Error calling http://localhost:8096/emby/Items/Counts...
[2026-03-17T07:34:23.962Z] error: <httpProxy> [ 500, [AggregateError: ] { code: 'ECONNREFUSED' } ]
[2026-03-17T07:34:23.962Z] error: <jellyfinProxyHandler> HTTP Error 500 calling http://localhost:8096/emby/Items/Counts?api_key=7c0d5732c0e342db8d7e6a926ba42a30
[2026-03-17T07:34:27.374Z] error: <httpProxy> Error calling http://localhost:8096/emby/Sessions...
[2026-03-17T07:34:27.374Z] error: <httpProxy> [ 500, [AggregateError: ] { code: 'ECONNREFUSED' } ]
[2026-03-17T07:34:27.375Z] error: <jellyfinProxyHandler> HTTP Error 500 calling http://localhost:8096/emby/Sessions?api_key=7c0d5732c0e342db8d7e6a926ba42a30
[2026-03-17T07:34:32.415Z] error: <httpProxy> Error calling http://localhost:8096/emby/Sessions...
[2026-03-17T07:34:32.415Z] error: <httpProxy> [ 500, [AggregateError: ] { code: 'ECONNREFUSED' } ]
[2026-03-17T07:34:32.416Z] error: <jellyfinProxyHandler> HTTP Error 500 calling http://localhost:8096/emby/Sessions?api_key=7c0d5732c0e342db8d7e6a926ba42a30
[2026-03-17T07:34:37.455Z] error: <httpProxy> Error calling http://localhost:8096/emby/Sessions...
[2026-03-17T07:34:37.455Z] error: <httpProxy> [ 500, [AggregateError: ] { code: 'ECONNREFUSED' } ]
[2026-03-17T07:34:37.456Z] error: <jellyfinProxyHandler> HTTP Error 500 calling http://localhost:8096/emby/Sessions?api_key=7c0d5732c0e342db8d7e6a926ba42a30
[2026-03-17T07:34:40.206Z] error: <httpProxy> Error calling http://localhost:8096/emby/Sessions...
[2026-03-17T07:34:40.207Z] error: <httpProxy> [ 500, [AggregateError: ] { code: 'ECONNREFUSED' } ]
[2026-03-17T07:34:40.208Z] error: <jellyfinProxyHandler> HTTP Error 500 calling http://localhost:8096/emby/Sessions?api_key=7c0d5732c0e342db8d7e6a926ba42a30
[2026-03-17T07:34:40.547Z] error: <httpProxy> Error calling https://localhost:9443/api/kubernetes/1/applications/count...
[2026-03-17T07:34:40.548Z] error: <httpProxy> [ 500, [AggregateError: ] { code: 'ECONNREFUSED' } ]
[2026-03-17T07:34:40.548Z] error: <credentialedProxyHandler> HTTP Error 500 calling https://localhost:9443/api/kubernetes/1/applications/count
[2026-03-17T07:34:40.588Z] error: <httpProxy> Error calling https://localhost:9443/api/kubernetes/1/services/count...
[2026-03-17T07:34:40.589Z] error: <httpProxy> [ 500, [AggregateError: ] { code: 'ECONNREFUSED' } ]
[2026-03-17T07:34:40.589Z] error: <credentialedProxyHandler> HTTP Error 500 calling https://localhost:9443/api/kubernetes/1/services/count
[2026-03-17T07:34:40.630Z] error: <httpProxy> Error calling https://localhost:9443/api/kubernetes/1/namespaces/count...
[2026-03-17T07:34:40.631Z] error: <httpProxy> [ 500, [AggregateError: ] { code: 'ECONNREFUSED' } ]
[2026-03-17T07:34:40.631Z] error: <credentialedProxyHandler> HTTP Error 500 calling https://localhost:9443/api/kubernetes/1/namespaces/count
[2026-03-17T07:34:40.691Z] error: <httpProxy> Error calling http://localhost:8080/api/login...
[2026-03-17T07:34:40.692Z] error: <httpProxy> [ 500, [AggregateError: ] { code: 'ECONNREFUSED' } ]
[2026-03-17T07:34:40.692Z] error: <filebrowserProxyHandler> Unexpected status code 500 when logging in to Filebrowser API for service 'File Browser'
[2026-03-17T07:34:40.725Z] error: <httpProxy> Error calling http://localhost:8096/emby/Items/Counts...
[2026-03-17T07:34:40.725Z] error: <httpProxy> [ 500, [AggregateError: ] { code: 'ECONNREFUSED' } ]
[2026-03-17T07:34:40.726Z] error: <jellyfinProxyHandler> HTTP Error 500 calling http://localhost:8096/emby/Items/Counts?api_key=7c0d5732c0e342db8d7e6a926ba42a30
[2026-03-17T07:34:42.065Z] error: <httpProxy> Error calling https://localhost:9443/api/kubernetes/1/applications/count...
[2026-03-17T07:34:42.066Z] error: <httpProxy> [ 500, [AggregateError: ] { code: 'ECONNREFUSED' } ]
[2026-03-17T07:34:42.066Z] error: <credentialedProxyHandler> HTTP Error 500 calling https://localhost:9443/api/kubernetes/1/applications/count
[2026-03-17T07:34:42.099Z] error: <httpProxy> Error calling https://localhost:9443/api/kubernetes/1/services/count...
[2026-03-17T07:34:42.099Z] error: <httpProxy> [ 500, [AggregateError: ] { code: 'ECONNREFUSED' } ]
[2026-03-17T07:34:42.100Z] error: <credentialedProxyHandler> HTTP Error 500 calling https://localhost:9443/api/kubernetes/1/services/count
[2026-03-17T07:34:42.128Z] error: <httpProxy> Error calling https://localhost:9443/api/kubernetes/1/namespaces/count...
[2026-03-17T07:34:42.129Z] error: <httpProxy> [ 500, [AggregateError: ] { code: 'ECONNREFUSED' } ]
[2026-03-17T07:34:42.129Z] error: <credentialedProxyHandler> HTTP Error 500 calling https://localhost:9443/api/kubernetes/1/namespaces/count
[2026-03-17T07:34:42.159Z] error: <httpProxy> Error calling http://localhost:8080/api/login...
[2026-03-17T07:34:42.160Z] error: <httpProxy> [ 500, [AggregateError: ] { code: 'ECONNREFUSED' } ]
[2026-03-17T07:34:42.160Z] error: <filebrowserProxyHandler> Unexpected status code 500 when logging in to Filebrowser API for service 'File Browser'
[2026-03-17T07:34:42.188Z] error: <httpProxy> Error calling http://localhost:8096/emby/Sessions...
[2026-03-17T07:34:42.189Z] error: <httpProxy> [ 500, [AggregateError: ] { code: 'ECONNREFUSED' } ]
[2026-03-17T07:34:42.189Z] error: <jellyfinProxyHandler> HTTP Error 500 calling http://localhost:8096/emby/Sessions?api_key=7c0d5732c0e342db8d7e6a926ba42a30
[2026-03-17T07:34:42.220Z] error: <httpProxy> Error calling http://localhost:8096/emby/Items/Counts...
[2026-03-17T07:34:42.220Z] error: <httpProxy> [ 500, [AggregateError: ] { code: 'ECONNREFUSED' } ]
[2026-03-17T07:34:42.221Z] error: <jellyfinProxyHandler> HTTP Error 500 calling http://localhost:8096/emby/Items/Counts?api_key=7c0d5732c0e342db8d7e6a926ba42a30
[2026-03-17T07:34:42.488Z] error: <httpProxy> Error calling http://localhost:8096/emby/Sessions...
[2026-03-17T07:34:42.489Z] error: <httpProxy> [ 500, [AggregateError: ] { code: 'ECONNREFUSED' } ]
[2026-03-17T07:34:42.489Z] error: <jellyfinProxyHandler> HTTP Error 500 calling http://localhost:8096/emby/Sessions?api_key=7c0d5732c0e342db8d7e6a926ba42a30
[2026-03-17T07:34:46.209Z] error: <httpProxy> Error calling http://localhost:8096/emby/Sessions...
[2026-03-17T07:34:46.210Z] error: <httpProxy> [ 500, [AggregateError: ] { code: 'ECONNREFUSED' } ]
[2026-03-17T07:34:46.210Z] error: <jellyfinProxyHandler> HTTP Error 500 calling http://localhost:8096/emby/Sessions?api_key=7c0d5732c0e342db8d7e6a926ba42a30
[2026-03-17T07:34:47.535Z] error: <httpProxy> Error calling http://localhost:8096/emby/Sessions...
[2026-03-17T07:34:47.535Z] error: <httpProxy> [ 500, [AggregateError: ] { code: 'ECONNREFUSED' } ]
[2026-03-17T07:34:47.536Z] error: <jellyfinProxyHandler> HTTP Error 500 calling http://localhost:8096/emby/Sessions?api_key=7c0d5732c0e342db8d7e6a926ba42a30
[2026-03-17T07:34:51.261Z] error: <httpProxy> Error calling http://localhost:8096/emby/Sessions...
[2026-03-17T07:34:51.262Z] error: <httpProxy> [ 500, [AggregateError: ] { code: 'ECONNREFUSED' } ]
[2026-03-17T07:34:51.262Z] error: <jellyfinProxyHandler> HTTP Error 500 calling http://localhost:8096/emby/Sessions?api_key=7c0d5732c0e342db8d7e6a926ba42a30
[2026-03-17T07:34:52.579Z] error: <httpProxy> Error calling http://localhost:8096/emby/Sessions...
[2026-03-17T07:34:52.580Z] error: <httpProxy> [ 500, [AggregateError: ] { code: 'ECONNREFUSED' } ]
[2026-03-17T07:34:52.580Z] error: <jellyfinProxyHandler> HTTP Error 500 calling http://localhost:8096/emby/Sessions?api_key=7c0d5732c0e342db8d7e6a926ba42a30
[2026-03-17T07:34:57.624Z] error: <httpProxy> Error calling http://localhost:8096/emby/Sessions...
[2026-03-17T07:34:57.625Z] error: <httpProxy> [ 500, [AggregateError: ] { code: 'ECONNREFUSED' } ]
[2026-03-17T07:34:57.626Z] error: <jellyfinProxyHandler> HTTP Error 500 calling http://localhost:8096/emby/Sessions?api_key=7c0d5732c0e342db8d7e6a926ba42a30
[2026-03-17T07:35:02.658Z] error: <httpProxy> Error calling http://localhost:8096/emby/Sessions...
[2026-03-17T07:35:02.659Z] error: <httpProxy> [ 500, [AggregateError: ] { code: 'ECONNREFUSED' } ]
[2026-03-17T07:35:02.659Z] error: <jellyfinProxyHandler> HTTP Error 500 calling http://localhost:8096/emby/Sessions?api_key=7c0d5732c0e342db8d7e6a926ba42a30
[2026-03-17T07:35:07.697Z] error: <httpProxy> Error calling http://localhost:8096/emby/Sessions...
[2026-03-17T07:35:07.698Z] error: <httpProxy> [ 500, [AggregateError: ] { code: 'ECONNREFUSED' } ]
[2026-03-17T07:35:07.698Z] error: <jellyfinProxyHandler> HTTP Error 500 calling http://localhost:8096/emby/Sessions?api_key=7c0d5732c0e342db8d7e6a926ba42a30
[2026-03-17T07:35:12.768Z] error: <httpProxy> Error calling http://localhost:8096/emby/Sessions...
[2026-03-17T07:35:12.769Z] error: <httpProxy> [ 500, [AggregateError: ] { code: 'ECONNREFUSED' } ]
[2026-03-17T07:35:12.769Z] error: <jellyfinProxyHandler> HTTP Error 500 calling http://localhost:8096/emby/Sessions?api_key=7c0d5732c0e342db8d7e6a926ba42a30
[2026-03-17T07:35:17.816Z] error: <httpProxy> Error calling http://localhost:8096/emby/Sessions...
[2026-03-17T07:35:17.816Z] error: <httpProxy> [ 500, [AggregateError: ] { code: 'ECONNREFUSED' } ]
[2026-03-17T07:35:17.817Z] error: <jellyfinProxyHandler> HTTP Error 500 calling http://localhost:8096/emby/Sessions?api_key=7c0d5732c0e342db8d7e6a926ba42a30
[2026-03-17T07:35:21.760Z] error: <httpProxy> Error calling https://localhost:9443/api/kubernetes/1/applications/count...
[2026-03-17T07:35:21.761Z] error: <httpProxy> [ 500, [AggregateError: ] { code: 'ECONNREFUSED' } ]
[2026-03-17T07:35:21.761Z] error: <credentialedProxyHandler> HTTP Error 500 calling https://localhost:9443/api/kubernetes/1/applications/count
[2026-03-17T07:35:21.805Z] error: <httpProxy> Error calling https://localhost:9443/api/kubernetes/1/services/count...
[2026-03-17T07:35:21.806Z] error: <httpProxy> [ 500, [AggregateError: ] { code: 'ECONNREFUSED' } ]
[2026-03-17T07:35:21.807Z] error: <credentialedProxyHandler> HTTP Error 500 calling https://localhost:9443/api/kubernetes/1/services/count
[2026-03-17T07:35:21.851Z] error: <httpProxy> Error calling https://localhost:9443/api/kubernetes/1/namespaces/count...
[2026-03-17T07:35:21.852Z] error: <httpProxy> [ 500, [AggregateError: ] { code: 'ECONNREFUSED' } ]
[2026-03-17T07:35:21.852Z] error: <credentialedProxyHandler> HTTP Error 500 calling https://localhost:9443/api/kubernetes/1/namespaces/count
[2026-03-17T07:35:21.857Z] error: <httpProxy> Error calling http://localhost:8080/api/login...
[2026-03-17T07:35:21.858Z] error: <httpProxy> [ 500, [AggregateError: ] { code: 'ECONNREFUSED' } ]
[2026-03-17T07:35:21.858Z] error: <filebrowserProxyHandler> Unexpected status code 500 when logging in to Filebrowser API for service 'File Browser'
[2026-03-17T07:35:21.943Z] error: <httpProxy> Error calling http://localhost:8096/emby/Sessions...
[2026-03-17T07:35:21.944Z] error: <httpProxy> [ 500, [AggregateError: ] { code: 'ECONNREFUSED' } ]
[2026-03-17T07:35:21.944Z] error: <jellyfinProxyHandler> HTTP Error 500 calling http://localhost:8096/emby/Sessions?api_key=7c0d5732c0e342db8d7e6a926ba42a30
[2026-03-17T07:35:21.946Z] error: <httpProxy> Error calling http://localhost:8096/emby/Items/Counts...
[2026-03-17T07:35:21.946Z] error: <httpProxy> [ 500, [AggregateError: ] { code: 'ECONNREFUSED' } ]
[2026-03-17T07:35:21.947Z] error: <jellyfinProxyHandler> HTTP Error 500 calling http://localhost:8096/emby/Items/Counts?api_key=7c0d5732c0e342db8d7e6a926ba42a30
[2026-03-17T07:35:22.937Z] error: <httpProxy> Error calling http://localhost:8096/emby/Sessions...
[2026-03-17T07:35:22.938Z] error: <httpProxy> [ 500, [AggregateError: ] { code: 'ECONNREFUSED' } ]
[2026-03-17T07:35:22.939Z] error: <jellyfinProxyHandler> HTTP Error 500 calling http://localhost:8096/emby/Sessions?api_key=7c0d5732c0e342db8d7e6a926ba42a30
[2026-03-17T07:35:23.101Z] error: <httpProxy> Error calling https://localhost:9443/api/kubernetes/1/applications/count...
[2026-03-17T07:35:23.102Z] error: <httpProxy> [ 500, [AggregateError: ] { code: 'ECONNREFUSED' } ]
[2026-03-17T07:35:23.103Z] error: <credentialedProxyHandler> HTTP Error 500 calling https://localhost:9443/api/kubernetes/1/applications/count
[2026-03-17T07:35:23.143Z] error: <httpProxy> Error calling https://localhost:9443/api/kubernetes/1/services/count...
[2026-03-17T07:35:23.144Z] error: <httpProxy> [ 500, [AggregateError: ] { code: 'ECONNREFUSED' } ]
[2026-03-17T07:35:23.144Z] error: <credentialedProxyHandler> HTTP Error 500 calling https://localhost:9443/api/kubernetes/1/services/count
[2026-03-17T07:35:23.171Z] error: <httpProxy> Error calling https://localhost:9443/api/kubernetes/1/namespaces/count...
[2026-03-17T07:35:23.172Z] error: <httpProxy> [ 500, [AggregateError: ] { code: 'ECONNREFUSED' } ]
[2026-03-17T07:35:23.172Z] error: <credentialedProxyHandler> HTTP Error 500 calling https://localhost:9443/api/kubernetes/1/namespaces/count
[2026-03-17T07:35:23.174Z] error: <httpProxy> Error calling http://localhost:8080/api/login...
[2026-03-17T07:35:23.174Z] error: <httpProxy> [ 500, [AggregateError: ] { code: 'ECONNREFUSED' } ]
[2026-03-17T07:35:23.175Z] error: <filebrowserProxyHandler> Unexpected status code 500 when logging in to Filebrowser API for service 'File Browser'
[2026-03-17T07:35:23.210Z] error: <httpProxy> Error calling http://localhost:8096/emby/Sessions...
[2026-03-17T07:35:23.211Z] error: <httpProxy> [ 500, [AggregateError: ] { code: 'ECONNREFUSED' } ]
[2026-03-17T07:35:23.211Z] error: <jellyfinProxyHandler> HTTP Error 500 calling http://localhost:8096/emby/Sessions?api_key=7c0d5732c0e342db8d7e6a926ba42a30
[2026-03-17T07:35:23.214Z] error: <httpProxy> Error calling http://localhost:8096/emby/Items/Counts...
[2026-03-17T07:35:23.215Z] error: <httpProxy> [ 500, [AggregateError: ] { code: 'ECONNREFUSED' } ]
[2026-03-17T07:35:23.215Z] error: <jellyfinProxyHandler> HTTP Error 500 calling http://localhost:8096/emby/Items/Counts?api_key=7c0d5732c0e342db8d7e6a926ba42a30
[2026-03-17T07:35:23.992Z] error: <httpProxy> Error calling http://localhost:8096/emby/Items/Counts...
[2026-03-17T07:35:23.993Z] error: <httpProxy> [ 500, [AggregateError: ] { code: 'ECONNREFUSED' } ]
[2026-03-17T07:35:23.993Z] error: <jellyfinProxyHandler> HTTP Error 500 calling http://localhost:8096/emby/Items/Counts?api_key=7c0d5732c0e342db8d7e6a926ba42a30
[2026-03-17T07:35:27.532Z] error: <httpProxy> Error calling http://localhost:8096/emby/Sessions...
[2026-03-17T07:35:27.533Z] error: <httpProxy> [ 500, [AggregateError: ] { code: 'ECONNREFUSED' } ]
[2026-03-17T07:35:27.533Z] error: <jellyfinProxyHandler> HTTP Error 500 calling http://localhost:8096/emby/Sessions?api_key=7c0d5732c0e342db8d7e6a926ba42a30
[2026-03-17T07:35:27.984Z] error: <httpProxy> Error calling http://localhost:8096/emby/Sessions...
[2026-03-17T07:35:27.984Z] error: <httpProxy> [ 500, [AggregateError: ] { code: 'ECONNREFUSED' } ]
[2026-03-17T07:35:27.985Z] error: <jellyfinProxyHandler> HTTP Error 500 calling http://localhost:8096/emby/Sessions?api_key=7c0d5732c0e342db8d7e6a926ba42a30
[2026-03-17T07:35:33.022Z] error: <httpProxy> Error calling http://localhost:8096/emby/Sessions...
[2026-03-17T07:35:33.023Z] error: <httpProxy> [ 500, [AggregateError: ] { code: 'ECONNREFUSED' } ]
[2026-03-17T07:35:33.024Z] error: <jellyfinProxyHandler> HTTP Error 500 calling http://localhost:8096/emby/Sessions?api_key=7c0d5732c0e342db8d7e6a926ba42a30
[2026-03-17T07:35:38.108Z] error: <httpProxy> Error calling http://localhost:8096/emby/Sessions...
[2026-03-17T07:35:38.109Z] error: <httpProxy> [ 500, [AggregateError: ] { code: 'ECONNREFUSED' } ]
[2026-03-17T07:35:38.109Z] error: <jellyfinProxyHandler> HTTP Error 500 calling http://localhost:8096/emby/Sessions?api_key=7c0d5732c0e342db8d7e6a926ba42a30
[2026-03-17T07:35:38.152Z] error: <httpProxy> Error calling https://localhost:9443/api/kubernetes/1/applications/count...
[2026-03-17T07:35:38.153Z] error: <httpProxy> [ 500, [AggregateError: ] { code: 'ECONNREFUSED' } ]
[2026-03-17T07:35:38.154Z] error: <credentialedProxyHandler> HTTP Error 500 calling https://localhost:9443/api/kubernetes/1/applications/count
[2026-03-17T07:35:38.321Z] error: <httpProxy> Error calling https://localhost:9443/api/kubernetes/1/services/count...
[2026-03-17T07:35:38.322Z] error: <httpProxy> [ 500, [AggregateError: ] { code: 'ECONNREFUSED' } ]
[2026-03-17T07:35:38.322Z] error: <credentialedProxyHandler> HTTP Error 500 calling https://localhost:9443/api/kubernetes/1/services/count
[2026-03-17T07:35:38.365Z] error: <httpProxy> Error calling https://localhost:9443/api/kubernetes/1/namespaces/count...
[2026-03-17T07:35:38.366Z] error: <httpProxy> [ 500, [AggregateError: ] { code: 'ECONNREFUSED' } ]
[2026-03-17T07:35:38.366Z] error: <credentialedProxyHandler> HTTP Error 500 calling https://localhost:9443/api/kubernetes/1/namespaces/count
[2026-03-17T07:35:38.369Z] error: <httpProxy> Error calling http://localhost:8080/api/login...
[2026-03-17T07:35:38.369Z] error: <httpProxy> [ 500, [AggregateError: ] { code: 'ECONNREFUSED' } ]
[2026-03-17T07:35:38.369Z] error: <filebrowserProxyHandler> Unexpected status code 500 when logging in to Filebrowser API for service 'File Browser'
[2026-03-17T07:35:38.513Z] error: <httpProxy> Error calling http://localhost:8096/emby/Sessions...
[2026-03-17T07:35:38.514Z] error: <httpProxy> [ 500, [AggregateError: ] { code: 'ECONNREFUSED' } ]
[2026-03-17T07:35:38.514Z] error: <jellyfinProxyHandler> HTTP Error 500 calling http://localhost:8096/emby/Sessions?api_key=7c0d5732c0e342db8d7e6a926ba42a30
[2026-03-17T07:35:38.589Z] error: <httpProxy> Error calling http://localhost:8096/emby/Items/Counts...
[2026-03-17T07:35:38.589Z] error: <httpProxy> [ 500, [AggregateError: ] { code: 'ECONNREFUSED' } ]
[2026-03-17T07:35:38.590Z] error: <jellyfinProxyHandler> HTTP Error 500 calling http://localhost:8096/emby/Items/Counts?api_key=7c0d5732c0e342db8d7e6a926ba42a30
[2026-03-17T07:35:43.152Z] error: <httpProxy> Error calling http://localhost:8096/emby/Sessions...
[2026-03-17T07:35:43.152Z] error: <httpProxy> [ 500, [AggregateError: ] { code: 'ECONNREFUSED' } ]
[2026-03-17T07:35:43.153Z] error: <jellyfinProxyHandler> HTTP Error 500 calling http://localhost:8096/emby/Sessions?api_key=7c0d5732c0e342db8d7e6a926ba42a30
[2026-03-17T07:35:48.187Z] error: <httpProxy> Error calling http://localhost:8096/emby/Sessions...
[2026-03-17T07:35:48.188Z] error: <httpProxy> [ 500, [AggregateError: ] { code: 'ECONNREFUSED' } ]
[2026-03-17T07:35:48.188Z] error: <jellyfinProxyHandler> HTTP Error 500 calling http://localhost:8096/emby/Sessions?api_key=7c0d5732c0e342db8d7e6a926ba42a30
[2026-03-17T07:35:53.395Z] error: <httpProxy> Error calling http://localhost:8096/emby/Sessions...
[2026-03-17T07:35:53.396Z] error: <httpProxy> [ 500, [AggregateError: ] { code: 'ECONNREFUSED' } ]
[2026-03-17T07:35:53.396Z] error: <jellyfinProxyHandler> HTTP Error 500 calling http://localhost:8096/emby/Sessions?api_key=7c0d5732c0e342db8d7e6a926ba42a30
[2026-03-17T07:35:53.831Z] error: <httpProxy> Error calling https://localhost:9443/api/kubernetes/1/applications/count...
[2026-03-17T07:35:53.832Z] error: <httpProxy> [ 500, [AggregateError: ] { code: 'ECONNREFUSED' } ]
[2026-03-17T07:35:53.832Z] error: <credentialedProxyHandler> HTTP Error 500 calling https://localhost:9443/api/kubernetes/1/applications/count
[2026-03-17T07:35:53.985Z] error: <httpProxy> Error calling https://localhost:9443/api/kubernetes/1/services/count...
[2026-03-17T07:35:53.986Z] error: <httpProxy> [ 500, [AggregateError: ] { code: 'ECONNREFUSED' } ]
[2026-03-17T07:35:53.986Z] error: <credentialedProxyHandler> HTTP Error 500 calling https://localhost:9443/api/kubernetes/1/services/count
[2026-03-17T07:35:54.025Z] error: <httpProxy> Error calling https://localhost:9443/api/kubernetes/1/namespaces/count...
[2026-03-17T07:35:54.026Z] error: <httpProxy> [ 500, [AggregateError: ] { code: 'ECONNREFUSED' } ]
[2026-03-17T07:35:54.026Z] error: <credentialedProxyHandler> HTTP Error 500 calling https://localhost:9443/api/kubernetes/1/namespaces/count
[2026-03-17T07:35:54.169Z] error: <httpProxy> Error calling http://localhost:8080/api/login...
[2026-03-17T07:35:54.170Z] error: <httpProxy> [ 500, [AggregateError: ] { code: 'ECONNREFUSED' } ]
[2026-03-17T07:35:54.170Z] error: <filebrowserProxyHandler> Unexpected status code 500 when logging in to Filebrowser API for service 'File Browser'
[2026-03-17T07:35:54.289Z] error: <httpProxy> Error calling http://localhost:8096/emby/Sessions...
[2026-03-17T07:35:54.290Z] error: <httpProxy> [ 500, [AggregateError: ] { code: 'ECONNREFUSED' } ]
[2026-03-17T07:35:54.290Z] error: <jellyfinProxyHandler> HTTP Error 500 calling http://localhost:8096/emby/Sessions?api_key=7c0d5732c0e342db8d7e6a926ba42a30
[2026-03-17T07:35:54.344Z] error: <httpProxy> Error calling http://localhost:8096/emby/Items/Counts...
[2026-03-17T07:35:54.345Z] error: <httpProxy> [ 500, [AggregateError: ] { code: 'ECONNREFUSED' } ]
[2026-03-17T07:35:54.346Z] error: <jellyfinProxyHandler> HTTP Error 500 calling http://localhost:8096/emby/Items/Counts?api_key=7c0d5732c0e342db8d7e6a926ba42a30
[2026-03-17T07:35:58.438Z] error: <httpProxy> Error calling http://localhost:8096/emby/Sessions...
[2026-03-17T07:35:58.439Z] error: <httpProxy> [ 500, [AggregateError: ] { code: 'ECONNREFUSED' } ]
[2026-03-17T07:35:58.439Z] error: <jellyfinProxyHandler> HTTP Error 500 calling http://localhost:8096/emby/Sessions?api_key=7c0d5732c0e342db8d7e6a926ba42a30
[2026-03-17T07:35:59.344Z] error: <httpProxy> Error calling http://localhost:8096/emby/Sessions...
[2026-03-17T07:35:59.346Z] error: <httpProxy> [ 500, [AggregateError: ] { code: 'ECONNREFUSED' } ]
[2026-03-17T07:35:59.347Z] error: <jellyfinProxyHandler> HTTP Error 500 calling http://localhost:8096/emby/Sessions?api_key=7c0d5732c0e342db8d7e6a926ba42a30
[2026-03-17T07:36:03.472Z] error: <httpProxy> Error calling http://localhost:8096/emby/Sessions...
[2026-03-17T07:36:03.472Z] error: <httpProxy> [ 500, [AggregateError: ] { code: 'ECONNREFUSED' } ]
[2026-03-17T07:36:03.473Z] error: <jellyfinProxyHandler> HTTP Error 500 calling http://localhost:8096/emby/Sessions?api_key=7c0d5732c0e342db8d7e6a926ba42a30
[2026-03-17T07:36:06.389Z] error: <httpProxy> Error calling https://localhost:9443/api/kubernetes/1/applications/count...
[2026-03-17T07:36:06.390Z] error: <httpProxy> [ 500, [AggregateError: ] { code: 'ECONNREFUSED' } ]
[2026-03-17T07:36:06.390Z] error: <credentialedProxyHandler> HTTP Error 500 calling https://localhost:9443/api/kubernetes/1/applications/count
[2026-03-17T07:36:06.435Z] error: <httpProxy> Error calling https://localhost:9443/api/kubernetes/1/services/count...
[2026-03-17T07:36:06.437Z] error: <httpProxy> [ 500, [AggregateError: ] { code: 'ECONNREFUSED' } ]
[2026-03-17T07:36:06.437Z] error: <credentialedProxyHandler> HTTP Error 500 calling https://localhost:9443/api/kubernetes/1/services/count
[2026-03-17T07:36:06.475Z] error: <httpProxy> Error calling https://localhost:9443/api/kubernetes/1/namespaces/count...
[2026-03-17T07:36:06.476Z] error: <httpProxy> [ 500, [AggregateError: ] { code: 'ECONNREFUSED' } ]
[2026-03-17T07:36:06.476Z] error: <credentialedProxyHandler> HTTP Error 500 calling https://localhost:9443/api/kubernetes/1/namespaces/count
[2026-03-17T07:36:06.496Z] error: <httpProxy> Error calling http://localhost:8080/api/login...
[2026-03-17T07:36:06.497Z] error: <httpProxy> [ 500, [AggregateError: ] { code: 'ECONNREFUSED' } ]
[2026-03-17T07:36:06.497Z] error: <filebrowserProxyHandler> Unexpected status code 500 when logging in to Filebrowser API for service 'File Browser'
[2026-03-17T07:36:06.510Z] error: <httpProxy> Error calling http://localhost:8096/emby/Sessions...
[2026-03-17T07:36:06.511Z] error: <httpProxy> [ 500, [AggregateError: ] { code: 'ECONNREFUSED' } ]
[2026-03-17T07:36:06.511Z] error: <jellyfinProxyHandler> HTTP Error 500 calling http://localhost:8096/emby/Sessions?api_key=7c0d5732c0e342db8d7e6a926ba42a30
[2026-03-17T07:36:06.534Z] error: <httpProxy> Error calling http://localhost:8096/emby/Items/Counts...
[2026-03-17T07:36:06.534Z] error: <httpProxy> [ 500, [AggregateError: ] { code: 'ECONNREFUSED' } ]
[2026-03-17T07:36:06.535Z] error: <jellyfinProxyHandler> HTTP Error 500 calling http://localhost:8096/emby/Items/Counts?api_key=7c0d5732c0e342db8d7e6a926ba42a30
[2026-03-17T07:36:08.516Z] error: <httpProxy> Error calling http://localhost:8096/emby/Sessions...
[2026-03-17T07:36:08.517Z] error: <httpProxy> [ 500, [AggregateError: ] { code: 'ECONNREFUSED' } ]
[2026-03-17T07:36:08.517Z] error: <jellyfinProxyHandler> HTTP Error 500 calling http://localhost:8096/emby/Sessions?api_key=7c0d5732c0e342db8d7e6a926ba42a30
[2026-03-17T07:36:09.492Z] error: <httpProxy> Error calling http://localhost:8096/emby/Sessions...
[2026-03-17T07:36:09.493Z] error: <httpProxy> [ 500, [AggregateError: ] { code: 'ECONNREFUSED' } ]
[2026-03-17T07:36:09.493Z] error: <jellyfinProxyHandler> HTTP Error 500 calling http://localhost:8096/emby/Sessions?api_key=7c0d5732c0e342db8d7e6a926ba42a30
[2026-03-17T07:36:13.556Z] error: <httpProxy> Error calling http://localhost:8096/emby/Sessions...
[2026-03-17T07:36:13.557Z] error: <httpProxy> [ 500, [AggregateError: ] { code: 'ECONNREFUSED' } ]
[2026-03-17T07:36:13.558Z] error: <jellyfinProxyHandler> HTTP Error 500 calling http://localhost:8096/emby/Sessions?api_key=7c0d5732c0e342db8d7e6a926ba42a30
[2026-03-17T07:36:18.201Z] error: <httpProxy> Error calling https://localhost:9443/api/kubernetes/1/applications/count...
[2026-03-17T07:36:18.202Z] error: <httpProxy> [ 500, [AggregateError: ] { code: 'ECONNREFUSED' } ]
[2026-03-17T07:36:18.202Z] error: <credentialedProxyHandler> HTTP Error 500 calling https://localhost:9443/api/kubernetes/1/applications/count
[2026-03-17T07:36:18.253Z] error: <httpProxy> Error calling https://localhost:9443/api/kubernetes/1/services/count...
[2026-03-17T07:36:18.254Z] error: <httpProxy> [ 500, [AggregateError: ] { code: 'ECONNREFUSED' } ]
[2026-03-17T07:36:18.254Z] error: <credentialedProxyHandler> HTTP Error 500 calling https://localhost:9443/api/kubernetes/1/services/count
[2026-03-17T07:36:18.303Z] error: <httpProxy> Error calling http://localhost:8080/api/login...
[2026-03-17T07:36:18.303Z] error: <httpProxy> [ 500, [AggregateError: ] { code: 'ECONNREFUSED' } ]
[2026-03-17T07:36:18.304Z] error: <filebrowserProxyHandler> Unexpected status code 500 when logging in to Filebrowser API for service 'File Browser'
[2026-03-17T07:36:18.305Z] error: <httpProxy> Error calling https://localhost:9443/api/kubernetes/1/namespaces/count...
[2026-03-17T07:36:18.306Z] error: <httpProxy> [ 500, [AggregateError: ] { code: 'ECONNREFUSED' } ]
[2026-03-17T07:36:18.306Z] error: <credentialedProxyHandler> HTTP Error 500 calling https://localhost:9443/api/kubernetes/1/namespaces/count
[2026-03-17T07:36:18.349Z] error: <httpProxy> Error calling http://localhost:8096/emby/Sessions...
[2026-03-17T07:36:18.350Z] error: <httpProxy> [ 500, [AggregateError: ] { code: 'ECONNREFUSED' } ]
[2026-03-17T07:36:18.350Z] error: <jellyfinProxyHandler> HTTP Error 500 calling http://localhost:8096/emby/Sessions?api_key=7c0d5732c0e342db8d7e6a926ba42a30
[2026-03-17T07:36:18.352Z] error: <httpProxy> Error calling http://localhost:8096/emby/Items/Counts...
[2026-03-17T07:36:18.353Z] error: <httpProxy> [ 500, [AggregateError: ] { code: 'ECONNREFUSED' } ]
[2026-03-17T07:36:18.353Z] error: <jellyfinProxyHandler> HTTP Error 500 calling http://localhost:8096/emby/Items/Counts?api_key=7c0d5732c0e342db8d7e6a926ba42a30
[2026-03-17T07:36:18.592Z] error: <httpProxy> Error calling http://localhost:8096/emby/Sessions...
[2026-03-17T07:36:18.593Z] error: <httpProxy> [ 500, [AggregateError: ] { code: 'ECONNREFUSED' } ]
[2026-03-17T07:36:18.593Z] error: <jellyfinProxyHandler> HTTP Error 500 calling http://localhost:8096/emby/Sessions?api_key=7c0d5732c0e342db8d7e6a926ba42a30
[2026-03-17T07:36:21.572Z] error: <httpProxy> Error calling https://localhost:9443/api/kubernetes/1/applications/count...
[2026-03-17T07:36:21.573Z] error: <httpProxy> [ 500, [AggregateError: ] { code: 'ECONNREFUSED' } ]
[2026-03-17T07:36:21.573Z] error: <credentialedProxyHandler> HTTP Error 500 calling https://localhost:9443/api/kubernetes/1/applications/count
[2026-03-17T07:36:22.648Z] error: <httpProxy> Error calling https://localhost:9443/api/kubernetes/1/services/count...
[2026-03-17T07:36:22.649Z] error: <httpProxy> [ 500, [AggregateError: ] { code: 'ECONNREFUSED' } ]
[2026-03-17T07:36:22.649Z] error: <credentialedProxyHandler> HTTP Error 500 calling https://localhost:9443/api/kubernetes/1/services/count
[2026-03-17T07:36:22.651Z] error: <httpProxy> Error calling http://localhost:8096/emby/Items/Counts...
[2026-03-17T07:36:22.651Z] error: <httpProxy> [ 500, [AggregateError: ] { code: 'ECONNREFUSED' } ]
[2026-03-17T07:36:22.652Z] error: <jellyfinProxyHandler> HTTP Error 500 calling http://localhost:8096/emby/Items/Counts?api_key=7c0d5732c0e342db8d7e6a926ba42a30
[2026-03-17T07:36:22.652Z] error: <httpProxy> Error calling http://localhost:8080/api/login...
[2026-03-17T07:36:22.653Z] error: <httpProxy> [ 500, [AggregateError: ] { code: 'ECONNREFUSED' } ]
[2026-03-17T07:36:22.653Z] error: <filebrowserProxyHandler> Unexpected status code 500 when logging in to Filebrowser API for service 'File Browser'
[2026-03-17T07:36:22.654Z] error: <httpProxy> Error calling https://localhost:9443/api/kubernetes/1/namespaces/count...
[2026-03-17T07:36:22.654Z] error: <httpProxy> [ 500, [AggregateError: ] { code: 'ECONNREFUSED' } ]
[2026-03-17T07:36:22.654Z] error: <credentialedProxyHandler> HTTP Error 500 calling https://localhost:9443/api/kubernetes/1/namespaces/count
[2026-03-17T07:36:22.656Z] error: <httpProxy> Error calling http://localhost:8096/emby/Sessions...
[2026-03-17T07:36:22.656Z] error: <httpProxy> [ 500, [AggregateError: ] { code: 'ECONNREFUSED' } ]
[2026-03-17T07:36:22.657Z] error: <jellyfinProxyHandler> HTTP Error 500 calling http://localhost:8096/emby/Sessions?api_key=7c0d5732c0e342db8d7e6a926ba42a30
[2026-03-17T07:36:23.660Z] error: <httpProxy> Error calling http://localhost:8096/emby/Sessions...
[2026-03-17T07:36:23.661Z] error: <httpProxy> [ 500, [AggregateError: ] { code: 'ECONNREFUSED' } ]
[2026-03-17T07:36:23.661Z] error: <jellyfinProxyHandler> HTTP Error 500 calling http://localhost:8096/emby/Sessions?api_key=7c0d5732c0e342db8d7e6a926ba42a30
[2026-03-17T07:36:24.028Z] error: <httpProxy> Error calling http://localhost:8096/emby/Items/Counts...
[2026-03-17T07:36:24.029Z] error: <httpProxy> [ 500, [AggregateError: ] { code: 'ECONNREFUSED' } ]
[2026-03-17T07:36:24.029Z] error: <jellyfinProxyHandler> HTTP Error 500 calling http://localhost:8096/emby/Items/Counts?api_key=7c0d5732c0e342db8d7e6a926ba42a30
[2026-03-17T07:36:28.699Z] error: <httpProxy> Error calling http://localhost:8096/emby/Sessions...
[2026-03-17T07:36:28.700Z] error: <httpProxy> [ 500, [AggregateError: ] { code: 'ECONNREFUSED' } ]
[2026-03-17T07:36:28.700Z] error: <jellyfinProxyHandler> HTTP Error 500 calling http://localhost:8096/emby/Sessions?api_key=7c0d5732c0e342db8d7e6a926ba42a30
[2026-03-17T07:36:33.763Z] error: <httpProxy> Error calling http://localhost:8096/emby/Sessions...
[2026-03-17T07:36:33.764Z] error: <httpProxy> [ 500, [AggregateError: ] { code: 'ECONNREFUSED' } ]
[2026-03-17T07:36:33.764Z] error: <jellyfinProxyHandler> HTTP Error 500 calling http://localhost:8096/emby/Sessions?api_key=7c0d5732c0e342db8d7e6a926ba42a30
[2026-03-17T07:36:38.806Z] error: <httpProxy> Error calling http://localhost:8096/emby/Sessions...
[2026-03-17T07:36:38.807Z] error: <httpProxy> [ 500, [AggregateError: ] { code: 'ECONNREFUSED' } ]
[2026-03-17T07:36:38.807Z] error: <jellyfinProxyHandler> HTTP Error 500 calling http://localhost:8096/emby/Sessions?api_key=7c0d5732c0e342db8d7e6a926ba42a30
[2026-03-17T07:36:43.851Z] error: <httpProxy> Error calling http://localhost:8096/emby/Sessions...
[2026-03-17T07:36:43.851Z] error: <httpProxy> [ 500, [AggregateError: ] { code: 'ECONNREFUSED' } ]
[2026-03-17T07:36:43.852Z] error: <jellyfinProxyHandler> HTTP Error 500 calling http://localhost:8096/emby/Sessions?api_key=7c0d5732c0e342db8d7e6a926ba42a30
[2026-03-17T07:36:48.889Z] error: <httpProxy> Error calling http://localhost:8096/emby/Sessions...
[2026-03-17T07:36:48.890Z] error: <httpProxy> [ 500, [AggregateError: ] { code: 'ECONNREFUSED' } ]
[2026-03-17T07:36:48.890Z] error: <jellyfinProxyHandler> HTTP Error 500 calling http://localhost:8096/emby/Sessions?api_key=7c0d5732c0e342db8d7e6a926ba42a30
[2026-03-17T07:36:53.938Z] error: <httpProxy> Error calling http://localhost:8096/emby/Sessions...
[2026-03-17T07:36:53.939Z] error: <httpProxy> [ 500, [AggregateError: ] { code: 'ECONNREFUSED' } ]
[2026-03-17T07:36:53.939Z] error: <jellyfinProxyHandler> HTTP Error 500 calling http://localhost:8096/emby/Sessions?api_key=7c0d5732c0e342db8d7e6a926ba42a30
[2026-03-17T07:36:55.911Z] error: <httpProxy> Error calling https://localhost:9443/api/kubernetes/1/applications/count...
[2026-03-17T07:36:55.912Z] error: <httpProxy> [ 500, [AggregateError: ] { code: 'ECONNREFUSED' } ]
[2026-03-17T07:36:55.912Z] error: <credentialedProxyHandler> HTTP Error 500 calling https://localhost:9443/api/kubernetes/1/applications/count
[2026-03-17T07:36:56.278Z] error: <httpProxy> Error calling https://localhost:9443/api/kubernetes/1/namespaces/count...
[2026-03-17T07:36:56.279Z] error: <httpProxy> [ 500, [AggregateError: ] { code: 'ECONNREFUSED' } ]
[2026-03-17T07:36:56.279Z] error: <credentialedProxyHandler> HTTP Error 500 calling https://localhost:9443/api/kubernetes/1/namespaces/count
[2026-03-17T07:36:56.282Z] error: <httpProxy> Error calling https://localhost:9443/api/kubernetes/1/services/count...
[2026-03-17T07:36:56.283Z] error: <httpProxy> [ 500, [AggregateError: ] { code: 'ECONNREFUSED' } ]
[2026-03-17T07:36:56.283Z] error: <credentialedProxyHandler> HTTP Error 500 calling https://localhost:9443/api/kubernetes/1/services/count
[2026-03-17T07:36:56.405Z] error: <httpProxy> Error calling http://localhost:8080/api/login...
[2026-03-17T07:36:56.406Z] error: <httpProxy> [ 500, [AggregateError: ] { code: 'ECONNREFUSED' } ]
[2026-03-17T07:36:56.406Z] error: <filebrowserProxyHandler> Unexpected status code 500 when logging in to Filebrowser API for service 'File Browser'
[2026-03-17T07:36:56.409Z] error: <httpProxy> Error calling http://localhost:8096/emby/Sessions...
[2026-03-17T07:36:56.410Z] error: <httpProxy> [ 500, [AggregateError: ] { code: 'ECONNREFUSED' } ]
[2026-03-17T07:36:56.410Z] error: <jellyfinProxyHandler> HTTP Error 500 calling http://localhost:8096/emby/Sessions?api_key=7c0d5732c0e342db8d7e6a926ba42a30
[2026-03-17T07:36:56.523Z] error: <httpProxy> Error calling http://localhost:8096/emby/Items/Counts...
[2026-03-17T07:36:56.524Z] error: <httpProxy> [ 500, [AggregateError: ] { code: 'ECONNREFUSED' } ]
[2026-03-17T07:36:56.524Z] error: <jellyfinProxyHandler> HTTP Error 500 calling http://localhost:8096/emby/Items/Counts?api_key=7c0d5732c0e342db8d7e6a926ba42a30
[2026-03-17T07:36:58.984Z] error: <httpProxy> Error calling http://localhost:8096/emby/Sessions...
[2026-03-17T07:36:58.985Z] error: <httpProxy> [ 500, [AggregateError: ] { code: 'ECONNREFUSED' } ]
[2026-03-17T07:36:58.985Z] error: <jellyfinProxyHandler> HTTP Error 500 calling http://localhost:8096/emby/Sessions?api_key=7c0d5732c0e342db8d7e6a926ba42a30
[2026-03-17T07:37:04.019Z] error: <httpProxy> Error calling http://localhost:8096/emby/Sessions...
[2026-03-17T07:37:04.020Z] error: <httpProxy> [ 500, [AggregateError: ] { code: 'ECONNREFUSED' } ]
[2026-03-17T07:37:04.020Z] error: <jellyfinProxyHandler> HTTP Error 500 calling http://localhost:8096/emby/Sessions?api_key=7c0d5732c0e342db8d7e6a926ba42a30
[2026-03-17T07:37:09.072Z] error: <httpProxy> Error calling http://localhost:8096/emby/Sessions...
[2026-03-17T07:37:09.072Z] error: <httpProxy> [ 500, [AggregateError: ] { code: 'ECONNREFUSED' } ]
[2026-03-17T07:37:09.073Z] error: <jellyfinProxyHandler> HTTP Error 500 calling http://localhost:8096/emby/Sessions?api_key=7c0d5732c0e342db8d7e6a926ba42a30
[2026-03-17T07:37:14.106Z] error: <httpProxy> Error calling http://localhost:8096/emby/Sessions...
[2026-03-17T07:37:14.107Z] error: <httpProxy> [ 500, [AggregateError: ] { code: 'ECONNREFUSED' } ]
[2026-03-17T07:37:14.107Z] error: <jellyfinProxyHandler> HTTP Error 500 calling http://localhost:8096/emby/Sessions?api_key=7c0d5732c0e342db8d7e6a926ba42a30
[2026-03-17T07:37:19.139Z] error: <httpProxy> Error calling http://localhost:8096/emby/Sessions...
[2026-03-17T07:37:19.140Z] error: <httpProxy> [ 500, [AggregateError: ] { code: 'ECONNREFUSED' } ]
[2026-03-17T07:37:19.141Z] error: <jellyfinProxyHandler> HTTP Error 500 calling http://localhost:8096/emby/Sessions?api_key=7c0d5732c0e342db8d7e6a926ba42a30
[2026-03-17T07:37:24.071Z] error: <httpProxy> Error calling http://localhost:8096/emby/Items/Counts...
[2026-03-17T07:37:24.072Z] error: <httpProxy> [ 500, [AggregateError: ] { code: 'ECONNREFUSED' } ]
[2026-03-17T07:37:24.073Z] error: <jellyfinProxyHandler> HTTP Error 500 calling http://localhost:8096/emby/Items/Counts?api_key=7c0d5732c0e342db8d7e6a926ba42a30
[2026-03-17T07:37:24.179Z] error: <httpProxy> Error calling http://localhost:8096/emby/Sessions...
[2026-03-17T07:37:24.180Z] error: <httpProxy> [ 500, [AggregateError: ] { code: 'ECONNREFUSED' } ]
[2026-03-17T07:37:24.181Z] error: <jellyfinProxyHandler> HTTP Error 500 calling http://localhost:8096/emby/Sessions?api_key=7c0d5732c0e342db8d7e6a926ba42a30
[2026-03-17T07:37:29.221Z] error: <httpProxy> Error calling http://localhost:8096/emby/Sessions...
[2026-03-17T07:37:29.222Z] error: <httpProxy> [ 500, [AggregateError: ] { code: 'ECONNREFUSED' } ]
[2026-03-17T07:37:29.222Z] error: <jellyfinProxyHandler> HTTP Error 500 calling http://localhost:8096/emby/Sessions?api_key=7c0d5732c0e342db8d7e6a926ba42a30
[2026-03-17T07:37:34.265Z] error: <httpProxy> Error calling http://localhost:8096/emby/Sessions...
[2026-03-17T07:37:34.265Z] error: <httpProxy> [ 500, [AggregateError: ] { code: 'ECONNREFUSED' } ]
[2026-03-17T07:37:34.266Z] error: <jellyfinProxyHandler> HTTP Error 500 calling http://localhost:8096/emby/Sessions?api_key=7c0d5732c0e342db8d7e6a926ba42a30
[2026-03-17T07:37:39.347Z] error: <httpProxy> Error calling http://localhost:8096/emby/Sessions...
[2026-03-17T07:37:39.348Z] error: <httpProxy> [ 500, [AggregateError: ] { code: 'ECONNREFUSED' } ]
[2026-03-17T07:37:39.348Z] error: <jellyfinProxyHandler> HTTP Error 500 calling http://localhost:8096/emby/Sessions?api_key=7c0d5732c0e342db8d7e6a926ba42a30
[2026-03-17T07:37:44.383Z] error: <httpProxy> Error calling http://localhost:8096/emby/Sessions...
[2026-03-17T07:37:44.384Z] error: <httpProxy> [ 500, [AggregateError: ] { code: 'ECONNREFUSED' } ]
[2026-03-17T07:37:44.384Z] error: <jellyfinProxyHandler> HTTP Error 500 calling http://localhost:8096/emby/Sessions?api_key=7c0d5732c0e342db8d7e6a926ba42a30
[2026-03-17T07:37:49.418Z] error: <httpProxy> Error calling http://localhost:8096/emby/Sessions...
[2026-03-17T07:37:49.419Z] error: <httpProxy> [ 500, [AggregateError: ] { code: 'ECONNREFUSED' } ]
[2026-03-17T07:37:49.419Z] error: <jellyfinProxyHandler> HTTP Error 500 calling http://localhost:8096/emby/Sessions?api_key=7c0d5732c0e342db8d7e6a926ba42a30
[2026-03-17T07:37:54.453Z] error: <httpProxy> Error calling http://localhost:8096/emby/Sessions...
[2026-03-17T07:37:54.454Z] error: <httpProxy> [ 500, [AggregateError: ] { code: 'ECONNREFUSED' } ]
[2026-03-17T07:37:54.454Z] error: <jellyfinProxyHandler> HTTP Error 500 calling http://localhost:8096/emby/Sessions?api_key=7c0d5732c0e342db8d7e6a926ba42a30
[2026-03-17T07:37:59.489Z] error: <httpProxy> Error calling http://localhost:8096/emby/Sessions...
[2026-03-17T07:37:59.490Z] error: <httpProxy> [ 500, [AggregateError: ] { code: 'ECONNREFUSED' } ]
[2026-03-17T07:37:59.490Z] error: <jellyfinProxyHandler> HTTP Error 500 calling http://localhost:8096/emby/Sessions?api_key=7c0d5732c0e342db8d7e6a926ba42a30
[2026-03-17T07:38:04.536Z] error: <httpProxy> Error calling http://localhost:8096/emby/Sessions...
[2026-03-17T07:38:04.536Z] error: <httpProxy> [ 500, [AggregateError: ] { code: 'ECONNREFUSED' } ]
[2026-03-17T07:38:04.537Z] error: <jellyfinProxyHandler> HTTP Error 500 calling http://localhost:8096/emby/Sessions?api_key=7c0d5732c0e342db8d7e6a926ba42a30
[2026-03-17T07:38:09.573Z] error: <httpProxy> Error calling http://localhost:8096/emby/Sessions...
[2026-03-17T07:38:09.574Z] error: <httpProxy> [ 500, [AggregateError: ] { code: 'ECONNREFUSED' } ]
[2026-03-17T07:38:09.574Z] error: <jellyfinProxyHandler> HTTP Error 500 calling http://localhost:8096/emby/Sessions?api_key=7c0d5732c0e342db8d7e6a926ba42a30
[2026-03-17T07:38:14.620Z] error: <httpProxy> Error calling http://localhost:8096/emby/Sessions...
[2026-03-17T07:38:14.621Z] error: <httpProxy> [ 500, [AggregateError: ] { code: 'ECONNREFUSED' } ]
[2026-03-17T07:38:14.621Z] error: <jellyfinProxyHandler> HTTP Error 500 calling http://localhost:8096/emby/Sessions?api_key=7c0d5732c0e342db8d7e6a926ba42a30
[2026-03-17T07:38:19.649Z] error: <httpProxy> Error calling http://localhost:8096/emby/Sessions...
[2026-03-17T07:38:19.650Z] error: <httpProxy> [ 500, [AggregateError: ] { code: 'ECONNREFUSED' } ]
[2026-03-17T07:38:19.650Z] error: <jellyfinProxyHandler> HTTP Error 500 calling http://localhost:8096/emby/Sessions?api_key=7c0d5732c0e342db8d7e6a926ba42a30
[2026-03-17T07:38:24.116Z] error: <httpProxy> Error calling http://localhost:8096/emby/Items/Counts...
[2026-03-17T07:38:24.117Z] error: <httpProxy> [ 500, [AggregateError: ] { code: 'ECONNREFUSED' } ]
[2026-03-17T07:38:24.117Z] error: <jellyfinProxyHandler> HTTP Error 500 calling http://localhost:8096/emby/Items/Counts?api_key=7c0d5732c0e342db8d7e6a926ba42a30
[2026-03-17T07:38:24.685Z] error: <httpProxy> Error calling http://localhost:8096/emby/Sessions...
[2026-03-17T07:38:24.686Z] error: <httpProxy> [ 500, [AggregateError: ] { code: 'ECONNREFUSED' } ]
[2026-03-17T07:38:24.686Z] error: <jellyfinProxyHandler> HTTP Error 500 calling http://localhost:8096/emby/Sessions?api_key=7c0d5732c0e342db8d7e6a926ba42a30
[2026-03-17T07:38:29.732Z] error: <httpProxy> Error calling http://localhost:8096/emby/Sessions...
[2026-03-17T07:38:29.733Z] error: <httpProxy> [ 500, [AggregateError: ] { code: 'ECONNREFUSED' } ]
[2026-03-17T07:38:29.733Z] error: <jellyfinProxyHandler> HTTP Error 500 calling http://localhost:8096/emby/Sessions?api_key=7c0d5732c0e342db8d7e6a926ba42a30
[2026-03-17T07:38:34.780Z] error: <httpProxy> Error calling http://localhost:8096/emby/Sessions...
[2026-03-17T07:38:34.781Z] error: <httpProxy> [ 500, [AggregateError: ] { code: 'ECONNREFUSED' } ]
[2026-03-17T07:38:34.781Z] error: <jellyfinProxyHandler> HTTP Error 500 calling http://localhost:8096/emby/Sessions?api_key=7c0d5732c0e342db8d7e6a926ba42a30
[2026-03-17T07:38:39.814Z] error: <httpProxy> Error calling http://localhost:8096/emby/Sessions...
[2026-03-17T07:38:39.815Z] error: <httpProxy> [ 500, [AggregateError: ] { code: 'ECONNREFUSED' } ]
[2026-03-17T07:38:39.815Z] error: <jellyfinProxyHandler> HTTP Error 500 calling http://localhost:8096/emby/Sessions?api_key=7c0d5732c0e342db8d7e6a926ba42a30
[2026-03-17T07:38:44.852Z] error: <httpProxy> Error calling http://localhost:8096/emby/Sessions...
[2026-03-17T07:38:44.853Z] error: <httpProxy> [ 500, [AggregateError: ] { code: 'ECONNREFUSED' } ]
[2026-03-17T07:38:44.853Z] error: <jellyfinProxyHandler> HTTP Error 500 calling http://localhost:8096/emby/Sessions?api_key=7c0d5732c0e342db8d7e6a926ba42a30
[2026-03-17T07:38:49.883Z] error: <httpProxy> Error calling http://localhost:8096/emby/Sessions...
[2026-03-17T07:38:49.884Z] error: <httpProxy> [ 500, [AggregateError: ] { code: 'ECONNREFUSED' } ]
[2026-03-17T07:38:49.884Z] error: <jellyfinProxyHandler> HTTP Error 500 calling http://localhost:8096/emby/Sessions?api_key=7c0d5732c0e342db8d7e6a926ba42a30
[2026-03-17T07:38:54.932Z] error: <httpProxy> Error calling http://localhost:8096/emby/Sessions...
[2026-03-17T07:38:54.933Z] error: <httpProxy> [ 500, [AggregateError: ] { code: 'ECONNREFUSED' } ]
[2026-03-17T07:38:54.933Z] error: <jellyfinProxyHandler> HTTP Error 500 calling http://localhost:8096/emby/Sessions?api_key=7c0d5732c0e342db8d7e6a926ba42a30
[2026-03-17T07:38:59.982Z] error: <httpProxy> Error calling http://localhost:8096/emby/Sessions...
[2026-03-17T07:38:59.983Z] error: <httpProxy> [ 500, [AggregateError: ] { code: 'ECONNREFUSED' } ]
[2026-03-17T07:38:59.983Z] error: <jellyfinProxyHandler> HTTP Error 500 calling http://localhost:8096/emby/Sessions?api_key=7c0d5732c0e342db8d7e6a926ba42a30
[2026-03-17T07:39:05.024Z] error: <httpProxy> Error calling http://localhost:8096/emby/Sessions...
[2026-03-17T07:39:05.025Z] error: <httpProxy> [ 500, [AggregateError: ] { code: 'ECONNREFUSED' } ]
[2026-03-17T07:39:05.025Z] error: <jellyfinProxyHandler> HTTP Error 500 calling http://localhost:8096/emby/Sessions?api_key=7c0d5732c0e342db8d7e6a926ba42a30
[2026-03-17T07:39:10.067Z] error: <httpProxy> Error calling http://localhost:8096/emby/Sessions...
[2026-03-17T07:39:10.067Z] error: <httpProxy> [ 500, [AggregateError: ] { code: 'ECONNREFUSED' } ]
[2026-03-17T07:39:10.068Z] error: <jellyfinProxyHandler> HTTP Error 500 calling http://localhost:8096/emby/Sessions?api_key=7c0d5732c0e342db8d7e6a926ba42a30
[2026-03-17T07:39:15.108Z] error: <httpProxy> Error calling http://localhost:8096/emby/Sessions...
[2026-03-17T07:39:15.109Z] error: <httpProxy> [ 500, [AggregateError: ] { code: 'ECONNREFUSED' } ]
[2026-03-17T07:39:15.109Z] error: <jellyfinProxyHandler> HTTP Error 500 calling http://localhost:8096/emby/Sessions?api_key=7c0d5732c0e342db8d7e6a926ba42a30
[2026-03-17T07:39:20.145Z] error: <httpProxy> Error calling http://localhost:8096/emby/Sessions...
[2026-03-17T07:39:20.146Z] error: <httpProxy> [ 500, [AggregateError: ] { code: 'ECONNREFUSED' } ]
[2026-03-17T07:39:20.146Z] error: <jellyfinProxyHandler> HTTP Error 500 calling http://localhost:8096/emby/Sessions?api_key=7c0d5732c0e342db8d7e6a926ba42a30
[2026-03-17T07:39:24.170Z] error: <httpProxy> Error calling http://localhost:8096/emby/Items/Counts...
[2026-03-17T07:39:24.171Z] error: <httpProxy> [ 500, [AggregateError: ] { code: 'ECONNREFUSED' } ]
[2026-03-17T07:39:24.172Z] error: <jellyfinProxyHandler> HTTP Error 500 calling http://localhost:8096/emby/Items/Counts?api_key=7c0d5732c0e342db8d7e6a926ba42a30
[2026-03-17T07:39:25.182Z] error: <httpProxy> Error calling http://localhost:8096/emby/Sessions...
[2026-03-17T07:39:25.183Z] error: <httpProxy> [ 500, [AggregateError: ] { code: 'ECONNREFUSED' } ]
[2026-03-17T07:39:25.183Z] error: <jellyfinProxyHandler> HTTP Error 500 calling http://localhost:8096/emby/Sessions?api_key=7c0d5732c0e342db8d7e6a926ba42a30
[2026-03-17T07:39:30.228Z] error: <httpProxy> Error calling http://localhost:8096/emby/Sessions...
[2026-03-17T07:39:30.229Z] error: <httpProxy> [ 500, [AggregateError: ] { code: 'ECONNREFUSED' } ]
[2026-03-17T07:39:30.229Z] error: <jellyfinProxyHandler> HTTP Error 500 calling http://localhost:8096/emby/Sessions?api_key=7c0d5732c0e342db8d7e6a926ba42a30
[2026-03-17T07:39:35.272Z] error: <httpProxy> Error calling http://localhost:8096/emby/Sessions...
[2026-03-17T07:39:35.273Z] error: <httpProxy> [ 500, [AggregateError: ] { code: 'ECONNREFUSED' } ]
[2026-03-17T07:39:35.273Z] error: <jellyfinProxyHandler> HTTP Error 500 calling http://localhost:8096/emby/Sessions?api_key=7c0d5732c0e342db8d7e6a926ba42a30
[2026-03-17T07:39:40.311Z] error: <httpProxy> Error calling http://localhost:8096/emby/Sessions...
[2026-03-17T07:39:40.311Z] error: <httpProxy> [ 500, [AggregateError: ] { code: 'ECONNREFUSED' } ]
[2026-03-17T07:39:40.312Z] error: <jellyfinProxyHandler> HTTP Error 500 calling http://localhost:8096/emby/Sessions?api_key=7c0d5732c0e342db8d7e6a926ba42a30
[2026-03-17T07:39:45.346Z] error: <httpProxy> Error calling http://localhost:8096/emby/Sessions...
[2026-03-17T07:39:45.347Z] error: <httpProxy> [ 500, [AggregateError: ] { code: 'ECONNREFUSED' } ]
[2026-03-17T07:39:45.347Z] error: <jellyfinProxyHandler> HTTP Error 500 calling http://localhost:8096/emby/Sessions?api_key=7c0d5732c0e342db8d7e6a926ba42a30
[2026-03-17T07:39:50.387Z] error: <httpProxy> Error calling http://localhost:8096/emby/Sessions...
[2026-03-17T07:39:50.388Z] error: <httpProxy> [ 500, [AggregateError: ] { code: 'ECONNREFUSED' } ]
[2026-03-17T07:39:50.388Z] error: <jellyfinProxyHandler> HTTP Error 500 calling http://localhost:8096/emby/Sessions?api_key=7c0d5732c0e342db8d7e6a926ba42a30
[2026-03-17T07:39:55.424Z] error: <httpProxy> Error calling http://localhost:8096/emby/Sessions...
[2026-03-17T07:39:55.424Z] error: <httpProxy> [ 500, [AggregateError: ] { code: 'ECONNREFUSED' } ]
[2026-03-17T07:39:55.425Z] error: <jellyfinProxyHandler> HTTP Error 500 calling http://localhost:8096/emby/Sessions?api_key=7c0d5732c0e342db8d7e6a926ba42a30
[2026-03-17T07:40:00.459Z] error: <httpProxy> Error calling http://localhost:8096/emby/Sessions...
[2026-03-17T07:40:00.460Z] error: <httpProxy> [ 500, [AggregateError: ] { code: 'ECONNREFUSED' } ]
[2026-03-17T07:40:00.460Z] error: <jellyfinProxyHandler> HTTP Error 500 calling http://localhost:8096/emby/Sessions?api_key=7c0d5732c0e342db8d7e6a926ba42a30
[2026-03-17T07:40:05.506Z] error: <httpProxy> Error calling http://localhost:8096/emby/Sessions...
[2026-03-17T07:40:05.507Z] error: <httpProxy> [ 500, [AggregateError: ] { code: 'ECONNREFUSED' } ]
[2026-03-17T07:40:05.507Z] error: <jellyfinProxyHandler> HTTP Error 500 calling http://localhost:8096/emby/Sessions?api_key=7c0d5732c0e342db8d7e6a926ba42a30
[2026-03-17T07:40:10.553Z] error: <httpProxy> Error calling http://localhost:8096/emby/Sessions...
[2026-03-17T07:40:10.554Z] error: <httpProxy> [ 500, [AggregateError: ] { code: 'ECONNREFUSED' } ]
[2026-03-17T07:40:10.554Z] error: <jellyfinProxyHandler> HTTP Error 500 calling http://localhost:8096/emby/Sessions?api_key=7c0d5732c0e342db8d7e6a926ba42a30
[2026-03-17T07:40:15.586Z] error: <httpProxy> Error calling http://localhost:8096/emby/Sessions...
[2026-03-17T07:40:15.587Z] error: <httpProxy> [ 500, [AggregateError: ] { code: 'ECONNREFUSED' } ]
[2026-03-17T07:40:15.588Z] error: <jellyfinProxyHandler> HTTP Error 500 calling http://localhost:8096/emby/Sessions?api_key=7c0d5732c0e342db8d7e6a926ba42a30
[2026-03-17T07:40:20.618Z] error: <httpProxy> Error calling http://localhost:8096/emby/Sessions...
[2026-03-17T07:40:20.619Z] error: <httpProxy> [ 500, [AggregateError: ] { code: 'ECONNREFUSED' } ]
[2026-03-17T07:40:20.619Z] error: <jellyfinProxyHandler> HTTP Error 500 calling http://localhost:8096/emby/Sessions?api_key=7c0d5732c0e342db8d7e6a926ba42a30
[2026-03-17T07:40:24.209Z] error: <httpProxy> Error calling http://localhost:8096/emby/Items/Counts...
[2026-03-17T07:40:24.210Z] error: <httpProxy> [ 500, [AggregateError: ] { code: 'ECONNREFUSED' } ]
[2026-03-17T07:40:24.210Z] error: <jellyfinProxyHandler> HTTP Error 500 calling http://localhost:8096/emby/Items/Counts?api_key=7c0d5732c0e342db8d7e6a926ba42a30
[2026-03-17T07:40:25.717Z] error: <httpProxy> Error calling http://localhost:8096/emby/Sessions...
[2026-03-17T07:40:25.718Z] error: <httpProxy> [ 500, [AggregateError: ] { code: 'ECONNREFUSED' } ]
[2026-03-17T07:40:25.718Z] error: <jellyfinProxyHandler> HTTP Error 500 calling http://localhost:8096/emby/Sessions?api_key=7c0d5732c0e342db8d7e6a926ba42a30
[2026-03-17T07:40:30.761Z] error: <httpProxy> Error calling http://localhost:8096/emby/Sessions...
[2026-03-17T07:40:30.762Z] error: <httpProxy> [ 500, [AggregateError: ] { code: 'ECONNREFUSED' } ]
[2026-03-17T07:40:30.762Z] error: <jellyfinProxyHandler> HTTP Error 500 calling http://localhost:8096/emby/Sessions?api_key=7c0d5732c0e342db8d7e6a926ba42a30
[2026-03-17T07:40:35.801Z] error: <httpProxy> Error calling http://localhost:8096/emby/Sessions...
[2026-03-17T07:40:35.802Z] error: <httpProxy> [ 500, [AggregateError: ] { code: 'ECONNREFUSED' } ]
[2026-03-17T07:40:35.802Z] error: <jellyfinProxyHandler> HTTP Error 500 calling http://localhost:8096/emby/Sessions?api_key=7c0d5732c0e342db8d7e6a926ba42a30
[2026-03-17T07:40:40.856Z] error: <httpProxy> Error calling http://localhost:8096/emby/Sessions...
[2026-03-17T07:40:40.857Z] error: <httpProxy> [ 500, [AggregateError: ] { code: 'ECONNREFUSED' } ]
[2026-03-17T07:40:40.857Z] error: <jellyfinProxyHandler> HTTP Error 500 calling http://localhost:8096/emby/Sessions?api_key=7c0d5732c0e342db8d7e6a926ba42a30
[2026-03-17T07:40:45.894Z] error: <httpProxy> Error calling http://localhost:8096/emby/Sessions...
[2026-03-17T07:40:45.895Z] error: <httpProxy> [ 500, [AggregateError: ] { code: 'ECONNREFUSED' } ]
[2026-03-17T07:40:45.895Z] error: <jellyfinProxyHandler> HTTP Error 500 calling http://localhost:8096/emby/Sessions?api_key=7c0d5732c0e342db8d7e6a926ba42a30
[2026-03-17T07:40:50.933Z] error: <httpProxy> Error calling http://localhost:8096/emby/Sessions...
[2026-03-17T07:40:50.934Z] error: <httpProxy> [ 500, [AggregateError: ] { code: 'ECONNREFUSED' } ]
[2026-03-17T07:40:50.934Z] error: <jellyfinProxyHandler> HTTP Error 500 calling http://localhost:8096/emby/Sessions?api_key=7c0d5732c0e342db8d7e6a926ba42a30
[2026-03-17T07:40:55.982Z] error: <httpProxy> Error calling http://localhost:8096/emby/Sessions...
[2026-03-17T07:40:55.983Z] error: <httpProxy> [ 500, [AggregateError: ] { code: 'ECONNREFUSED' } ]
[2026-03-17T07:40:55.983Z] error: <jellyfinProxyHandler> HTTP Error 500 calling http://localhost:8096/emby/Sessions?api_key=7c0d5732c0e342db8d7e6a926ba42a30
[2026-03-17T07:41:01.014Z] error: <httpProxy> Error calling http://localhost:8096/emby/Sessions...
[2026-03-17T07:41:01.014Z] error: <httpProxy> [ 500, [AggregateError: ] { code: 'ECONNREFUSED' } ]
[2026-03-17T07:41:01.015Z] error: <jellyfinProxyHandler> HTTP Error 500 calling http://localhost:8096/emby/Sessions?api_key=7c0d5732c0e342db8d7e6a926ba42a30
[2026-03-17T07:41:06.059Z] error: <httpProxy> Error calling http://localhost:8096/emby/Sessions...
[2026-03-17T07:41:06.060Z] error: <httpProxy> [ 500, [AggregateError: ] { code: 'ECONNREFUSED' } ]
[2026-03-17T07:41:06.060Z] error: <jellyfinProxyHandler> HTTP Error 500 calling http://localhost:8096/emby/Sessions?api_key=7c0d5732c0e342db8d7e6a926ba42a30
[2026-03-17T07:41:08.676Z] error: <httpProxy> Error calling https://localhost:9443/api/kubernetes/1/applications/count...
[2026-03-17T07:41:08.677Z] error: <httpProxy> [ 500, [AggregateError: ] { code: 'ECONNREFUSED' } ]
[2026-03-17T07:41:08.677Z] error: <credentialedProxyHandler> HTTP Error 500 calling https://localhost:9443/api/kubernetes/1/applications/count
[2026-03-17T07:41:08.678Z] error: <httpProxy> Error calling http://localhost:8096/emby/Sessions...
[2026-03-17T07:41:08.679Z] error: <httpProxy> [ 500, [AggregateError: ] { code: 'ECONNREFUSED' } ]
[2026-03-17T07:41:08.679Z] error: <jellyfinProxyHandler> HTTP Error 500 calling http://localhost:8096/emby/Sessions?api_key=7c0d5732c0e342db8d7e6a926ba42a30
[2026-03-17T07:41:08.744Z] error: <httpProxy> Error calling https://localhost:9443/api/kubernetes/1/services/count...
[2026-03-17T07:41:08.745Z] error: <httpProxy> [ 500, [AggregateError: ] { code: 'ECONNREFUSED' } ]
[2026-03-17T07:41:08.745Z] error: <credentialedProxyHandler> HTTP Error 500 calling https://localhost:9443/api/kubernetes/1/services/count
[2026-03-17T07:41:08.819Z] error: <httpProxy> Error calling https://localhost:9443/api/kubernetes/1/namespaces/count...
[2026-03-17T07:41:08.820Z] error: <httpProxy> [ 500, [AggregateError: ] { code: 'ECONNREFUSED' } ]
[2026-03-17T07:41:08.820Z] error: <credentialedProxyHandler> HTTP Error 500 calling https://localhost:9443/api/kubernetes/1/namespaces/count
[2026-03-17T07:41:08.855Z] error: <httpProxy> Error calling http://localhost:8080/api/login...
[2026-03-17T07:41:08.855Z] error: <httpProxy> [ 500, [AggregateError: ] { code: 'ECONNREFUSED' } ]
[2026-03-17T07:41:08.856Z] error: <filebrowserProxyHandler> Unexpected status code 500 when logging in to Filebrowser API for service 'File Browser'
[2026-03-17T07:41:08.867Z] error: <httpProxy> Error calling http://localhost:8096/emby/Items/Counts...
[2026-03-17T07:41:08.868Z] error: <httpProxy> [ 500, [AggregateError: ] { code: 'ECONNREFUSED' } ]
[2026-03-17T07:41:08.868Z] error: <jellyfinProxyHandler> HTTP Error 500 calling http://localhost:8096/emby/Items/Counts?api_key=7c0d5732c0e342db8d7e6a926ba42a30
[2026-03-17T07:41:11.103Z] error: <httpProxy> Error calling http://localhost:8096/emby/Sessions...
[2026-03-17T07:41:11.104Z] error: <httpProxy> [ 500, [AggregateError: ] { code: 'ECONNREFUSED' } ]
[2026-03-17T07:41:11.104Z] error: <jellyfinProxyHandler> HTTP Error 500 calling http://localhost:8096/emby/Sessions?api_key=7c0d5732c0e342db8d7e6a926ba42a30
[2026-03-17T07:41:16.149Z] error: <httpProxy> Error calling http://localhost:8096/emby/Sessions...
[2026-03-17T07:41:16.150Z] error: <httpProxy> [ 500, [AggregateError: ] { code: 'ECONNREFUSED' } ]
[2026-03-17T07:41:16.150Z] error: <jellyfinProxyHandler> HTTP Error 500 calling http://localhost:8096/emby/Sessions?api_key=7c0d5732c0e342db8d7e6a926ba42a30
[2026-03-17T07:41:21.196Z] error: <httpProxy> Error calling http://localhost:8096/emby/Sessions...
[2026-03-17T07:41:21.197Z] error: <httpProxy> [ 500, [AggregateError: ] { code: 'ECONNREFUSED' } ]
[2026-03-17T07:41:21.197Z] error: <jellyfinProxyHandler> HTTP Error 500 calling http://localhost:8096/emby/Sessions?api_key=7c0d5732c0e342db8d7e6a926ba42a30
[2026-03-17T07:41:24.256Z] error: <httpProxy> Error calling http://localhost:8096/emby/Items/Counts...
[2026-03-17T07:41:24.256Z] error: <httpProxy> [ 500, [AggregateError: ] { code: 'ECONNREFUSED' } ]
[2026-03-17T07:41:24.257Z] error: <jellyfinProxyHandler> HTTP Error 500 calling http://localhost:8096/emby/Items/Counts?api_key=7c0d5732c0e342db8d7e6a926ba42a30
[2026-03-17T07:41:26.233Z] error: <httpProxy> Error calling http://localhost:8096/emby/Sessions...
[2026-03-17T07:41:26.234Z] error: <httpProxy> [ 500, [AggregateError: ] { code: 'ECONNREFUSED' } ]
[2026-03-17T07:41:26.234Z] error: <jellyfinProxyHandler> HTTP Error 500 calling http://localhost:8096/emby/Sessions?api_key=7c0d5732c0e342db8d7e6a926ba42a30
[2026-03-17T07:41:31.267Z] error: <httpProxy> Error calling http://localhost:8096/emby/Sessions...
[2026-03-17T07:41:31.268Z] error: <httpProxy> [ 500, [AggregateError: ] { code: 'ECONNREFUSED' } ]
[2026-03-17T07:41:31.268Z] error: <jellyfinProxyHandler> HTTP Error 500 calling http://localhost:8096/emby/Sessions?api_key=7c0d5732c0e342db8d7e6a926ba42a30
[2026-03-17T07:41:36.300Z] error: <httpProxy> Error calling http://localhost:8096/emby/Sessions...
[2026-03-17T07:41:36.301Z] error: <httpProxy> [ 500, [AggregateError: ] { code: 'ECONNREFUSED' } ]
[2026-03-17T07:41:36.301Z] error: <jellyfinProxyHandler> HTTP Error 500 calling http://localhost:8096/emby/Sessions?api_key=7c0d5732c0e342db8d7e6a926ba42a30
[2026-03-17T07:41:41.360Z] error: <httpProxy> Error calling http://localhost:8096/emby/Sessions...
[2026-03-17T07:41:41.361Z] error: <httpProxy> [ 500, [AggregateError: ] { code: 'ECONNREFUSED' } ]
[2026-03-17T07:41:41.361Z] error: <jellyfinProxyHandler> HTTP Error 500 calling http://localhost:8096/emby/Sessions?api_key=7c0d5732c0e342db8d7e6a926ba42a30
[2026-03-17T07:41:46.394Z] error: <httpProxy> Error calling http://localhost:8096/emby/Sessions...
[2026-03-17T07:41:46.395Z] error: <httpProxy> [ 500, [AggregateError: ] { code: 'ECONNREFUSED' } ]
[2026-03-17T07:41:46.395Z] error: <jellyfinProxyHandler> HTTP Error 500 calling http://localhost:8096/emby/Sessions?api_key=7c0d5732c0e342db8d7e6a926ba42a30
[2026-03-17T07:41:51.434Z] error: <httpProxy> Error calling http://localhost:8096/emby/Sessions...
[2026-03-17T07:41:51.435Z] error: <httpProxy> [ 500, [AggregateError: ] { code: 'ECONNREFUSED' } ]
[2026-03-17T07:41:51.435Z] error: <jellyfinProxyHandler> HTTP Error 500 calling http://localhost:8096/emby/Sessions?api_key=7c0d5732c0e342db8d7e6a926ba42a30
[2026-03-17T07:41:55.305Z] error: <httpProxy> Error calling https://localhost:9443/api/kubernetes/1/applications/count...
[2026-03-17T07:41:55.306Z] error: <httpProxy> [ 500, [AggregateError: ] { code: 'ECONNREFUSED' } ]
[2026-03-17T07:41:55.307Z] error: <credentialedProxyHandler> HTTP Error 500 calling https://localhost:9443/api/kubernetes/1/applications/count
[2026-03-17T07:41:55.354Z] error: <httpProxy> Error calling https://localhost:9443/api/kubernetes/1/namespaces/count...
[2026-03-17T07:41:55.355Z] error: <httpProxy> [ 500, [AggregateError: ] { code: 'ECONNREFUSED' } ]
[2026-03-17T07:41:55.356Z] error: <credentialedProxyHandler> HTTP Error 500 calling https://localhost:9443/api/kubernetes/1/namespaces/count
[2026-03-17T07:41:55.359Z] error: <httpProxy> Error calling https://localhost:9443/api/kubernetes/1/services/count...
[2026-03-17T07:41:55.360Z] error: <httpProxy> [ 500, [AggregateError: ] { code: 'ECONNREFUSED' } ]
[2026-03-17T07:41:55.360Z] error: <credentialedProxyHandler> HTTP Error 500 calling https://localhost:9443/api/kubernetes/1/services/count
[2026-03-17T07:41:55.393Z] error: <httpProxy> Error calling http://localhost:8080/api/login...
[2026-03-17T07:41:55.393Z] error: <httpProxy> [ 500, [AggregateError: ] { code: 'ECONNREFUSED' } ]
[2026-03-17T07:41:55.394Z] error: <filebrowserProxyHandler> Unexpected status code 500 when logging in to Filebrowser API for service 'File Browser'
[2026-03-17T07:41:55.396Z] error: <httpProxy> Error calling http://localhost:8096/emby/Sessions...
[2026-03-17T07:41:55.396Z] error: <httpProxy> [ 500, [AggregateError: ] { code: 'ECONNREFUSED' } ]
[2026-03-17T07:41:55.396Z] error: <jellyfinProxyHandler> HTTP Error 500 calling http://localhost:8096/emby/Sessions?api_key=7c0d5732c0e342db8d7e6a926ba42a30
[2026-03-17T07:41:55.455Z] error: <httpProxy> Error calling http://localhost:8096/emby/Items/Counts...
[2026-03-17T07:41:55.456Z] error: <httpProxy> [ 500, [AggregateError: ] { code: 'ECONNREFUSED' } ]
[2026-03-17T07:41:55.456Z] error: <jellyfinProxyHandler> HTTP Error 500 calling http://localhost:8096/emby/Items/Counts?api_key=7c0d5732c0e342db8d7e6a926ba42a30
[2026-03-17T07:41:56.546Z] error: <httpProxy> Error calling http://localhost:8096/emby/Sessions...
[2026-03-17T07:41:56.547Z] error: <httpProxy> [ 500, [AggregateError: ] { code: 'ECONNREFUSED' } ]
[2026-03-17T07:41:56.548Z] error: <jellyfinProxyHandler> HTTP Error 500 calling http://localhost:8096/emby/Sessions?api_key=7c0d5732c0e342db8d7e6a926ba42a30
[2026-03-17T07:41:56.878Z] error: <httpProxy> Error calling https://localhost:9443/api/kubernetes/1/applications/count...
[2026-03-17T07:41:56.879Z] error: <httpProxy> [ 500, [AggregateError: ] { code: 'ECONNREFUSED' } ]
[2026-03-17T07:41:56.880Z] error: <credentialedProxyHandler> HTTP Error 500 calling https://localhost:9443/api/kubernetes/1/applications/count
[2026-03-17T07:41:56.927Z] error: <httpProxy> Error calling https://localhost:9443/api/kubernetes/1/services/count...
[2026-03-17T07:41:56.928Z] error: <httpProxy> [ 500, [AggregateError: ] { code: 'ECONNREFUSED' } ]
[2026-03-17T07:41:56.928Z] error: <credentialedProxyHandler> HTTP Error 500 calling https://localhost:9443/api/kubernetes/1/services/count
[2026-03-17T07:41:56.958Z] error: <httpProxy> Error calling https://localhost:9443/api/kubernetes/1/namespaces/count...
[2026-03-17T07:41:56.959Z] error: <httpProxy> [ 500, [AggregateError: ] { code: 'ECONNREFUSED' } ]
[2026-03-17T07:41:56.959Z] error: <credentialedProxyHandler> HTTP Error 500 calling https://localhost:9443/api/kubernetes/1/namespaces/count
[2026-03-17T07:41:56.988Z] error: <httpProxy> Error calling http://localhost:8080/api/login...
[2026-03-17T07:41:56.989Z] error: <httpProxy> [ 500, [AggregateError: ] { code: 'ECONNREFUSED' } ]
[2026-03-17T07:41:56.989Z] error: <filebrowserProxyHandler> Unexpected status code 500 when logging in to Filebrowser API for service 'File Browser'
[2026-03-17T07:41:57.018Z] error: <httpProxy> Error calling http://localhost:8096/emby/Sessions...
[2026-03-17T07:41:57.019Z] error: <httpProxy> [ 500, [AggregateError: ] { code: 'ECONNREFUSED' } ]
[2026-03-17T07:41:57.019Z] error: <jellyfinProxyHandler> HTTP Error 500 calling http://localhost:8096/emby/Sessions?api_key=7c0d5732c0e342db8d7e6a926ba42a30
[2026-03-17T07:41:57.067Z] error: <httpProxy> Error calling http://localhost:8096/emby/Items/Counts...
[2026-03-17T07:41:57.068Z] error: <httpProxy> [ 500, [AggregateError: ] { code: 'ECONNREFUSED' } ]
[2026-03-17T07:41:57.069Z] error: <jellyfinProxyHandler> HTTP Error 500 calling http://localhost:8096/emby/Items/Counts?api_key=7c0d5732c0e342db8d7e6a926ba42a30
[2026-03-17T07:42:01.375Z] error: <httpProxy> Error calling http://localhost:8096/emby/Sessions...
[2026-03-17T07:42:01.376Z] error: <httpProxy> [ 500, [AggregateError: ] { code: 'ECONNREFUSED' } ]
[2026-03-17T07:42:01.377Z] error: <jellyfinProxyHandler> HTTP Error 500 calling http://localhost:8096/emby/Sessions?api_key=7c0d5732c0e342db8d7e6a926ba42a30
[2026-03-17T07:42:01.596Z] error: <httpProxy> Error calling http://localhost:8096/emby/Sessions...
[2026-03-17T07:42:01.597Z] error: <httpProxy> [ 500, [AggregateError: ] { code: 'ECONNREFUSED' } ]
[2026-03-17T07:42:01.597Z] error: <jellyfinProxyHandler> HTTP Error 500 calling http://localhost:8096/emby/Sessions?api_key=7c0d5732c0e342db8d7e6a926ba42a30
[2026-03-17T07:42:06.426Z] error: <httpProxy> Error calling http://localhost:8096/emby/Sessions...
[2026-03-17T07:42:06.427Z] error: <httpProxy> [ 500, [AggregateError: ] { code: 'ECONNREFUSED' } ]
[2026-03-17T07:42:06.428Z] error: <jellyfinProxyHandler> HTTP Error 500 calling http://localhost:8096/emby/Sessions?api_key=7c0d5732c0e342db8d7e6a926ba42a30
[2026-03-17T07:42:06.638Z] error: <httpProxy> Error calling http://localhost:8096/emby/Sessions...
[2026-03-17T07:42:06.639Z] error: <httpProxy> [ 500, [AggregateError: ] { code: 'ECONNREFUSED' } ]
[2026-03-17T07:42:06.639Z] error: <jellyfinProxyHandler> HTTP Error 500 calling http://localhost:8096/emby/Sessions?api_key=7c0d5732c0e342db8d7e6a926ba42a30
[2026-03-17T07:42:11.672Z] error: <httpProxy> Error calling http://localhost:8096/emby/Sessions...
[2026-03-17T07:42:11.673Z] error: <httpProxy> [ 500, [AggregateError: ] { code: 'ECONNREFUSED' } ]
[2026-03-17T07:42:11.673Z] error: <jellyfinProxyHandler> HTTP Error 500 calling http://localhost:8096/emby/Sessions?api_key=7c0d5732c0e342db8d7e6a926ba42a30
[2026-03-17T07:42:16.717Z] error: <httpProxy> Error calling http://localhost:8096/emby/Sessions...
[2026-03-17T07:42:16.718Z] error: <httpProxy> [ 500, [AggregateError: ] { code: 'ECONNREFUSED' } ]
[2026-03-17T07:42:16.718Z] error: <jellyfinProxyHandler> HTTP Error 500 calling http://localhost:8096/emby/Sessions?api_key=7c0d5732c0e342db8d7e6a926ba42a30
[2026-03-17T07:42:21.750Z] error: <httpProxy> Error calling http://localhost:8096/emby/Sessions...
[2026-03-17T07:42:21.751Z] error: <httpProxy> [ 500, [AggregateError: ] { code: 'ECONNREFUSED' } ]
[2026-03-17T07:42:21.751Z] error: <jellyfinProxyHandler> HTTP Error 500 calling http://localhost:8096/emby/Sessions?api_key=7c0d5732c0e342db8d7e6a926ba42a30
[2026-03-17T07:42:24.295Z] error: <httpProxy> Error calling http://localhost:8096/emby/Items/Counts...
[2026-03-17T07:42:24.296Z] error: <httpProxy> [ 500, [AggregateError: ] { code: 'ECONNREFUSED' } ]
[2026-03-17T07:42:24.296Z] error: <jellyfinProxyHandler> HTTP Error 500 calling http://localhost:8096/emby/Items/Counts?api_key=7c0d5732c0e342db8d7e6a926ba42a30
[2026-03-17T07:42:26.786Z] error: <httpProxy> Error calling http://localhost:8096/emby/Sessions...
[2026-03-17T07:42:26.787Z] error: <httpProxy> [ 500, [AggregateError: ] { code: 'ECONNREFUSED' } ]
[2026-03-17T07:42:26.787Z] error: <jellyfinProxyHandler> HTTP Error 500 calling http://localhost:8096/emby/Sessions?api_key=7c0d5732c0e342db8d7e6a926ba42a30
[2026-03-17T07:42:31.825Z] error: <httpProxy> Error calling http://localhost:8096/emby/Sessions...
[2026-03-17T07:42:31.826Z] error: <httpProxy> [ 500, [AggregateError: ] { code: 'ECONNREFUSED' } ]
[2026-03-17T07:42:31.826Z] error: <jellyfinProxyHandler> HTTP Error 500 calling http://localhost:8096/emby/Sessions?api_key=7c0d5732c0e342db8d7e6a926ba42a30
[2026-03-17T07:42:36.859Z] error: <httpProxy> Error calling http://localhost:8096/emby/Sessions...
[2026-03-17T07:42:36.860Z] error: <httpProxy> [ 500, [AggregateError: ] { code: 'ECONNREFUSED' } ]
[2026-03-17T07:42:36.860Z] error: <jellyfinProxyHandler> HTTP Error 500 calling http://localhost:8096/emby/Sessions?api_key=7c0d5732c0e342db8d7e6a926ba42a30
[2026-03-17T07:42:41.902Z] error: <httpProxy> Error calling http://localhost:8096/emby/Sessions...
[2026-03-17T07:42:41.903Z] error: <httpProxy> [ 500, [AggregateError: ] { code: 'ECONNREFUSED' } ]
[2026-03-17T07:42:41.903Z] error: <jellyfinProxyHandler> HTTP Error 500 calling http://localhost:8096/emby/Sessions?api_key=7c0d5732c0e342db8d7e6a926ba42a30
[2026-03-17T07:42:46.941Z] error: <httpProxy> Error calling http://localhost:8096/emby/Sessions...
[2026-03-17T07:42:46.942Z] error: <httpProxy> [ 500, [AggregateError: ] { code: 'ECONNREFUSED' } ]
[2026-03-17T07:42:46.943Z] error: <jellyfinProxyHandler> HTTP Error 500 calling http://localhost:8096/emby/Sessions?api_key=7c0d5732c0e342db8d7e6a926ba42a30
[2026-03-17T07:42:51.986Z] error: <httpProxy> Error calling http://localhost:8096/emby/Sessions...
[2026-03-17T07:42:51.987Z] error: <httpProxy> [ 500, [AggregateError: ] { code: 'ECONNREFUSED' } ]
[2026-03-17T07:42:51.987Z] error: <jellyfinProxyHandler> HTTP Error 500 calling http://localhost:8096/emby/Sessions?api_key=7c0d5732c0e342db8d7e6a926ba42a30
[2026-03-17T07:42:57.025Z] error: <httpProxy> Error calling http://localhost:8096/emby/Sessions...
[2026-03-17T07:42:57.026Z] error: <httpProxy> [ 500, [AggregateError: ] { code: 'ECONNREFUSED' } ]
[2026-03-17T07:42:57.026Z] error: <jellyfinProxyHandler> HTTP Error 500 calling http://localhost:8096/emby/Sessions?api_key=7c0d5732c0e342db8d7e6a926ba42a30
[2026-03-17T07:43:02.062Z] error: <httpProxy> Error calling http://localhost:8096/emby/Sessions...
[2026-03-17T07:43:02.063Z] error: <httpProxy> [ 500, [AggregateError: ] { code: 'ECONNREFUSED' } ]
[2026-03-17T07:43:02.063Z] error: <jellyfinProxyHandler> HTTP Error 500 calling http://localhost:8096/emby/Sessions?api_key=7c0d5732c0e342db8d7e6a926ba42a30
[2026-03-17T07:43:07.100Z] error: <httpProxy> Error calling http://localhost:8096/emby/Sessions...
[2026-03-17T07:43:07.100Z] error: <httpProxy> [ 500, [AggregateError: ] { code: 'ECONNREFUSED' } ]
[2026-03-17T07:43:07.101Z] error: <jellyfinProxyHandler> HTTP Error 500 calling http://localhost:8096/emby/Sessions?api_key=7c0d5732c0e342db8d7e6a926ba42a30
[2026-03-17T07:43:12.134Z] error: <httpProxy> Error calling http://localhost:8096/emby/Sessions...
[2026-03-17T07:43:12.135Z] error: <httpProxy> [ 500, [AggregateError: ] { code: 'ECONNREFUSED' } ]
[2026-03-17T07:43:12.135Z] error: <jellyfinProxyHandler> HTTP Error 500 calling http://localhost:8096/emby/Sessions?api_key=7c0d5732c0e342db8d7e6a926ba42a30
[2026-03-17T07:43:17.172Z] error: <httpProxy> Error calling http://localhost:8096/emby/Sessions...
[2026-03-17T07:43:17.173Z] error: <httpProxy> [ 500, [AggregateError: ] { code: 'ECONNREFUSED' } ]
[2026-03-17T07:43:17.173Z] error: <jellyfinProxyHandler> HTTP Error 500 calling http://localhost:8096/emby/Sessions?api_key=7c0d5732c0e342db8d7e6a926ba42a30
[2026-03-17T07:43:22.222Z] error: <httpProxy> Error calling http://localhost:8096/emby/Sessions...
[2026-03-17T07:43:22.222Z] error: <httpProxy> [ 500, [AggregateError: ] { code: 'ECONNREFUSED' } ]
[2026-03-17T07:43:22.223Z] error: <jellyfinProxyHandler> HTTP Error 500 calling http://localhost:8096/emby/Sessions?api_key=7c0d5732c0e342db8d7e6a926ba42a30
[2026-03-17T07:43:24.341Z] error: <httpProxy> Error calling http://localhost:8096/emby/Items/Counts...
[2026-03-17T07:43:24.342Z] error: <httpProxy> [ 500, [AggregateError: ] { code: 'ECONNREFUSED' } ]
[2026-03-17T07:43:24.342Z] error: <jellyfinProxyHandler> HTTP Error 500 calling http://localhost:8096/emby/Items/Counts?api_key=7c0d5732c0e342db8d7e6a926ba42a30
[2026-03-17T07:43:27.262Z] error: <httpProxy> Error calling http://localhost:8096/emby/Sessions...
[2026-03-17T07:43:27.263Z] error: <httpProxy> [ 500, [AggregateError: ] { code: 'ECONNREFUSED' } ]
[2026-03-17T07:43:27.263Z] error: <jellyfinProxyHandler> HTTP Error 500 calling http://localhost:8096/emby/Sessions?api_key=7c0d5732c0e342db8d7e6a926ba42a30
[2026-03-17T07:43:32.311Z] error: <httpProxy> Error calling http://localhost:8096/emby/Sessions...
[2026-03-17T07:43:32.312Z] error: <httpProxy> [ 500, [AggregateError: ] { code: 'ECONNREFUSED' } ]
[2026-03-17T07:43:32.312Z] error: <jellyfinProxyHandler> HTTP Error 500 calling http://localhost:8096/emby/Sessions?api_key=7c0d5732c0e342db8d7e6a926ba42a30
[2026-03-17T07:43:37.350Z] error: <httpProxy> Error calling http://localhost:8096/emby/Sessions...
[2026-03-17T07:43:37.351Z] error: <httpProxy> [ 500, [AggregateError: ] { code: 'ECONNREFUSED' } ]
[2026-03-17T07:43:37.351Z] error: <jellyfinProxyHandler> HTTP Error 500 calling http://localhost:8096/emby/Sessions?api_key=7c0d5732c0e342db8d7e6a926ba42a30
[2026-03-17T07:43:42.389Z] error: <httpProxy> Error calling http://localhost:8096/emby/Sessions...
[2026-03-17T07:43:42.389Z] error: <httpProxy> [ 500, [AggregateError: ] { code: 'ECONNREFUSED' } ]
[2026-03-17T07:43:42.390Z] error: <jellyfinProxyHandler> HTTP Error 500 calling http://localhost:8096/emby/Sessions?api_key=7c0d5732c0e342db8d7e6a926ba42a30
[2026-03-17T07:43:47.428Z] error: <httpProxy> Error calling http://localhost:8096/emby/Sessions...
[2026-03-17T07:43:47.429Z] error: <httpProxy> [ 500, [AggregateError: ] { code: 'ECONNREFUSED' } ]
[2026-03-17T07:43:47.429Z] error: <jellyfinProxyHandler> HTTP Error 500 calling http://localhost:8096/emby/Sessions?api_key=7c0d5732c0e342db8d7e6a926ba42a30
[2026-03-17T07:43:52.461Z] error: <httpProxy> Error calling http://localhost:8096/emby/Sessions...
[2026-03-17T07:43:52.462Z] error: <httpProxy> [ 500, [AggregateError: ] { code: 'ECONNREFUSED' } ]
[2026-03-17T07:43:52.463Z] error: <jellyfinProxyHandler> HTTP Error 500 calling http://localhost:8096/emby/Sessions?api_key=7c0d5732c0e342db8d7e6a926ba42a30
[2026-03-17T07:43:57.504Z] error: <httpProxy> Error calling http://localhost:8096/emby/Sessions...
[2026-03-17T07:43:57.505Z] error: <httpProxy> [ 500, [AggregateError: ] { code: 'ECONNREFUSED' } ]
[2026-03-17T07:43:57.505Z] error: <jellyfinProxyHandler> HTTP Error 500 calling http://localhost:8096/emby/Sessions?api_key=7c0d5732c0e342db8d7e6a926ba42a30
[2026-03-17T07:44:02.558Z] error: <httpProxy> Error calling http://localhost:8096/emby/Sessions...
[2026-03-17T07:44:02.560Z] error: <httpProxy> [ 500, [AggregateError: ] { code: 'ECONNREFUSED' } ]
[2026-03-17T07:44:02.561Z] error: <jellyfinProxyHandler> HTTP Error 500 calling http://localhost:8096/emby/Sessions?api_key=7c0d5732c0e342db8d7e6a926ba42a30
[2026-03-17T07:44:07.607Z] error: <httpProxy> Error calling http://localhost:8096/emby/Sessions...
[2026-03-17T07:44:07.608Z] error: <httpProxy> [ 500, [AggregateError: ] { code: 'ECONNREFUSED' } ]
[2026-03-17T07:44:07.608Z] error: <jellyfinProxyHandler> HTTP Error 500 calling http://localhost:8096/emby/Sessions?api_key=7c0d5732c0e342db8d7e6a926ba42a30
[2026-03-17T07:44:12.657Z] error: <httpProxy> Error calling http://localhost:8096/emby/Sessions...
[2026-03-17T07:44:12.659Z] error: <httpProxy> [ 500, [AggregateError: ] { code: 'ECONNREFUSED' } ]
[2026-03-17T07:44:12.659Z] error: <jellyfinProxyHandler> HTTP Error 500 calling http://localhost:8096/emby/Sessions?api_key=7c0d5732c0e342db8d7e6a926ba42a30
[2026-03-17T07:44:17.703Z] error: <httpProxy> Error calling http://localhost:8096/emby/Sessions...
[2026-03-17T07:44:17.704Z] error: <httpProxy> [ 500, [AggregateError: ] { code: 'ECONNREFUSED' } ]
[2026-03-17T07:44:17.704Z] error: <jellyfinProxyHandler> HTTP Error 500 calling http://localhost:8096/emby/Sessions?api_key=7c0d5732c0e342db8d7e6a926ba42a30
[2026-03-17T07:44:22.743Z] error: <httpProxy> Error calling http://localhost:8096/emby/Sessions...
[2026-03-17T07:44:22.744Z] error: <httpProxy> [ 500, [AggregateError: ] { code: 'ECONNREFUSED' } ]
[2026-03-17T07:44:22.744Z] error: <jellyfinProxyHandler> HTTP Error 500 calling http://localhost:8096/emby/Sessions?api_key=7c0d5732c0e342db8d7e6a926ba42a30
[2026-03-17T07:44:24.404Z] error: <httpProxy> Error calling http://localhost:8096/emby/Items/Counts...
[2026-03-17T07:44:24.405Z] error: <httpProxy> [ 500, [AggregateError: ] { code: 'ECONNREFUSED' } ]
[2026-03-17T07:44:24.405Z] error: <jellyfinProxyHandler> HTTP Error 500 calling http://localhost:8096/emby/Items/Counts?api_key=7c0d5732c0e342db8d7e6a926ba42a30
[2026-03-17T07:44:27.786Z] error: <httpProxy> Error calling http://localhost:8096/emby/Sessions...
[2026-03-17T07:44:27.787Z] error: <httpProxy> [ 500, [AggregateError: ] { code: 'ECONNREFUSED' } ]
[2026-03-17T07:44:27.787Z] error: <jellyfinProxyHandler> HTTP Error 500 calling http://localhost:8096/emby/Sessions?api_key=7c0d5732c0e342db8d7e6a926ba42a30
[2026-03-17T07:44:32.839Z] error: <httpProxy> Error calling http://localhost:8096/emby/Sessions...
[2026-03-17T07:44:32.840Z] error: <httpProxy> [ 500, [AggregateError: ] { code: 'ECONNREFUSED' } ]
[2026-03-17T07:44:32.840Z] error: <jellyfinProxyHandler> HTTP Error 500 calling http://localhost:8096/emby/Sessions?api_key=7c0d5732c0e342db8d7e6a926ba42a30
[2026-03-17T07:44:37.884Z] error: <httpProxy> Error calling http://localhost:8096/emby/Sessions...
[2026-03-17T07:44:37.885Z] error: <httpProxy> [ 500, [AggregateError: ] { code: 'ECONNREFUSED' } ]
[2026-03-17T07:44:37.886Z] error: <jellyfinProxyHandler> HTTP Error 500 calling http://localhost:8096/emby/Sessions?api_key=7c0d5732c0e342db8d7e6a926ba42a30
[2026-03-17T07:44:41.672Z] error: <httpProxy> Error calling http://localhost:8096/emby/Sessions...
[2026-03-17T07:44:41.673Z] error: <httpProxy> [ 500, [AggregateError: ] { code: 'ECONNREFUSED' } ]
[2026-03-17T07:44:41.673Z] error: <jellyfinProxyHandler> HTTP Error 500 calling http://localhost:8096/emby/Sessions?api_key=7c0d5732c0e342db8d7e6a926ba42a30
[2026-03-17T07:44:42.126Z] error: <httpProxy> Error calling https://localhost:9443/api/kubernetes/1/applications/count...
[2026-03-17T07:44:42.127Z] error: <httpProxy> [ 500, [AggregateError: ] { code: 'ECONNREFUSED' } ]
[2026-03-17T07:44:42.127Z] error: <credentialedProxyHandler> HTTP Error 500 calling https://localhost:9443/api/kubernetes/1/applications/count
[2026-03-17T07:44:42.188Z] error: <httpProxy> Error calling https://localhost:9443/api/kubernetes/1/services/count...
[2026-03-17T07:44:42.189Z] error: <httpProxy> [ 500, [AggregateError: ] { code: 'ECONNREFUSED' } ]
[2026-03-17T07:44:42.189Z] error: <credentialedProxyHandler> HTTP Error 500 calling https://localhost:9443/api/kubernetes/1/services/count
[2026-03-17T07:44:42.238Z] error: <httpProxy> Error calling https://localhost:9443/api/kubernetes/1/namespaces/count...
[2026-03-17T07:44:42.238Z] error: <httpProxy> [ 500, [AggregateError: ] { code: 'ECONNREFUSED' } ]
[2026-03-17T07:44:42.239Z] error: <credentialedProxyHandler> HTTP Error 500 calling https://localhost:9443/api/kubernetes/1/namespaces/count
[2026-03-17T07:44:42.296Z] error: <httpProxy> Error calling http://localhost:8080/api/login...
[2026-03-17T07:44:42.297Z] error: <httpProxy> [ 500, [AggregateError: ] { code: 'ECONNREFUSED' } ]
[2026-03-17T07:44:42.297Z] error: <filebrowserProxyHandler> Unexpected status code 500 when logging in to Filebrowser API for service 'File Browser'
[2026-03-17T07:44:42.376Z] error: <httpProxy> Error calling http://localhost:8096/emby/Items/Counts...
[2026-03-17T07:44:42.377Z] error: <httpProxy> [ 500, [AggregateError: ] { code: 'ECONNREFUSED' } ]
[2026-03-17T07:44:42.377Z] error: <jellyfinProxyHandler> HTTP Error 500 calling http://localhost:8096/emby/Items/Counts?api_key=7c0d5732c0e342db8d7e6a926ba42a30
[2026-03-17T07:44:42.932Z] error: <httpProxy> Error calling http://localhost:8096/emby/Sessions...
[2026-03-17T07:44:42.933Z] error: <httpProxy> [ 500, [AggregateError: ] { code: 'ECONNREFUSED' } ]
[2026-03-17T07:44:42.933Z] error: <jellyfinProxyHandler> HTTP Error 500 calling http://localhost:8096/emby/Sessions?api_key=7c0d5732c0e342db8d7e6a926ba42a30
[2026-03-17T07:44:43.928Z] error: <httpProxy> Error calling https://localhost:9443/api/kubernetes/1/applications/count...
[2026-03-17T07:44:43.929Z] error: <httpProxy> [ 500, [AggregateError: ] { code: 'ECONNREFUSED' } ]
[2026-03-17T07:44:43.929Z] error: <credentialedProxyHandler> HTTP Error 500 calling https://localhost:9443/api/kubernetes/1/applications/count
[2026-03-17T07:44:44.133Z] error: <httpProxy> Error calling https://localhost:9443/api/kubernetes/1/services/count...
[2026-03-17T07:44:44.134Z] error: <httpProxy> [ 500, [AggregateError: ] { code: 'ECONNREFUSED' } ]
[2026-03-17T07:44:44.135Z] error: <credentialedProxyHandler> HTTP Error 500 calling https://localhost:9443/api/kubernetes/1/services/count
[2026-03-17T07:44:44.177Z] error: <httpProxy> Error calling https://localhost:9443/api/kubernetes/1/namespaces/count...
[2026-03-17T07:44:44.177Z] error: <httpProxy> [ 500, [AggregateError: ] { code: 'ECONNREFUSED' } ]
[2026-03-17T07:44:44.178Z] error: <credentialedProxyHandler> HTTP Error 500 calling https://localhost:9443/api/kubernetes/1/namespaces/count
[2026-03-17T07:44:44.233Z] error: <httpProxy> Error calling http://localhost:8080/api/login...
[2026-03-17T07:44:44.234Z] error: <httpProxy> [ 500, [AggregateError: ] { code: 'ECONNREFUSED' } ]
[2026-03-17T07:44:44.234Z] error: <filebrowserProxyHandler> Unexpected status code 500 when logging in to Filebrowser API for service 'File Browser'
[2026-03-17T07:44:44.269Z] error: <httpProxy> Error calling http://localhost:8096/emby/Sessions...
[2026-03-17T07:44:44.270Z] error: <httpProxy> [ 500, [AggregateError: ] { code: 'ECONNREFUSED' } ]
[2026-03-17T07:44:44.270Z] error: <jellyfinProxyHandler> HTTP Error 500 calling http://localhost:8096/emby/Sessions?api_key=7c0d5732c0e342db8d7e6a926ba42a30
[2026-03-17T07:44:44.309Z] error: <httpProxy> Error calling http://localhost:8096/emby/Items/Counts...
[2026-03-17T07:44:44.310Z] error: <httpProxy> [ 500, [AggregateError: ] { code: 'ECONNREFUSED' } ]
[2026-03-17T07:44:44.310Z] error: <jellyfinProxyHandler> HTTP Error 500 calling http://localhost:8096/emby/Items/Counts?api_key=7c0d5732c0e342db8d7e6a926ba42a30
[2026-03-17T07:44:47.975Z] error: <httpProxy> Error calling http://localhost:8096/emby/Sessions...
[2026-03-17T07:44:47.976Z] error: <httpProxy> [ 500, [AggregateError: ] { code: 'ECONNREFUSED' } ]
[2026-03-17T07:44:47.977Z] error: <jellyfinProxyHandler> HTTP Error 500 calling http://localhost:8096/emby/Sessions?api_key=7c0d5732c0e342db8d7e6a926ba42a30
[2026-03-17T07:44:48.288Z] error: <httpProxy> Error calling http://localhost:8096/emby/Sessions...
[2026-03-17T07:44:48.289Z] error: <httpProxy> [ 500, [AggregateError: ] { code: 'ECONNREFUSED' } ]
[2026-03-17T07:44:48.289Z] error: <jellyfinProxyHandler> HTTP Error 500 calling http://localhost:8096/emby/Sessions?api_key=7c0d5732c0e342db8d7e6a926ba42a30
[2026-03-17T07:44:53.007Z] error: <httpProxy> Error calling http://localhost:8096/emby/Sessions...
[2026-03-17T07:44:53.008Z] error: <httpProxy> [ 500, [AggregateError: ] { code: 'ECONNREFUSED' } ]
[2026-03-17T07:44:53.008Z] error: <jellyfinProxyHandler> HTTP Error 500 calling http://localhost:8096/emby/Sessions?api_key=7c0d5732c0e342db8d7e6a926ba42a30
[2026-03-17T07:44:58.048Z] error: <httpProxy> Error calling http://localhost:8096/emby/Sessions...
[2026-03-17T07:44:58.049Z] error: <httpProxy> [ 500, [AggregateError: ] { code: 'ECONNREFUSED' } ]
[2026-03-17T07:44:58.050Z] error: <jellyfinProxyHandler> HTTP Error 500 calling http://localhost:8096/emby/Sessions?api_key=7c0d5732c0e342db8d7e6a926ba42a30
[2026-03-17T07:45:03.093Z] error: <httpProxy> Error calling http://localhost:8096/emby/Sessions...
[2026-03-17T07:45:03.094Z] error: <httpProxy> [ 500, [AggregateError: ] { code: 'ECONNREFUSED' } ]
[2026-03-17T07:45:03.094Z] error: <jellyfinProxyHandler> HTTP Error 500 calling http://localhost:8096/emby/Sessions?api_key=7c0d5732c0e342db8d7e6a926ba42a30
[2026-03-17T07:45:08.134Z] error: <httpProxy> Error calling http://localhost:8096/emby/Sessions...
[2026-03-17T07:45:08.135Z] error: <httpProxy> [ 500, [AggregateError: ] { code: 'ECONNREFUSED' } ]
[2026-03-17T07:45:08.135Z] error: <jellyfinProxyHandler> HTTP Error 500 calling http://localhost:8096/emby/Sessions?api_key=7c0d5732c0e342db8d7e6a926ba42a30
[2026-03-17T07:45:13.172Z] error: <httpProxy> Error calling http://localhost:8096/emby/Sessions...
[2026-03-17T07:45:13.172Z] error: <httpProxy> [ 500, [AggregateError: ] { code: 'ECONNREFUSED' } ]
[2026-03-17T07:45:13.173Z] error: <jellyfinProxyHandler> HTTP Error 500 calling http://localhost:8096/emby/Sessions?api_key=7c0d5732c0e342db8d7e6a926ba42a30
[2026-03-17T07:45:18.216Z] error: <httpProxy> Error calling http://localhost:8096/emby/Sessions...
[2026-03-17T07:45:18.217Z] error: <httpProxy> [ 500, [AggregateError: ] { code: 'ECONNREFUSED' } ]
[2026-03-17T07:45:18.217Z] error: <jellyfinProxyHandler> HTTP Error 500 calling http://localhost:8096/emby/Sessions?api_key=7c0d5732c0e342db8d7e6a926ba42a30
[2026-03-17T07:45:23.251Z] error: <httpProxy> Error calling http://localhost:8096/emby/Sessions...
[2026-03-17T07:45:23.252Z] error: <httpProxy> [ 500, [AggregateError: ] { code: 'ECONNREFUSED' } ]
[2026-03-17T07:45:23.252Z] error: <jellyfinProxyHandler> HTTP Error 500 calling http://localhost:8096/emby/Sessions?api_key=7c0d5732c0e342db8d7e6a926ba42a30
[2026-03-17T07:45:24.271Z] error: <httpProxy> Error calling https://localhost:9443/api/kubernetes/1/applications/count...
[2026-03-17T07:45:24.272Z] error: <httpProxy> [ 500, [AggregateError: ] { code: 'ECONNREFUSED' } ]
[2026-03-17T07:45:24.273Z] error: <credentialedProxyHandler> HTTP Error 500 calling https://localhost:9443/api/kubernetes/1/applications/count
[2026-03-17T07:45:24.335Z] error: <httpProxy> Error calling https://localhost:9443/api/kubernetes/1/services/count...
[2026-03-17T07:45:24.336Z] error: <httpProxy> [ 500, [AggregateError: ] { code: 'ECONNREFUSED' } ]
[2026-03-17T07:45:24.336Z] error: <credentialedProxyHandler> HTTP Error 500 calling https://localhost:9443/api/kubernetes/1/services/count
[2026-03-17T07:45:24.341Z] error: <httpProxy> Error calling https://localhost:9443/api/kubernetes/1/namespaces/count...
[2026-03-17T07:45:24.342Z] error: <httpProxy> [ 500, [AggregateError: ] { code: 'ECONNREFUSED' } ]
[2026-03-17T07:45:24.342Z] error: <credentialedProxyHandler> HTTP Error 500 calling https://localhost:9443/api/kubernetes/1/namespaces/count
[2026-03-17T07:45:24.386Z] error: <httpProxy> Error calling http://localhost:8080/api/login...
[2026-03-17T07:45:24.387Z] error: <httpProxy> [ 500, [AggregateError: ] { code: 'ECONNREFUSED' } ]
[2026-03-17T07:45:24.387Z] error: <filebrowserProxyHandler> Unexpected status code 500 when logging in to Filebrowser API for service 'File Browser'
[2026-03-17T07:45:24.389Z] error: <httpProxy> Error calling http://localhost:8096/emby/Sessions...
[2026-03-17T07:45:24.390Z] error: <httpProxy> [ 500, [AggregateError: ] { code: 'ECONNREFUSED' } ]
[2026-03-17T07:45:24.390Z] error: <jellyfinProxyHandler> HTTP Error 500 calling http://localhost:8096/emby/Sessions?api_key=7c0d5732c0e342db8d7e6a926ba42a30
[2026-03-17T07:45:24.492Z] error: <httpProxy> Error calling http://localhost:8096/emby/Items/Counts...
[2026-03-17T07:45:24.493Z] error: <httpProxy> [ 500, [AggregateError: ] { code: 'ECONNREFUSED' } ]
[2026-03-17T07:45:24.493Z] error: <jellyfinProxyHandler> HTTP Error 500 calling http://localhost:8096/emby/Items/Counts?api_key=7c0d5732c0e342db8d7e6a926ba42a30
[2026-03-17T07:45:24.495Z] error: <httpProxy> Error calling http://localhost:8096/emby/Items/Counts...
[2026-03-17T07:45:24.496Z] error: <httpProxy> [ 500, [AggregateError: ] { code: 'ECONNREFUSED' } ]
[2026-03-17T07:45:24.497Z] error: <jellyfinProxyHandler> HTTP Error 500 calling http://localhost:8096/emby/Items/Counts?api_key=7c0d5732c0e342db8d7e6a926ba42a30
[2026-03-17T07:45:26.322Z] error: <httpProxy> Error calling https://localhost:9443/api/kubernetes/1/services/count...
[2026-03-17T07:45:26.323Z] error: <httpProxy> [ 500, [AggregateError: ] { code: 'ECONNREFUSED' } ]
[2026-03-17T07:45:26.323Z] error: <credentialedProxyHandler> HTTP Error 500 calling https://localhost:9443/api/kubernetes/1/services/count
[2026-03-17T07:45:26.325Z] error: <httpProxy> Error calling https://localhost:9443/api/kubernetes/1/applications/count...
[2026-03-17T07:45:26.325Z] error: <httpProxy> [ 500, [AggregateError: ] { code: 'ECONNREFUSED' } ]
[2026-03-17T07:45:26.326Z] error: <credentialedProxyHandler> HTTP Error 500 calling https://localhost:9443/api/kubernetes/1/applications/count
[2026-03-17T07:45:27.202Z] error: <httpProxy> Error calling http://localhost:8080/api/login...
[2026-03-17T07:45:27.203Z] error: <httpProxy> [ 500, [AggregateError: ] { code: 'ECONNREFUSED' } ]
[2026-03-17T07:45:27.203Z] error: <filebrowserProxyHandler> Unexpected status code 500 when logging in to Filebrowser API for service 'File Browser'
[2026-03-17T07:45:27.207Z] error: <httpProxy> Error calling https://localhost:9443/api/kubernetes/1/namespaces/count...
[2026-03-17T07:45:27.207Z] error: <httpProxy> [ 500, [AggregateError: ] { code: 'ECONNREFUSED' } ]
[2026-03-17T07:45:27.208Z] error: <credentialedProxyHandler> HTTP Error 500 calling https://localhost:9443/api/kubernetes/1/namespaces/count
[2026-03-17T07:45:28.018Z] error: <httpProxy> Error calling http://localhost:8096/emby/Sessions...
[2026-03-17T07:45:28.019Z] error: <httpProxy> [ 500, [AggregateError: ] { code: 'ECONNREFUSED' } ]
[2026-03-17T07:45:28.019Z] error: <jellyfinProxyHandler> HTTP Error 500 calling http://localhost:8096/emby/Sessions?api_key=7c0d5732c0e342db8d7e6a926ba42a30
[2026-03-17T07:45:28.021Z] error: <httpProxy> Error calling http://localhost:8096/emby/Items/Counts...
[2026-03-17T07:45:28.021Z] error: <httpProxy> [ 500, [AggregateError: ] { code: 'ECONNREFUSED' } ]
[2026-03-17T07:45:28.022Z] error: <jellyfinProxyHandler> HTTP Error 500 calling http://localhost:8096/emby/Items/Counts?api_key=7c0d5732c0e342db8d7e6a926ba42a30
[2026-03-17T07:45:28.287Z] error: <httpProxy> Error calling http://localhost:8096/emby/Sessions...
[2026-03-17T07:45:28.288Z] error: <httpProxy> [ 500, [AggregateError: ] { code: 'ECONNREFUSED' } ]
[2026-03-17T07:45:28.288Z] error: <jellyfinProxyHandler> HTTP Error 500 calling http://localhost:8096/emby/Sessions?api_key=7c0d5732c0e342db8d7e6a926ba42a30
[2026-03-17T07:45:30.719Z] error: <httpProxy> Error calling https://localhost:9443/api/kubernetes/1/applications/count...
[2026-03-17T07:45:30.720Z] error: <httpProxy> [ 500, [AggregateError: ] { code: 'ECONNREFUSED' } ]
[2026-03-17T07:45:30.721Z] error: <credentialedProxyHandler> HTTP Error 500 calling https://localhost:9443/api/kubernetes/1/applications/count
[2026-03-17T07:45:30.819Z] error: <httpProxy> Error calling https://localhost:9443/api/kubernetes/1/services/count...
[2026-03-17T07:45:30.820Z] error: <httpProxy> [ 500, [AggregateError: ] { code: 'ECONNREFUSED' } ]
[2026-03-17T07:45:30.820Z] error: <credentialedProxyHandler> HTTP Error 500 calling https://localhost:9443/api/kubernetes/1/services/count
[2026-03-17T07:45:30.825Z] error: <httpProxy> Error calling https://localhost:9443/api/kubernetes/1/namespaces/count...
[2026-03-17T07:45:30.826Z] error: <httpProxy> [ 500, [AggregateError: ] { code: 'ECONNREFUSED' } ]
[2026-03-17T07:45:30.826Z] error: <credentialedProxyHandler> HTTP Error 500 calling https://localhost:9443/api/kubernetes/1/namespaces/count
[2026-03-17T07:45:30.863Z] error: <httpProxy> Error calling http://localhost:8080/api/login...
[2026-03-17T07:45:30.864Z] error: <httpProxy> [ 500, [AggregateError: ] { code: 'ECONNREFUSED' } ]
[2026-03-17T07:45:30.864Z] error: <filebrowserProxyHandler> Unexpected status code 500 when logging in to Filebrowser API for service 'File Browser'
[2026-03-17T07:45:30.866Z] error: <httpProxy> Error calling http://localhost:8096/emby/Sessions...
[2026-03-17T07:45:30.867Z] error: <httpProxy> [ 500, [AggregateError: ] { code: 'ECONNREFUSED' } ]
[2026-03-17T07:45:30.867Z] error: <jellyfinProxyHandler> HTTP Error 500 calling http://localhost:8096/emby/Sessions?api_key=7c0d5732c0e342db8d7e6a926ba42a30
[2026-03-17T07:45:30.943Z] error: <httpProxy> Error calling http://localhost:8096/emby/Items/Counts...
[2026-03-17T07:45:30.943Z] error: <httpProxy> [ 500, [AggregateError: ] { code: 'ECONNREFUSED' } ]
[2026-03-17T07:45:30.944Z] error: <jellyfinProxyHandler> HTTP Error 500 calling http://localhost:8096/emby/Items/Counts?api_key=7c0d5732c0e342db8d7e6a926ba42a30
[2026-03-17T07:45:33.334Z] error: <httpProxy> Error calling http://localhost:8096/emby/Sessions...
[2026-03-17T07:45:33.335Z] error: <httpProxy> [ 500, [AggregateError: ] { code: 'ECONNREFUSED' } ]
[2026-03-17T07:45:33.335Z] error: <jellyfinProxyHandler> HTTP Error 500 calling http://localhost:8096/emby/Sessions?api_key=7c0d5732c0e342db8d7e6a926ba42a30
[2026-03-17T07:45:35.151Z] error: <httpProxy> Error calling http://localhost:8096/emby/Sessions...
[2026-03-17T07:45:35.152Z] error: <httpProxy> [ 500, [AggregateError: ] { code: 'ECONNREFUSED' } ]
[2026-03-17T07:45:35.152Z] error: <jellyfinProxyHandler> HTTP Error 500 calling http://localhost:8096/emby/Sessions?api_key=7c0d5732c0e342db8d7e6a926ba42a30
[2026-03-17T07:45:35.893Z] error: <httpProxy> Error calling https://localhost:9443/api/kubernetes/1/applications/count...
[2026-03-17T07:45:35.894Z] error: <httpProxy> [ 500, [AggregateError: ] { code: 'ECONNREFUSED' } ]
[2026-03-17T07:45:35.894Z] error: <credentialedProxyHandler> HTTP Error 500 calling https://localhost:9443/api/kubernetes/1/applications/count
[2026-03-17T07:45:35.948Z] error: <httpProxy> Error calling https://localhost:9443/api/kubernetes/1/services/count...
[2026-03-17T07:45:35.949Z] error: <httpProxy> [ 500, [AggregateError: ] { code: 'ECONNREFUSED' } ]
[2026-03-17T07:45:35.949Z] error: <credentialedProxyHandler> HTTP Error 500 calling https://localhost:9443/api/kubernetes/1/services/count
[2026-03-17T07:45:35.961Z] error: <httpProxy> Error calling https://localhost:9443/api/kubernetes/1/namespaces/count...
[2026-03-17T07:45:35.962Z] error: <httpProxy> [ 500, [AggregateError: ] { code: 'ECONNREFUSED' } ]
[2026-03-17T07:45:35.962Z] error: <credentialedProxyHandler> HTTP Error 500 calling https://localhost:9443/api/kubernetes/1/namespaces/count
[2026-03-17T07:45:35.991Z] error: <httpProxy> Error calling http://localhost:8080/api/login...
[2026-03-17T07:45:35.991Z] error: <httpProxy> [ 500, [AggregateError: ] { code: 'ECONNREFUSED' } ]
[2026-03-17T07:45:35.991Z] error: <filebrowserProxyHandler> Unexpected status code 500 when logging in to Filebrowser API for service 'File Browser'
[2026-03-17T07:45:36.001Z] error: <httpProxy> Error calling http://localhost:8096/emby/Items/Counts...
[2026-03-17T07:45:36.002Z] error: <httpProxy> [ 500, [AggregateError: ] { code: 'ECONNREFUSED' } ]
[2026-03-17T07:45:36.002Z] error: <jellyfinProxyHandler> HTTP Error 500 calling http://localhost:8096/emby/Items/Counts?api_key=7c0d5732c0e342db8d7e6a926ba42a30
[2026-03-17T07:45:38.373Z] error: <httpProxy> Error calling http://localhost:8096/emby/Sessions...
[2026-03-17T07:45:38.374Z] error: <httpProxy> [ 500, [AggregateError: ] { code: 'ECONNREFUSED' } ]
[2026-03-17T07:45:38.374Z] error: <jellyfinProxyHandler> HTTP Error 500 calling http://localhost:8096/emby/Sessions?api_key=7c0d5732c0e342db8d7e6a926ba42a30
[2026-03-17T07:45:40.197Z] error: <httpProxy> Error calling http://localhost:8096/emby/Sessions...
[2026-03-17T07:45:40.197Z] error: <httpProxy> [ 500, [AggregateError: ] { code: 'ECONNREFUSED' } ]
[2026-03-17T07:45:40.198Z] error: <jellyfinProxyHandler> HTTP Error 500 calling http://localhost:8096/emby/Sessions?api_key=7c0d5732c0e342db8d7e6a926ba42a30
[2026-03-17T07:45:43.413Z] error: <httpProxy> Error calling http://localhost:8096/emby/Sessions...
[2026-03-17T07:45:43.414Z] error: <httpProxy> [ 500, [AggregateError: ] { code: 'ECONNREFUSED' } ]
[2026-03-17T07:45:43.415Z] error: <jellyfinProxyHandler> HTTP Error 500 calling http://localhost:8096/emby/Sessions?api_key=7c0d5732c0e342db8d7e6a926ba42a30
[2026-03-17T07:45:48.464Z] error: <httpProxy> Error calling http://localhost:8096/emby/Sessions...
[2026-03-17T07:45:48.465Z] error: <httpProxy> [ 500, [AggregateError: ] { code: 'ECONNREFUSED' } ]
[2026-03-17T07:45:48.466Z] error: <jellyfinProxyHandler> HTTP Error 500 calling http://localhost:8096/emby/Sessions?api_key=7c0d5732c0e342db8d7e6a926ba42a30
[2026-03-17T07:45:53.674Z] error: <httpProxy> Error calling http://localhost:8096/emby/Sessions...
[2026-03-17T07:45:53.676Z] error: <httpProxy> [ 500, [AggregateError: ] { code: 'ECONNREFUSED' } ]
[2026-03-17T07:45:53.676Z] error: <jellyfinProxyHandler> HTTP Error 500 calling http://localhost:8096/emby/Sessions?api_key=7c0d5732c0e342db8d7e6a926ba42a30
[2026-03-17T07:45:53.874Z] error: <httpProxy> Error calling https://localhost:9443/api/kubernetes/1/applications/count...
[2026-03-17T07:45:53.875Z] error: <httpProxy> [ 500, [AggregateError: ] { code: 'ECONNREFUSED' } ]
[2026-03-17T07:45:53.875Z] error: <credentialedProxyHandler> HTTP Error 500 calling https://localhost:9443/api/kubernetes/1/applications/count
[2026-03-17T07:45:53.923Z] error: <httpProxy> Error calling https://localhost:9443/api/kubernetes/1/services/count...
[2026-03-17T07:45:53.924Z] error: <httpProxy> [ 500, [AggregateError: ] { code: 'ECONNREFUSED' } ]
[2026-03-17T07:45:53.924Z] error: <credentialedProxyHandler> HTTP Error 500 calling https://localhost:9443/api/kubernetes/1/services/count
[2026-03-17T07:45:53.968Z] error: <httpProxy> Error calling https://localhost:9443/api/kubernetes/1/namespaces/count...
[2026-03-17T07:45:53.969Z] error: <httpProxy> [ 500, [AggregateError: ] { code: 'ECONNREFUSED' } ]
[2026-03-17T07:45:53.969Z] error: <credentialedProxyHandler> HTTP Error 500 calling https://localhost:9443/api/kubernetes/1/namespaces/count
[2026-03-17T07:45:54.024Z] error: <httpProxy> Error calling http://localhost:8080/api/login...
[2026-03-17T07:45:54.025Z] error: <httpProxy> [ 500, [AggregateError: ] { code: 'ECONNREFUSED' } ]
[2026-03-17T07:45:54.025Z] error: <filebrowserProxyHandler> Unexpected status code 500 when logging in to Filebrowser API for service 'File Browser'
[2026-03-17T07:45:54.059Z] error: <httpProxy> Error calling http://localhost:8096/emby/Sessions...
[2026-03-17T07:45:54.060Z] error: <httpProxy> [ 500, [AggregateError: ] { code: 'ECONNREFUSED' } ]
[2026-03-17T07:45:54.060Z] error: <jellyfinProxyHandler> HTTP Error 500 calling http://localhost:8096/emby/Sessions?api_key=7c0d5732c0e342db8d7e6a926ba42a30
[2026-03-17T07:45:54.092Z] error: <httpProxy> Error calling http://localhost:8096/emby/Items/Counts...
[2026-03-17T07:45:54.093Z] error: <httpProxy> [ 500, [AggregateError: ] { code: 'ECONNREFUSED' } ]
[2026-03-17T07:45:54.093Z] error: <jellyfinProxyHandler> HTTP Error 500 calling http://localhost:8096/emby/Items/Counts?api_key=7c0d5732c0e342db8d7e6a926ba42a30
[2026-03-17T07:45:55.344Z] error: <httpProxy> Error calling https://localhost:9443/api/kubernetes/1/applications/count...
[2026-03-17T07:45:55.345Z] error: <httpProxy> [ 500, [AggregateError: ] { code: 'ECONNREFUSED' } ]
[2026-03-17T07:45:55.346Z] error: <credentialedProxyHandler> HTTP Error 500 calling https://localhost:9443/api/kubernetes/1/applications/count
[2026-03-17T07:45:55.369Z] error: <httpProxy> Error calling https://localhost:9443/api/kubernetes/1/services/count...
[2026-03-17T07:45:55.370Z] error: <httpProxy> [ 500, [AggregateError: ] { code: 'ECONNREFUSED' } ]
[2026-03-17T07:45:55.370Z] error: <credentialedProxyHandler> HTTP Error 500 calling https://localhost:9443/api/kubernetes/1/services/count
[2026-03-17T07:45:55.395Z] error: <httpProxy> Error calling https://localhost:9443/api/kubernetes/1/namespaces/count...
[2026-03-17T07:45:55.397Z] error: <httpProxy> [ 500, [AggregateError: ] { code: 'ECONNREFUSED' } ]
[2026-03-17T07:45:55.397Z] error: <credentialedProxyHandler> HTTP Error 500 calling https://localhost:9443/api/kubernetes/1/namespaces/count
[2026-03-17T07:45:55.421Z] error: <httpProxy> Error calling http://localhost:8080/api/login...
[2026-03-17T07:45:55.421Z] error: <httpProxy> [ 500, [AggregateError: ] { code: 'ECONNREFUSED' } ]
[2026-03-17T07:45:55.422Z] error: <filebrowserProxyHandler> Unexpected status code 500 when logging in to Filebrowser API for service 'File Browser'
[2026-03-17T07:45:55.443Z] error: <httpProxy> Error calling http://localhost:8096/emby/Sessions...
[2026-03-17T07:45:55.444Z] error: <httpProxy> [ 500, [AggregateError: ] { code: 'ECONNREFUSED' } ]
[2026-03-17T07:45:55.444Z] error: <jellyfinProxyHandler> HTTP Error 500 calling http://localhost:8096/emby/Sessions?api_key=7c0d5732c0e342db8d7e6a926ba42a30
[2026-03-17T07:45:55.456Z] error: <httpProxy> Error calling http://localhost:8096/emby/Items/Counts...
[2026-03-17T07:45:55.457Z] error: <httpProxy> [ 500, [AggregateError: ] { code: 'ECONNREFUSED' } ]
[2026-03-17T07:45:55.458Z] error: <jellyfinProxyHandler> HTTP Error 500 calling http://localhost:8096/emby/Items/Counts?api_key=7c0d5732c0e342db8d7e6a926ba42a30
[2026-03-17T07:45:58.719Z] error: <httpProxy> Error calling http://localhost:8096/emby/Sessions...
[2026-03-17T07:45:58.720Z] error: <httpProxy> [ 500, [AggregateError: ] { code: 'ECONNREFUSED' } ]
[2026-03-17T07:45:58.720Z] error: <jellyfinProxyHandler> HTTP Error 500 calling http://localhost:8096/emby/Sessions?api_key=7c0d5732c0e342db8d7e6a926ba42a30
[2026-03-17T07:46:02.017Z] error: <httpProxy> Error calling https://localhost:9443/api/kubernetes/1/applications/count...
[2026-03-17T07:46:02.018Z] error: <httpProxy> [ 500, [AggregateError: ] { code: 'ECONNREFUSED' } ]
[2026-03-17T07:46:02.018Z] error: <credentialedProxyHandler> HTTP Error 500 calling https://localhost:9443/api/kubernetes/1/applications/count
[2026-03-17T07:46:02.187Z] error: <httpProxy> Error calling https://localhost:9443/api/kubernetes/1/services/count...
[2026-03-17T07:46:02.187Z] error: <httpProxy> [ 500, [AggregateError: ] { code: 'ECONNREFUSED' } ]
[2026-03-17T07:46:02.187Z] error: <credentialedProxyHandler> HTTP Error 500 calling https://localhost:9443/api/kubernetes/1/services/count
[2026-03-17T07:46:02.189Z] error: <httpProxy> Error calling https://localhost:9443/api/kubernetes/1/namespaces/count...
[2026-03-17T07:46:02.189Z] error: <httpProxy> [ 500, [AggregateError: ] { code: 'ECONNREFUSED' } ]
[2026-03-17T07:46:02.189Z] error: <credentialedProxyHandler> HTTP Error 500 calling https://localhost:9443/api/kubernetes/1/namespaces/count
[2026-03-17T07:46:02.220Z] error: <httpProxy> Error calling http://localhost:8080/api/login...
[2026-03-17T07:46:02.221Z] error: <httpProxy> [ 500, [AggregateError: ] { code: 'ECONNREFUSED' } ]
[2026-03-17T07:46:02.221Z] error: <filebrowserProxyHandler> Unexpected status code 500 when logging in to Filebrowser API for service 'File Browser'
[2026-03-17T07:46:02.223Z] error: <httpProxy> Error calling http://localhost:8096/emby/Sessions...
[2026-03-17T07:46:02.223Z] error: <httpProxy> [ 500, [AggregateError: ] { code: 'ECONNREFUSED' } ]
[2026-03-17T07:46:02.223Z] error: <jellyfinProxyHandler> HTTP Error 500 calling http://localhost:8096/emby/Sessions?api_key=7c0d5732c0e342db8d7e6a926ba42a30
[2026-03-17T07:46:02.464Z] error: <httpProxy> Error calling http://localhost:8096/emby/Items/Counts...
[2026-03-17T07:46:02.465Z] error: <httpProxy> [ 500, [AggregateError: ] { code: 'ECONNREFUSED' } ]
[2026-03-17T07:46:02.465Z] error: <jellyfinProxyHandler> HTTP Error 500 calling http://localhost:8096/emby/Items/Counts?api_key=7c0d5732c0e342db8d7e6a926ba42a30
[2026-03-17T07:46:03.761Z] error: <httpProxy> Error calling http://localhost:8096/emby/Sessions...
[2026-03-17T07:46:03.762Z] error: <httpProxy> [ 500, [AggregateError: ] { code: 'ECONNREFUSED' } ]
[2026-03-17T07:46:03.763Z] error: <jellyfinProxyHandler> HTTP Error 500 calling http://localhost:8096/emby/Sessions?api_key=7c0d5732c0e342db8d7e6a926ba42a30
[2026-03-17T07:46:08.796Z] error: <httpProxy> Error calling http://localhost:8096/emby/Sessions...
[2026-03-17T07:46:08.797Z] error: <httpProxy> [ 500, [AggregateError: ] { code: 'ECONNREFUSED' } ]
[2026-03-17T07:46:08.797Z] error: <jellyfinProxyHandler> HTTP Error 500 calling http://localhost:8096/emby/Sessions?api_key=7c0d5732c0e342db8d7e6a926ba42a30
[2026-03-17T07:46:12.924Z] error: <httpProxy> Error calling https://localhost:9443/api/kubernetes/1/applications/count...
[2026-03-17T07:46:12.925Z] error: <httpProxy> [ 500, [AggregateError: ] { code: 'ECONNREFUSED' } ]
[2026-03-17T07:46:12.926Z] error: <credentialedProxyHandler> HTTP Error 500 calling https://localhost:9443/api/kubernetes/1/applications/count
[2026-03-17T07:46:12.983Z] error: <httpProxy> Error calling https://localhost:9443/api/kubernetes/1/services/count...
[2026-03-17T07:46:12.984Z] error: <httpProxy> [ 500, [AggregateError: ] { code: 'ECONNREFUSED' } ]
[2026-03-17T07:46:12.984Z] error: <credentialedProxyHandler> HTTP Error 500 calling https://localhost:9443/api/kubernetes/1/services/count
[2026-03-17T07:46:13.022Z] error: <httpProxy> Error calling https://localhost:9443/api/kubernetes/1/namespaces/count...
[2026-03-17T07:46:13.023Z] error: <httpProxy> [ 500, [AggregateError: ] { code: 'ECONNREFUSED' } ]
[2026-03-17T07:46:13.024Z] error: <credentialedProxyHandler> HTTP Error 500 calling https://localhost:9443/api/kubernetes/1/namespaces/count
[2026-03-17T07:46:13.028Z] error: <httpProxy> Error calling http://localhost:8080/api/login...
[2026-03-17T07:46:13.028Z] error: <httpProxy> [ 500, [AggregateError: ] { code: 'ECONNREFUSED' } ]
[2026-03-17T07:46:13.029Z] error: <filebrowserProxyHandler> Unexpected status code 500 when logging in to Filebrowser API for service 'File Browser'
[2026-03-17T07:46:13.080Z] error: <httpProxy> Error calling http://localhost:8096/emby/Sessions...
[2026-03-17T07:46:13.081Z] error: <httpProxy> [ 500, [AggregateError: ] { code: 'ECONNREFUSED' } ]
[2026-03-17T07:46:13.081Z] error: <jellyfinProxyHandler> HTTP Error 500 calling http://localhost:8096/emby/Sessions?api_key=7c0d5732c0e342db8d7e6a926ba42a30
[2026-03-17T07:46:13.084Z] error: <httpProxy> Error calling http://localhost:8096/emby/Items/Counts...
[2026-03-17T07:46:13.085Z] error: <httpProxy> [ 500, [AggregateError: ] { code: 'ECONNREFUSED' } ]
[2026-03-17T07:46:13.085Z] error: <jellyfinProxyHandler> HTTP Error 500 calling http://localhost:8096/emby/Items/Counts?api_key=7c0d5732c0e342db8d7e6a926ba42a30
[2026-03-17T07:46:13.974Z] error: <httpProxy> Error calling http://localhost:8096/emby/Sessions...
[2026-03-17T07:46:13.975Z] error: <httpProxy> [ 500, [AggregateError: ] { code: 'ECONNREFUSED' } ]
[2026-03-17T07:46:13.976Z] error: <jellyfinProxyHandler> HTTP Error 500 calling http://localhost:8096/emby/Sessions?api_key=7c0d5732c0e342db8d7e6a926ba42a30
[2026-03-17T07:46:14.315Z] error: <httpProxy> Error calling http://localhost:8080/api/login...
[2026-03-17T07:46:14.316Z] error: <httpProxy> [ 500, [AggregateError: ] { code: 'ECONNREFUSED' } ]
[2026-03-17T07:46:14.316Z] error: <filebrowserProxyHandler> Unexpected status code 500 when logging in to Filebrowser API for service 'File Browser'
[2026-03-17T07:46:14.340Z] error: <httpProxy> Error calling http://localhost:8096/emby/Sessions...
[2026-03-17T07:46:14.340Z] error: <httpProxy> [ 500, [AggregateError: ] { code: 'ECONNREFUSED' } ]
[2026-03-17T07:46:14.340Z] error: <jellyfinProxyHandler> HTTP Error 500 calling http://localhost:8096/emby/Sessions?api_key=7c0d5732c0e342db8d7e6a926ba42a30
[2026-03-17T07:46:14.369Z] error: <httpProxy> Error calling http://localhost:8096/emby/Items/Counts...
[2026-03-17T07:46:14.370Z] error: <httpProxy> [ 500, [AggregateError: ] { code: 'ECONNREFUSED' } ]
[2026-03-17T07:46:14.370Z] error: <jellyfinProxyHandler> HTTP Error 500 calling http://localhost:8096/emby/Items/Counts?api_key=7c0d5732c0e342db8d7e6a926ba42a30
[2026-03-17T07:46:14.381Z] error: <httpProxy> Error calling https://localhost:9443/api/kubernetes/1/applications/count...
[2026-03-17T07:46:14.382Z] error: <httpProxy> [ 500, [AggregateError: ] { code: 'ECONNREFUSED' } ]
[2026-03-17T07:46:14.382Z] error: <credentialedProxyHandler> HTTP Error 500 calling https://localhost:9443/api/kubernetes/1/applications/count
[2026-03-17T07:46:14.417Z] error: <httpProxy> Error calling https://localhost:9443/api/kubernetes/1/services/count...
[2026-03-17T07:46:14.418Z] error: <httpProxy> [ 500, [AggregateError: ] { code: 'ECONNREFUSED' } ]
[2026-03-17T07:46:14.418Z] error: <credentialedProxyHandler> HTTP Error 500 calling https://localhost:9443/api/kubernetes/1/services/count
[2026-03-17T07:46:14.421Z] error: <httpProxy> Error calling https://localhost:9443/api/kubernetes/1/namespaces/count...
[2026-03-17T07:46:14.422Z] error: <httpProxy> [ 500, [AggregateError: ] { code: 'ECONNREFUSED' } ]
[2026-03-17T07:46:14.422Z] error: <credentialedProxyHandler> HTTP Error 500 calling https://localhost:9443/api/kubernetes/1/namespaces/count
[2026-03-17T07:46:18.933Z] error: <httpProxy> Error calling http://localhost:8096/emby/Sessions...
[2026-03-17T07:46:18.934Z] error: <httpProxy> [ 500, [AggregateError: ] { code: 'ECONNREFUSED' } ]
[2026-03-17T07:46:18.934Z] error: <jellyfinProxyHandler> HTTP Error 500 calling http://localhost:8096/emby/Sessions?api_key=7c0d5732c0e342db8d7e6a926ba42a30
[2026-03-17T07:46:19.020Z] error: <httpProxy> Error calling http://localhost:8096/emby/Sessions...
[2026-03-17T07:46:19.021Z] error: <httpProxy> [ 500, [AggregateError: ] { code: 'ECONNREFUSED' } ]
[2026-03-17T07:46:19.021Z] error: <jellyfinProxyHandler> HTTP Error 500 calling http://localhost:8096/emby/Sessions?api_key=7c0d5732c0e342db8d7e6a926ba42a30
[2026-03-17T07:46:23.976Z] error: <httpProxy> Error calling http://localhost:8096/emby/Sessions...
[2026-03-17T07:46:23.978Z] error: <httpProxy> [ 500, [AggregateError: ] { code: 'ECONNREFUSED' } ]
[2026-03-17T07:46:23.978Z] error: <jellyfinProxyHandler> HTTP Error 500 calling http://localhost:8096/emby/Sessions?api_key=7c0d5732c0e342db8d7e6a926ba42a30
[2026-03-17T07:46:24.065Z] error: <httpProxy> Error calling http://localhost:8096/emby/Sessions...
[2026-03-17T07:46:24.066Z] error: <httpProxy> [ 500, [AggregateError: ] { code: 'ECONNREFUSED' } ]
[2026-03-17T07:46:24.066Z] error: <jellyfinProxyHandler> HTTP Error 500 calling http://localhost:8096/emby/Sessions?api_key=7c0d5732c0e342db8d7e6a926ba42a30
[2026-03-17T07:46:24.541Z] error: <httpProxy> Error calling http://localhost:8096/emby/Items/Counts...
[2026-03-17T07:46:24.542Z] error: <httpProxy> [ 500, [AggregateError: ] { code: 'ECONNREFUSED' } ]
[2026-03-17T07:46:24.542Z] error: <jellyfinProxyHandler> HTTP Error 500 calling http://localhost:8096/emby/Items/Counts?api_key=7c0d5732c0e342db8d7e6a926ba42a30
[2026-03-17T07:46:29.103Z] error: <httpProxy> Error calling http://localhost:8096/emby/Sessions...
[2026-03-17T07:46:29.103Z] error: <httpProxy> [ 500, [AggregateError: ] { code: 'ECONNREFUSED' } ]
[2026-03-17T07:46:29.104Z] error: <jellyfinProxyHandler> HTTP Error 500 calling http://localhost:8096/emby/Sessions?api_key=7c0d5732c0e342db8d7e6a926ba42a30
[2026-03-17T07:46:30.194Z] error: <httpProxy> Error calling http://localhost:8080/api/login...
[2026-03-17T07:46:30.195Z] error: <httpProxy> [ 500, [AggregateError: ] { code: 'ECONNREFUSED' } ]
[2026-03-17T07:46:30.195Z] error: <filebrowserProxyHandler> Unexpected status code 500 when logging in to Filebrowser API for service 'File Browser'
[2026-03-17T07:46:30.239Z] error: <httpProxy> Error calling http://localhost:8096/emby/Sessions...
[2026-03-17T07:46:30.240Z] error: <httpProxy> [ 500, [AggregateError: ] { code: 'ECONNREFUSED' } ]
[2026-03-17T07:46:30.241Z] error: <jellyfinProxyHandler> HTTP Error 500 calling http://localhost:8096/emby/Sessions?api_key=7c0d5732c0e342db8d7e6a926ba42a30
[2026-03-17T07:46:30.294Z] error: <httpProxy> Error calling http://localhost:8096/emby/Items/Counts...
[2026-03-17T07:46:30.294Z] error: <httpProxy> [ 500, [AggregateError: ] { code: 'ECONNREFUSED' } ]
[2026-03-17T07:46:30.294Z] error: <jellyfinProxyHandler> HTTP Error 500 calling http://localhost:8096/emby/Items/Counts?api_key=7c0d5732c0e342db8d7e6a926ba42a30
[2026-03-17T07:46:30.298Z] error: <httpProxy> Error calling https://localhost:9443/api/kubernetes/1/applications/count...
[2026-03-17T07:46:30.299Z] error: <httpProxy> [ 500, [AggregateError: ] { code: 'ECONNREFUSED' } ]
[2026-03-17T07:46:30.300Z] error: <credentialedProxyHandler> HTTP Error 500 calling https://localhost:9443/api/kubernetes/1/applications/count
[2026-03-17T07:46:30.338Z] error: <httpProxy> Error calling https://localhost:9443/api/kubernetes/1/services/count...
[2026-03-17T07:46:30.338Z] error: <httpProxy> [ 500, [AggregateError: ] { code: 'ECONNREFUSED' } ]
[2026-03-17T07:46:30.339Z] error: <credentialedProxyHandler> HTTP Error 500 calling https://localhost:9443/api/kubernetes/1/services/count
[2026-03-17T07:46:30.340Z] error: <httpProxy> Error calling https://localhost:9443/api/kubernetes/1/namespaces/count...
[2026-03-17T07:46:30.341Z] error: <httpProxy> [ 500, [AggregateError: ] { code: 'ECONNREFUSED' } ]
[2026-03-17T07:46:30.341Z] error: <credentialedProxyHandler> HTTP Error 500 calling https://localhost:9443/api/kubernetes/1/namespaces/count
[2026-03-17T07:46:31.568Z] error: <httpProxy> Error calling https://localhost:9443/api/kubernetes/1/applications/count...
[2026-03-17T07:46:31.569Z] error: <httpProxy> [ 500, [AggregateError: ] { code: 'ECONNREFUSED' } ]
[2026-03-17T07:46:31.569Z] error: <credentialedProxyHandler> HTTP Error 500 calling https://localhost:9443/api/kubernetes/1/applications/count
[2026-03-17T07:46:31.571Z] error: <httpProxy> Error calling https://localhost:9443/api/kubernetes/1/services/count...
[2026-03-17T07:46:31.571Z] error: <httpProxy> [ 500, [AggregateError: ] { code: 'ECONNREFUSED' } ]
[2026-03-17T07:46:31.572Z] error: <credentialedProxyHandler> HTTP Error 500 calling https://localhost:9443/api/kubernetes/1/services/count
[2026-03-17T07:46:31.610Z] error: <httpProxy> Error calling https://localhost:9443/api/kubernetes/1/namespaces/count...
[2026-03-17T07:46:31.611Z] error: <httpProxy> [ 500, [AggregateError: ] { code: 'ECONNREFUSED' } ]
[2026-03-17T07:46:31.611Z] error: <credentialedProxyHandler> HTTP Error 500 calling https://localhost:9443/api/kubernetes/1/namespaces/count
[2026-03-17T07:46:31.612Z] error: <httpProxy> Error calling http://localhost:8080/api/login...
[2026-03-17T07:46:31.613Z] error: <httpProxy> [ 500, [AggregateError: ] { code: 'ECONNREFUSED' } ]
[2026-03-17T07:46:31.613Z] error: <filebrowserProxyHandler> Unexpected status code 500 when logging in to Filebrowser API for service 'File Browser'
[2026-03-17T07:46:31.646Z] error: <httpProxy> Error calling http://localhost:8096/emby/Sessions...
[2026-03-17T07:46:31.647Z] error: <httpProxy> [ 500, [AggregateError: ] { code: 'ECONNREFUSED' } ]
[2026-03-17T07:46:31.647Z] error: <jellyfinProxyHandler> HTTP Error 500 calling http://localhost:8096/emby/Sessions?api_key=7c0d5732c0e342db8d7e6a926ba42a30
[2026-03-17T07:46:31.650Z] error: <httpProxy> Error calling http://localhost:8096/emby/Items/Counts...
[2026-03-17T07:46:31.650Z] error: <httpProxy> [ 500, [AggregateError: ] { code: 'ECONNREFUSED' } ]
[2026-03-17T07:46:31.651Z] error: <jellyfinProxyHandler> HTTP Error 500 calling http://localhost:8096/emby/Items/Counts?api_key=7c0d5732c0e342db8d7e6a926ba42a30
[2026-03-17T07:46:34.138Z] error: <httpProxy> Error calling http://localhost:8096/emby/Sessions...
[2026-03-17T07:46:34.139Z] error: <httpProxy> [ 500, [AggregateError: ] { code: 'ECONNREFUSED' } ]
[2026-03-17T07:46:34.139Z] error: <jellyfinProxyHandler> HTTP Error 500 calling http://localhost:8096/emby/Sessions?api_key=7c0d5732c0e342db8d7e6a926ba42a30
[2026-03-17T07:46:39.186Z] error: <httpProxy> Error calling http://localhost:8096/emby/Sessions...
[2026-03-17T07:46:39.187Z] error: <httpProxy> [ 500, [AggregateError: ] { code: 'ECONNREFUSED' } ]
[2026-03-17T07:46:39.187Z] error: <jellyfinProxyHandler> HTTP Error 500 calling http://localhost:8096/emby/Sessions?api_key=7c0d5732c0e342db8d7e6a926ba42a30
[2026-03-17T07:46:40.581Z] error: <httpProxy> Error calling https://localhost:9443/api/kubernetes/1/applications/count...
[2026-03-17T07:46:40.582Z] error: <httpProxy> [ 500, [AggregateError: ] { code: 'ECONNREFUSED' } ]
[2026-03-17T07:46:40.583Z] error: <credentialedProxyHandler> HTTP Error 500 calling https://localhost:9443/api/kubernetes/1/applications/count
[2026-03-17T07:46:40.627Z] error: <httpProxy> Error calling https://localhost:9443/api/kubernetes/1/services/count...
[2026-03-17T07:46:40.628Z] error: <httpProxy> [ 500, [AggregateError: ] { code: 'ECONNREFUSED' } ]
[2026-03-17T07:46:40.628Z] error: <credentialedProxyHandler> HTTP Error 500 calling https://localhost:9443/api/kubernetes/1/services/count
[2026-03-17T07:46:40.665Z] error: <httpProxy> Error calling https://localhost:9443/api/kubernetes/1/namespaces/count...
[2026-03-17T07:46:40.666Z] error: <httpProxy> [ 500, [AggregateError: ] { code: 'ECONNREFUSED' } ]
[2026-03-17T07:46:40.666Z] error: <credentialedProxyHandler> HTTP Error 500 calling https://localhost:9443/api/kubernetes/1/namespaces/count
[2026-03-17T07:46:40.695Z] error: <httpProxy> Error calling http://localhost:8080/api/login...
[2026-03-17T07:46:40.695Z] error: <httpProxy> [ 500, [AggregateError: ] { code: 'ECONNREFUSED' } ]
[2026-03-17T07:46:40.696Z] error: <filebrowserProxyHandler> Unexpected status code 500 when logging in to Filebrowser API for service 'File Browser'
[2026-03-17T07:46:40.698Z] error: <httpProxy> Error calling http://localhost:8096/emby/Sessions...
[2026-03-17T07:46:40.699Z] error: <httpProxy> [ 500, [AggregateError: ] { code: 'ECONNREFUSED' } ]
[2026-03-17T07:46:40.699Z] error: <jellyfinProxyHandler> HTTP Error 500 calling http://localhost:8096/emby/Sessions?api_key=7c0d5732c0e342db8d7e6a926ba42a30
[2026-03-17T07:46:40.776Z] error: <httpProxy> Error calling http://localhost:8096/emby/Items/Counts...
[2026-03-17T07:46:40.776Z] error: <httpProxy> [ 500, [AggregateError: ] { code: 'ECONNREFUSED' } ]
[2026-03-17T07:46:40.777Z] error: <jellyfinProxyHandler> HTTP Error 500 calling http://localhost:8096/emby/Items/Counts?api_key=7c0d5732c0e342db8d7e6a926ba42a30
[2026-03-17T07:46:41.730Z] error: <httpProxy> Error calling http://localhost:8080/api/login...
[2026-03-17T07:46:41.731Z] error: <httpProxy> [ 500, [AggregateError: ] { code: 'ECONNREFUSED' } ]
[2026-03-17T07:46:41.731Z] error: <filebrowserProxyHandler> Unexpected status code 500 when logging in to Filebrowser API for service 'File Browser'
[2026-03-17T07:46:41.764Z] error: <httpProxy> Error calling https://localhost:9443/api/kubernetes/1/services/count...
[2026-03-17T07:46:41.765Z] error: <httpProxy> [ 500, [AggregateError: ] { code: 'ECONNREFUSED' } ]
[2026-03-17T07:46:41.765Z] error: <credentialedProxyHandler> HTTP Error 500 calling https://localhost:9443/api/kubernetes/1/services/count
[2026-03-17T07:46:41.774Z] error: <httpProxy> Error calling https://localhost:9443/api/kubernetes/1/applications/count...
[2026-03-17T07:46:41.774Z] error: <httpProxy> [ 500, [AggregateError: ] { code: 'ECONNREFUSED' } ]
[2026-03-17T07:46:41.775Z] error: <credentialedProxyHandler> HTTP Error 500 calling https://localhost:9443/api/kubernetes/1/applications/count
[2026-03-17T07:46:41.815Z] error: <httpProxy> Error calling https://localhost:9443/api/kubernetes/1/namespaces/count...
[2026-03-17T07:46:41.816Z] error: <httpProxy> [ 500, [AggregateError: ] { code: 'ECONNREFUSED' } ]
[2026-03-17T07:46:41.816Z] error: <credentialedProxyHandler> HTTP Error 500 calling https://localhost:9443/api/kubernetes/1/namespaces/count
[2026-03-17T07:46:41.819Z] error: <httpProxy> Error calling http://localhost:8096/emby/Sessions...
[2026-03-17T07:46:41.820Z] error: <httpProxy> [ 500, [AggregateError: ] { code: 'ECONNREFUSED' } ]
[2026-03-17T07:46:41.820Z] error: <jellyfinProxyHandler> HTTP Error 500 calling http://localhost:8096/emby/Sessions?api_key=7c0d5732c0e342db8d7e6a926ba42a30
[2026-03-17T07:46:41.846Z] error: <httpProxy> Error calling http://localhost:8096/emby/Items/Counts...
[2026-03-17T07:46:41.847Z] error: <httpProxy> [ 500, [AggregateError: ] { code: 'ECONNREFUSED' } ]
[2026-03-17T07:46:41.847Z] error: <jellyfinProxyHandler> HTTP Error 500 calling http://localhost:8096/emby/Items/Counts?api_key=7c0d5732c0e342db8d7e6a926ba42a30
[2026-03-17T07:46:44.232Z] error: <httpProxy> Error calling http://localhost:8096/emby/Sessions...
[2026-03-17T07:46:44.233Z] error: <httpProxy> [ 500, [AggregateError: ] { code: 'ECONNREFUSED' } ]
[2026-03-17T07:46:44.233Z] error: <jellyfinProxyHandler> HTTP Error 500 calling http://localhost:8096/emby/Sessions?api_key=7c0d5732c0e342db8d7e6a926ba42a30
[2026-03-17T07:46:46.394Z] error: <httpProxy> Error calling http://localhost:8096/emby/Sessions...
[2026-03-17T07:46:46.395Z] error: <httpProxy> [ 500, [AggregateError: ] { code: 'ECONNREFUSED' } ]
[2026-03-17T07:46:46.395Z] error: <jellyfinProxyHandler> HTTP Error 500 calling http://localhost:8096/emby/Sessions?api_key=7c0d5732c0e342db8d7e6a926ba42a30
[2026-03-17T07:46:49.269Z] error: <httpProxy> Error calling http://localhost:8096/emby/Sessions...
[2026-03-17T07:46:49.270Z] error: <httpProxy> [ 500, [AggregateError: ] { code: 'ECONNREFUSED' } ]
[2026-03-17T07:46:49.270Z] error: <jellyfinProxyHandler> HTTP Error 500 calling http://localhost:8096/emby/Sessions?api_key=7c0d5732c0e342db8d7e6a926ba42a30
[2026-03-17T07:46:51.630Z] error: <httpProxy> Error calling http://localhost:8080/api/login...
[2026-03-17T07:46:51.631Z] error: <httpProxy> [ 500, [AggregateError: ] { code: 'ECONNREFUSED' } ]
[2026-03-17T07:46:51.631Z] error: <filebrowserProxyHandler> Unexpected status code 500 when logging in to Filebrowser API for service 'File Browser'
[2026-03-17T07:46:51.679Z] error: <httpProxy> Error calling https://localhost:9443/api/kubernetes/1/services/count...
[2026-03-17T07:46:51.682Z] error: <httpProxy> [ 500, [AggregateError: ] { code: 'ECONNREFUSED' } ]
[2026-03-17T07:46:51.682Z] error: <credentialedProxyHandler> HTTP Error 500 calling https://localhost:9443/api/kubernetes/1/services/count
[2026-03-17T07:46:51.689Z] error: <httpProxy> Error calling https://localhost:9443/api/kubernetes/1/applications/count...
[2026-03-17T07:46:51.692Z] error: <httpProxy> [ 500, [AggregateError: ] { code: 'ECONNREFUSED' } ]
[2026-03-17T07:46:51.693Z] error: <credentialedProxyHandler> HTTP Error 500 calling https://localhost:9443/api/kubernetes/1/applications/count
[2026-03-17T07:46:51.720Z] error: <httpProxy> Error calling https://localhost:9443/api/kubernetes/1/namespaces/count...
[2026-03-17T07:46:51.720Z] error: <httpProxy> [ 500, [AggregateError: ] { code: 'ECONNREFUSED' } ]
[2026-03-17T07:46:51.721Z] error: <credentialedProxyHandler> HTTP Error 500 calling https://localhost:9443/api/kubernetes/1/namespaces/count
[2026-03-17T07:46:51.731Z] error: <httpProxy> Error calling http://localhost:8096/emby/Sessions...
[2026-03-17T07:46:51.731Z] error: <httpProxy> [ 500, [AggregateError: ] { code: 'ECONNREFUSED' } ]
[2026-03-17T07:46:51.732Z] error: <jellyfinProxyHandler> HTTP Error 500 calling http://localhost:8096/emby/Sessions?api_key=7c0d5732c0e342db8d7e6a926ba42a30
[2026-03-17T07:46:51.763Z] error: <httpProxy> Error calling http://localhost:8096/emby/Items/Counts...
[2026-03-17T07:46:51.764Z] error: <httpProxy> [ 500, [AggregateError: ] { code: 'ECONNREFUSED' } ]
[2026-03-17T07:46:51.764Z] error: <jellyfinProxyHandler> HTTP Error 500 calling http://localhost:8096/emby/Items/Counts?api_key=7c0d5732c0e342db8d7e6a926ba42a30
[2026-03-17T07:46:54.315Z] error: <httpProxy> Error calling http://localhost:8096/emby/Sessions...
[2026-03-17T07:46:54.316Z] error: <httpProxy> [ 500, [AggregateError: ] { code: 'ECONNREFUSED' } ]
[2026-03-17T07:46:54.316Z] error: <jellyfinProxyHandler> HTTP Error 500 calling http://localhost:8096/emby/Sessions?api_key=7c0d5732c0e342db8d7e6a926ba42a30
[2026-03-17T07:46:55.172Z] error: <httpProxy> Error calling https://localhost:9443/api/kubernetes/1/applications/count...
[2026-03-17T07:46:55.173Z] error: <httpProxy> [ 500, [AggregateError: ] { code: 'ECONNREFUSED' } ]
[2026-03-17T07:46:55.173Z] error: <credentialedProxyHandler> HTTP Error 500 calling https://localhost:9443/api/kubernetes/1/applications/count
[2026-03-17T07:46:55.206Z] error: <httpProxy> Error calling https://localhost:9443/api/kubernetes/1/services/count...
[2026-03-17T07:46:55.207Z] error: <httpProxy> [ 500, [AggregateError: ] { code: 'ECONNREFUSED' } ]
[2026-03-17T07:46:55.207Z] error: <credentialedProxyHandler> HTTP Error 500 calling https://localhost:9443/api/kubernetes/1/services/count
[2026-03-17T07:46:55.240Z] error: <httpProxy> Error calling https://localhost:9443/api/kubernetes/1/namespaces/count...
[2026-03-17T07:46:55.241Z] error: <httpProxy> [ 500, [AggregateError: ] { code: 'ECONNREFUSED' } ]
[2026-03-17T07:46:55.241Z] error: <credentialedProxyHandler> HTTP Error 500 calling https://localhost:9443/api/kubernetes/1/namespaces/count
[2026-03-17T07:46:55.268Z] error: <httpProxy> Error calling http://localhost:8080/api/login...
[2026-03-17T07:46:55.269Z] error: <httpProxy> [ 500, [AggregateError: ] { code: 'ECONNREFUSED' } ]
[2026-03-17T07:46:55.269Z] error: <filebrowserProxyHandler> Unexpected status code 500 when logging in to Filebrowser API for service 'File Browser'
[2026-03-17T07:46:55.296Z] error: <httpProxy> Error calling http://localhost:8096/emby/Sessions...
[2026-03-17T07:46:55.297Z] error: <httpProxy> [ 500, [AggregateError: ] { code: 'ECONNREFUSED' } ]
[2026-03-17T07:46:55.297Z] error: <jellyfinProxyHandler> HTTP Error 500 calling http://localhost:8096/emby/Sessions?api_key=7c0d5732c0e342db8d7e6a926ba42a30
[2026-03-17T07:46:55.332Z] error: <httpProxy> Error calling http://localhost:8096/emby/Items/Counts...
[2026-03-17T07:46:55.332Z] error: <httpProxy> [ 500, [AggregateError: ] { code: 'ECONNREFUSED' } ]
[2026-03-17T07:46:55.332Z] error: <jellyfinProxyHandler> HTTP Error 500 calling http://localhost:8096/emby/Items/Counts?api_key=7c0d5732c0e342db8d7e6a926ba42a30
[2026-03-17T07:46:59.350Z] error: <httpProxy> Error calling http://localhost:8096/emby/Sessions...
[2026-03-17T07:46:59.351Z] error: <httpProxy> [ 500, [AggregateError: ] { code: 'ECONNREFUSED' } ]
[2026-03-17T07:46:59.351Z] error: <jellyfinProxyHandler> HTTP Error 500 calling http://localhost:8096/emby/Sessions?api_key=7c0d5732c0e342db8d7e6a926ba42a30
[2026-03-17T07:46:59.631Z] error: <httpProxy> Error calling http://localhost:8096/emby/Sessions...
[2026-03-17T07:46:59.631Z] error: <httpProxy> [ 500, [AggregateError: ] { code: 'ECONNREFUSED' } ]
[2026-03-17T07:46:59.632Z] error: <jellyfinProxyHandler> HTTP Error 500 calling http://localhost:8096/emby/Sessions?api_key=7c0d5732c0e342db8d7e6a926ba42a30
[2026-03-17T07:47:04.398Z] error: <httpProxy> Error calling http://localhost:8096/emby/Sessions...
[2026-03-17T07:47:04.399Z] error: <httpProxy> [ 500, [AggregateError: ] { code: 'ECONNREFUSED' } ]
[2026-03-17T07:47:04.399Z] error: <jellyfinProxyHandler> HTTP Error 500 calling http://localhost:8096/emby/Sessions?api_key=7c0d5732c0e342db8d7e6a926ba42a30
[2026-03-17T07:47:09.435Z] error: <httpProxy> Error calling http://localhost:8096/emby/Sessions...
[2026-03-17T07:47:09.436Z] error: <httpProxy> [ 500, [AggregateError: ] { code: 'ECONNREFUSED' } ]
[2026-03-17T07:47:09.436Z] error: <jellyfinProxyHandler> HTTP Error 500 calling http://localhost:8096/emby/Sessions?api_key=7c0d5732c0e342db8d7e6a926ba42a30
[2026-03-17T07:47:11.995Z] error: <httpProxy> Error calling https://localhost:9443/api/kubernetes/1/applications/count...
[2026-03-17T07:47:11.995Z] error: <httpProxy> [ 500, [AggregateError: ] { code: 'ECONNREFUSED' } ]
[2026-03-17T07:47:11.995Z] error: <credentialedProxyHandler> HTTP Error 500 calling https://localhost:9443/api/kubernetes/1/applications/count
[2026-03-17T07:47:12.031Z] error: <httpProxy> Error calling https://localhost:9443/api/kubernetes/1/services/count...
[2026-03-17T07:47:12.032Z] error: <httpProxy> [ 500, [AggregateError: ] { code: 'ECONNREFUSED' } ]
[2026-03-17T07:47:12.032Z] error: <credentialedProxyHandler> HTTP Error 500 calling https://localhost:9443/api/kubernetes/1/services/count
[2026-03-17T07:47:12.082Z] error: <httpProxy> Error calling http://localhost:8080/api/login...
[2026-03-17T07:47:12.083Z] error: <httpProxy> [ 500, [AggregateError: ] { code: 'ECONNREFUSED' } ]
[2026-03-17T07:47:12.083Z] error: <filebrowserProxyHandler> Unexpected status code 500 when logging in to Filebrowser API for service 'File Browser'
[2026-03-17T07:47:12.085Z] error: <httpProxy> Error calling https://localhost:9443/api/kubernetes/1/namespaces/count...
[2026-03-17T07:47:12.085Z] error: <httpProxy> [ 500, [AggregateError: ] { code: 'ECONNREFUSED' } ]
[2026-03-17T07:47:12.086Z] error: <credentialedProxyHandler> HTTP Error 500 calling https://localhost:9443/api/kubernetes/1/namespaces/count
[2026-03-17T07:47:12.140Z] error: <httpProxy> Error calling http://localhost:8096/emby/Sessions...
[2026-03-17T07:47:12.141Z] error: <httpProxy> [ 500, [AggregateError: ] { code: 'ECONNREFUSED' } ]
[2026-03-17T07:47:12.141Z] error: <jellyfinProxyHandler> HTTP Error 500 calling http://localhost:8096/emby/Sessions?api_key=7c0d5732c0e342db8d7e6a926ba42a30
[2026-03-17T07:47:12.144Z] error: <httpProxy> Error calling http://localhost:8096/emby/Items/Counts...
[2026-03-17T07:47:12.144Z] error: <httpProxy> [ 500, [AggregateError: ] { code: 'ECONNREFUSED' } ]
[2026-03-17T07:47:12.145Z] error: <jellyfinProxyHandler> HTTP Error 500 calling http://localhost:8096/emby/Items/Counts?api_key=7c0d5732c0e342db8d7e6a926ba42a30
[2026-03-17T07:47:13.632Z] error: <httpProxy> Error calling http://localhost:8080/api/login...
[2026-03-17T07:47:13.633Z] error: <httpProxy> [ 500, [AggregateError: ] { code: 'ECONNREFUSED' } ]
[2026-03-17T07:47:13.633Z] error: <filebrowserProxyHandler> Unexpected status code 500 when logging in to Filebrowser API for service 'File Browser'
[2026-03-17T07:47:13.661Z] error: <httpProxy> Error calling https://localhost:9443/api/kubernetes/1/applications/count...
[2026-03-17T07:47:13.662Z] error: <httpProxy> [ 500, [AggregateError: ] { code: 'ECONNREFUSED' } ]
[2026-03-17T07:47:13.662Z] error: <credentialedProxyHandler> HTTP Error 500 calling https://localhost:9443/api/kubernetes/1/applications/count
[2026-03-17T07:47:13.698Z] error: <httpProxy> Error calling https://localhost:9443/api/kubernetes/1/services/count...
[2026-03-17T07:47:13.699Z] error: <httpProxy> [ 500, [AggregateError: ] { code: 'ECONNREFUSED' } ]
[2026-03-17T07:47:13.699Z] error: <credentialedProxyHandler> HTTP Error 500 calling https://localhost:9443/api/kubernetes/1/services/count
[2026-03-17T07:47:13.742Z] error: <httpProxy> Error calling https://localhost:9443/api/kubernetes/1/namespaces/count...
[2026-03-17T07:47:13.742Z] error: <httpProxy> [ 500, [AggregateError: ] { code: 'ECONNREFUSED' } ]
[2026-03-17T07:47:13.743Z] error: <credentialedProxyHandler> HTTP Error 500 calling https://localhost:9443/api/kubernetes/1/namespaces/count
[2026-03-17T07:47:13.781Z] error: <httpProxy> Error calling http://localhost:8096/emby/Sessions...
[2026-03-17T07:47:13.782Z] error: <httpProxy> [ 500, [AggregateError: ] { code: 'ECONNREFUSED' } ]
[2026-03-17T07:47:13.782Z] error: <jellyfinProxyHandler> HTTP Error 500 calling http://localhost:8096/emby/Sessions?api_key=7c0d5732c0e342db8d7e6a926ba42a30
[2026-03-17T07:47:13.814Z] error: <httpProxy> Error calling http://localhost:8096/emby/Items/Counts...
[2026-03-17T07:47:13.815Z] error: <httpProxy> [ 500, [AggregateError: ] { code: 'ECONNREFUSED' } ]
[2026-03-17T07:47:13.816Z] error: <jellyfinProxyHandler> HTTP Error 500 calling http://localhost:8096/emby/Items/Counts?api_key=7c0d5732c0e342db8d7e6a926ba42a30
[2026-03-17T07:47:14.476Z] error: <httpProxy> Error calling http://localhost:8096/emby/Sessions...
[2026-03-17T07:47:14.477Z] error: <httpProxy> [ 500, [AggregateError: ] { code: 'ECONNREFUSED' } ]
[2026-03-17T07:47:14.478Z] error: <jellyfinProxyHandler> HTTP Error 500 calling http://localhost:8096/emby/Sessions?api_key=7c0d5732c0e342db8d7e6a926ba42a30
[2026-03-17T07:47:19.506Z] error: <httpProxy> Error calling http://localhost:8096/emby/Sessions...
[2026-03-17T07:47:19.506Z] error: <httpProxy> [ 500, [AggregateError: ] { code: 'ECONNREFUSED' } ]
[2026-03-17T07:47:19.507Z] error: <jellyfinProxyHandler> HTTP Error 500 calling http://localhost:8096/emby/Sessions?api_key=7c0d5732c0e342db8d7e6a926ba42a30
[2026-03-17T07:47:24.551Z] error: <httpProxy> Error calling http://localhost:8096/emby/Sessions...
[2026-03-17T07:47:24.551Z] error: <httpProxy> [ 500, [AggregateError: ] { code: 'ECONNREFUSED' } ]
[2026-03-17T07:47:24.552Z] error: <jellyfinProxyHandler> HTTP Error 500 calling http://localhost:8096/emby/Sessions?api_key=7c0d5732c0e342db8d7e6a926ba42a30
[2026-03-17T07:47:24.580Z] error: <httpProxy> Error calling http://localhost:8096/emby/Items/Counts...
[2026-03-17T07:47:24.581Z] error: <httpProxy> [ 500, [AggregateError: ] { code: 'ECONNREFUSED' } ]
[2026-03-17T07:47:24.581Z] error: <jellyfinProxyHandler> HTTP Error 500 calling http://localhost:8096/emby/Items/Counts?api_key=7c0d5732c0e342db8d7e6a926ba42a30
[2026-03-17T07:47:29.582Z] error: <httpProxy> Error calling http://localhost:8096/emby/Sessions...
[2026-03-17T07:47:29.583Z] error: <httpProxy> [ 500, [AggregateError: ] { code: 'ECONNREFUSED' } ]
[2026-03-17T07:47:29.584Z] error: <jellyfinProxyHandler> HTTP Error 500 calling http://localhost:8096/emby/Sessions?api_key=7c0d5732c0e342db8d7e6a926ba42a30
[2026-03-17T07:47:34.630Z] error: <httpProxy> Error calling http://localhost:8096/emby/Sessions...
[2026-03-17T07:47:34.631Z] error: <httpProxy> [ 500, [AggregateError: ] { code: 'ECONNREFUSED' } ]
[2026-03-17T07:47:34.631Z] error: <jellyfinProxyHandler> HTTP Error 500 calling http://localhost:8096/emby/Sessions?api_key=7c0d5732c0e342db8d7e6a926ba42a30
[2026-03-17T07:47:39.671Z] error: <httpProxy> Error calling http://localhost:8096/emby/Sessions...
[2026-03-17T07:47:39.672Z] error: <httpProxy> [ 500, [AggregateError: ] { code: 'ECONNREFUSED' } ]
[2026-03-17T07:47:39.672Z] error: <jellyfinProxyHandler> HTTP Error 500 calling http://localhost:8096/emby/Sessions?api_key=7c0d5732c0e342db8d7e6a926ba42a30
[2026-03-17T07:47:44.712Z] error: <httpProxy> Error calling http://localhost:8096/emby/Sessions...
[2026-03-17T07:47:44.713Z] error: <httpProxy> [ 500, [AggregateError: ] { code: 'ECONNREFUSED' } ]
[2026-03-17T07:47:44.713Z] error: <jellyfinProxyHandler> HTTP Error 500 calling http://localhost:8096/emby/Sessions?api_key=7c0d5732c0e342db8d7e6a926ba42a30
[2026-03-17T07:47:49.759Z] error: <httpProxy> Error calling http://localhost:8096/emby/Sessions...
[2026-03-17T07:47:49.760Z] error: <httpProxy> [ 500, [AggregateError: ] { code: 'ECONNREFUSED' } ]
[2026-03-17T07:47:49.760Z] error: <jellyfinProxyHandler> HTTP Error 500 calling http://localhost:8096/emby/Sessions?api_key=7c0d5732c0e342db8d7e6a926ba42a30
[2026-03-17T07:47:54.799Z] error: <httpProxy> Error calling http://localhost:8096/emby/Sessions...
[2026-03-17T07:47:54.799Z] error: <httpProxy> [ 500, [AggregateError: ] { code: 'ECONNREFUSED' } ]
[2026-03-17T07:47:54.800Z] error: <jellyfinProxyHandler> HTTP Error 500 calling http://localhost:8096/emby/Sessions?api_key=7c0d5732c0e342db8d7e6a926ba42a30
[2026-03-17T07:47:59.834Z] error: <httpProxy> Error calling http://localhost:8096/emby/Sessions...
[2026-03-17T07:47:59.835Z] error: <httpProxy> [ 500, [AggregateError: ] { code: 'ECONNREFUSED' } ]
[2026-03-17T07:47:59.835Z] error: <jellyfinProxyHandler> HTTP Error 500 calling http://localhost:8096/emby/Sessions?api_key=7c0d5732c0e342db8d7e6a926ba42a30
[2026-03-17T07:48:04.869Z] error: <httpProxy> Error calling http://localhost:8096/emby/Sessions...
[2026-03-17T07:48:04.870Z] error: <httpProxy> [ 500, [AggregateError: ] { code: 'ECONNREFUSED' } ]
[2026-03-17T07:48:04.870Z] error: <jellyfinProxyHandler> HTTP Error 500 calling http://localhost:8096/emby/Sessions?api_key=7c0d5732c0e342db8d7e6a926ba42a30
[2026-03-17T07:48:09.911Z] error: <httpProxy> Error calling http://localhost:8096/emby/Sessions...
[2026-03-17T07:48:09.911Z] error: <httpProxy> [ 500, [AggregateError: ] { code: 'ECONNREFUSED' } ]
[2026-03-17T07:48:09.912Z] error: <jellyfinProxyHandler> HTTP Error 500 calling http://localhost:8096/emby/Sessions?api_key=7c0d5732c0e342db8d7e6a926ba42a30
[2026-03-17T07:48:14.952Z] error: <httpProxy> Error calling http://localhost:8096/emby/Sessions...
[2026-03-17T07:48:14.953Z] error: <httpProxy> [ 500, [AggregateError: ] { code: 'ECONNREFUSED' } ]
[2026-03-17T07:48:14.953Z] error: <jellyfinProxyHandler> HTTP Error 500 calling http://localhost:8096/emby/Sessions?api_key=7c0d5732c0e342db8d7e6a926ba42a30
[2026-03-17T07:48:19.980Z] error: <httpProxy> Error calling http://localhost:8096/emby/Sessions...
[2026-03-17T07:48:19.981Z] error: <httpProxy> [ 500, [AggregateError: ] { code: 'ECONNREFUSED' } ]
[2026-03-17T07:48:19.981Z] error: <jellyfinProxyHandler> HTTP Error 500 calling http://localhost:8096/emby/Sessions?api_key=7c0d5732c0e342db8d7e6a926ba42a30
[2026-03-17T07:48:24.634Z] error: <httpProxy> Error calling http://localhost:8096/emby/Items/Counts...
[2026-03-17T07:48:24.635Z] error: <httpProxy> [ 500, [AggregateError: ] { code: 'ECONNREFUSED' } ]
[2026-03-17T07:48:24.635Z] error: <jellyfinProxyHandler> HTTP Error 500 calling http://localhost:8096/emby/Items/Counts?api_key=7c0d5732c0e342db8d7e6a926ba42a30
[2026-03-17T07:48:25.018Z] error: <httpProxy> Error calling http://localhost:8096/emby/Sessions...
[2026-03-17T07:48:25.019Z] error: <httpProxy> [ 500, [AggregateError: ] { code: 'ECONNREFUSED' } ]
[2026-03-17T07:48:25.019Z] error: <jellyfinProxyHandler> HTTP Error 500 calling http://localhost:8096/emby/Sessions?api_key=7c0d5732c0e342db8d7e6a926ba42a30
[2026-03-17T07:48:30.064Z] error: <httpProxy> Error calling http://localhost:8096/emby/Sessions...
[2026-03-17T07:48:30.064Z] error: <httpProxy> [ 500, [AggregateError: ] { code: 'ECONNREFUSED' } ]
[2026-03-17T07:48:30.065Z] error: <jellyfinProxyHandler> HTTP Error 500 calling http://localhost:8096/emby/Sessions?api_key=7c0d5732c0e342db8d7e6a926ba42a30
[2026-03-17T07:48:35.100Z] error: <httpProxy> Error calling http://localhost:8096/emby/Sessions...
[2026-03-17T07:48:35.101Z] error: <httpProxy> [ 500, [AggregateError: ] { code: 'ECONNREFUSED' } ]
[2026-03-17T07:48:35.101Z] error: <jellyfinProxyHandler> HTTP Error 500 calling http://localhost:8096/emby/Sessions?api_key=7c0d5732c0e342db8d7e6a926ba42a30
[2026-03-17T07:48:40.137Z] error: <httpProxy> Error calling http://localhost:8096/emby/Sessions...
[2026-03-17T07:48:40.138Z] error: <httpProxy> [ 500, [AggregateError: ] { code: 'ECONNREFUSED' } ]
[2026-03-17T07:48:40.138Z] error: <jellyfinProxyHandler> HTTP Error 500 calling http://localhost:8096/emby/Sessions?api_key=7c0d5732c0e342db8d7e6a926ba42a30
[2026-03-17T07:48:45.177Z] error: <httpProxy> Error calling http://localhost:8096/emby/Sessions...
[2026-03-17T07:48:45.177Z] error: <httpProxy> [ 500, [AggregateError: ] { code: 'ECONNREFUSED' } ]
[2026-03-17T07:48:45.178Z] error: <jellyfinProxyHandler> HTTP Error 500 calling http://localhost:8096/emby/Sessions?api_key=7c0d5732c0e342db8d7e6a926ba42a30
[2026-03-17T07:48:50.205Z] error: <httpProxy> Error calling http://localhost:8096/emby/Sessions...
[2026-03-17T07:48:50.206Z] error: <httpProxy> [ 500, [AggregateError: ] { code: 'ECONNREFUSED' } ]
[2026-03-17T07:48:50.207Z] error: <jellyfinProxyHandler> HTTP Error 500 calling http://localhost:8096/emby/Sessions?api_key=7c0d5732c0e342db8d7e6a926ba42a30
[2026-03-17T07:48:55.255Z] error: <httpProxy> Error calling http://localhost:8096/emby/Sessions...
[2026-03-17T07:48:55.256Z] error: <httpProxy> [ 500, [AggregateError: ] { code: 'ECONNREFUSED' } ]
[2026-03-17T07:48:55.257Z] error: <jellyfinProxyHandler> HTTP Error 500 calling http://localhost:8096/emby/Sessions?api_key=7c0d5732c0e342db8d7e6a926ba42a30
[2026-03-17T07:49:00.302Z] error: <httpProxy> Error calling http://localhost:8096/emby/Sessions...
[2026-03-17T07:49:00.302Z] error: <httpProxy> [ 500, [AggregateError: ] { code: 'ECONNREFUSED' } ]
[2026-03-17T07:49:00.303Z] error: <jellyfinProxyHandler> HTTP Error 500 calling http://localhost:8096/emby/Sessions?api_key=7c0d5732c0e342db8d7e6a926ba42a30
[2026-03-17T07:49:05.337Z] error: <httpProxy> Error calling http://localhost:8096/emby/Sessions...
[2026-03-17T07:49:05.338Z] error: <httpProxy> [ 500, [AggregateError: ] { code: 'ECONNREFUSED' } ]
[2026-03-17T07:49:05.338Z] error: <jellyfinProxyHandler> HTTP Error 500 calling http://localhost:8096/emby/Sessions?api_key=7c0d5732c0e342db8d7e6a926ba42a30
[2026-03-17T07:49:10.370Z] error: <httpProxy> Error calling http://localhost:8096/emby/Sessions...
[2026-03-17T07:49:10.371Z] error: <httpProxy> [ 500, [AggregateError: ] { code: 'ECONNREFUSED' } ]
[2026-03-17T07:49:10.371Z] error: <jellyfinProxyHandler> HTTP Error 500 calling http://localhost:8096/emby/Sessions?api_key=7c0d5732c0e342db8d7e6a926ba42a30
[2026-03-17T07:49:15.406Z] error: <httpProxy> Error calling http://localhost:8096/emby/Sessions...
[2026-03-17T07:49:15.407Z] error: <httpProxy> [ 500, [AggregateError: ] { code: 'ECONNREFUSED' } ]
[2026-03-17T07:49:15.407Z] error: <jellyfinProxyHandler> HTTP Error 500 calling http://localhost:8096/emby/Sessions?api_key=7c0d5732c0e342db8d7e6a926ba42a30
[2026-03-17T07:49:20.442Z] error: <httpProxy> Error calling http://localhost:8096/emby/Sessions...
[2026-03-17T07:49:20.443Z] error: <httpProxy> [ 500, [AggregateError: ] { code: 'ECONNREFUSED' } ]
[2026-03-17T07:49:20.443Z] error: <jellyfinProxyHandler> HTTP Error 500 calling http://localhost:8096/emby/Sessions?api_key=7c0d5732c0e342db8d7e6a926ba42a30
[2026-03-17T07:49:24.690Z] error: <httpProxy> Error calling http://localhost:8096/emby/Items/Counts...
[2026-03-17T07:49:24.691Z] error: <httpProxy> [ 500, [AggregateError: ] { code: 'ECONNREFUSED' } ]
[2026-03-17T07:49:24.692Z] error: <jellyfinProxyHandler> HTTP Error 500 calling http://localhost:8096/emby/Items/Counts?api_key=7c0d5732c0e342db8d7e6a926ba42a30
[2026-03-17T07:49:25.498Z] error: <httpProxy> Error calling http://localhost:8096/emby/Sessions...
[2026-03-17T07:49:25.500Z] error: <httpProxy> [ 500, [AggregateError: ] { code: 'ECONNREFUSED' } ]
[2026-03-17T07:49:25.500Z] error: <jellyfinProxyHandler> HTTP Error 500 calling http://localhost:8096/emby/Sessions?api_key=7c0d5732c0e342db8d7e6a926ba42a30
[2026-03-17T07:49:30.533Z] error: <httpProxy> Error calling http://localhost:8096/emby/Sessions...
[2026-03-17T07:49:30.534Z] error: <httpProxy> [ 500, [AggregateError: ] { code: 'ECONNREFUSED' } ]
[2026-03-17T07:49:30.534Z] error: <jellyfinProxyHandler> HTTP Error 500 calling http://localhost:8096/emby/Sessions?api_key=7c0d5732c0e342db8d7e6a926ba42a30
[2026-03-17T07:49:34.947Z] error: <httpProxy> Error calling http://localhost:8096/emby/Sessions...
[2026-03-17T07:49:34.948Z] error: <httpProxy> [ 500, [AggregateError: ] { code: 'ECONNREFUSED' } ]
[2026-03-17T07:49:34.949Z] error: <jellyfinProxyHandler> HTTP Error 500 calling http://localhost:8096/emby/Sessions?api_key=7c0d5732c0e342db8d7e6a926ba42a30
[2026-03-17T07:49:35.246Z] error: <httpProxy> Error calling http://localhost:8080/api/login...
[2026-03-17T07:49:35.247Z] error: <httpProxy> [ 500, [AggregateError: ] { code: 'ECONNREFUSED' } ]
[2026-03-17T07:49:35.247Z] error: <filebrowserProxyHandler> Unexpected status code 500 when logging in to Filebrowser API for service 'File Browser'
[2026-03-17T07:49:35.302Z] error: <httpProxy> Error calling https://localhost:9443/api/kubernetes/1/applications/count...
[2026-03-17T07:49:35.303Z] error: <httpProxy> [ 500, [AggregateError: ] { code: 'ECONNREFUSED' } ]
[2026-03-17T07:49:35.303Z] error: <credentialedProxyHandler> HTTP Error 500 calling https://localhost:9443/api/kubernetes/1/applications/count
[2026-03-17T07:49:35.346Z] error: <httpProxy> Error calling https://localhost:9443/api/kubernetes/1/services/count...
[2026-03-17T07:49:35.347Z] error: <httpProxy> [ 500, [AggregateError: ] { code: 'ECONNREFUSED' } ]
[2026-03-17T07:49:35.347Z] error: <credentialedProxyHandler> HTTP Error 500 calling https://localhost:9443/api/kubernetes/1/services/count
[2026-03-17T07:49:35.393Z] error: <httpProxy> Error calling https://localhost:9443/api/kubernetes/1/namespaces/count...
[2026-03-17T07:49:35.394Z] error: <httpProxy> [ 500, [AggregateError: ] { code: 'ECONNREFUSED' } ]
[2026-03-17T07:49:35.394Z] error: <credentialedProxyHandler> HTTP Error 500 calling https://localhost:9443/api/kubernetes/1/namespaces/count
[2026-03-17T07:49:35.439Z] error: <httpProxy> Error calling http://localhost:8096/emby/Items/Counts...
[2026-03-17T07:49:35.440Z] error: <httpProxy> [ 500, [AggregateError: ] { code: 'ECONNREFUSED' } ]
[2026-03-17T07:49:35.440Z] error: <jellyfinProxyHandler> HTTP Error 500 calling http://localhost:8096/emby/Items/Counts?api_key=7c0d5732c0e342db8d7e6a926ba42a30
[2026-03-17T07:49:35.578Z] error: <httpProxy> Error calling http://localhost:8096/emby/Sessions...
[2026-03-17T07:49:35.579Z] error: <httpProxy> [ 500, [AggregateError: ] { code: 'ECONNREFUSED' } ]
[2026-03-17T07:49:35.579Z] error: <jellyfinProxyHandler> HTTP Error 500 calling http://localhost:8096/emby/Sessions?api_key=7c0d5732c0e342db8d7e6a926ba42a30
[2026-03-17T07:49:39.986Z] error: <httpProxy> Error calling http://localhost:8096/emby/Sessions...
[2026-03-17T07:49:39.987Z] error: <httpProxy> [ 500, [AggregateError: ] { code: 'ECONNREFUSED' } ]
[2026-03-17T07:49:39.987Z] error: <jellyfinProxyHandler> HTTP Error 500 calling http://localhost:8096/emby/Sessions?api_key=7c0d5732c0e342db8d7e6a926ba42a30
[2026-03-17T07:49:40.623Z] error: <httpProxy> Error calling http://localhost:8096/emby/Sessions...
[2026-03-17T07:49:40.623Z] error: <httpProxy> [ 500, [AggregateError: ] { code: 'ECONNREFUSED' } ]
[2026-03-17T07:49:40.624Z] error: <jellyfinProxyHandler> HTTP Error 500 calling http://localhost:8096/emby/Sessions?api_key=7c0d5732c0e342db8d7e6a926ba42a30
[2026-03-17T07:49:45.665Z] error: <httpProxy> Error calling http://localhost:8096/emby/Sessions...
[2026-03-17T07:49:45.666Z] error: <httpProxy> [ 500, [AggregateError: ] { code: 'ECONNREFUSED' } ]
[2026-03-17T07:49:45.666Z] error: <jellyfinProxyHandler> HTTP Error 500 calling http://localhost:8096/emby/Sessions?api_key=7c0d5732c0e342db8d7e6a926ba42a30
[2026-03-17T07:49:50.703Z] error: <httpProxy> Error calling http://localhost:8096/emby/Sessions...
[2026-03-17T07:49:50.704Z] error: <httpProxy> [ 500, [AggregateError: ] { code: 'ECONNREFUSED' } ]
[2026-03-17T07:49:50.704Z] error: <jellyfinProxyHandler> HTTP Error 500 calling http://localhost:8096/emby/Sessions?api_key=7c0d5732c0e342db8d7e6a926ba42a30
[2026-03-17T07:49:55.746Z] error: <httpProxy> Error calling http://localhost:8096/emby/Sessions...
[2026-03-17T07:49:55.747Z] error: <httpProxy> [ 500, [AggregateError: ] { code: 'ECONNREFUSED' } ]
[2026-03-17T07:49:55.747Z] error: <jellyfinProxyHandler> HTTP Error 500 calling http://localhost:8096/emby/Sessions?api_key=7c0d5732c0e342db8d7e6a926ba42a30
[2026-03-17T07:50:00.793Z] error: <httpProxy> Error calling http://localhost:8096/emby/Sessions...
[2026-03-17T07:50:00.794Z] error: <httpProxy> [ 500, [AggregateError: ] { code: 'ECONNREFUSED' } ]
[2026-03-17T07:50:00.794Z] error: <jellyfinProxyHandler> HTTP Error 500 calling http://localhost:8096/emby/Sessions?api_key=7c0d5732c0e342db8d7e6a926ba42a30
[2026-03-17T07:50:05.828Z] error: <httpProxy> Error calling http://localhost:8096/emby/Sessions...
[2026-03-17T07:50:05.829Z] error: <httpProxy> [ 500, [AggregateError: ] { code: 'ECONNREFUSED' } ]
[2026-03-17T07:50:05.829Z] error: <jellyfinProxyHandler> HTTP Error 500 calling http://localhost:8096/emby/Sessions?api_key=7c0d5732c0e342db8d7e6a926ba42a30
[2026-03-17T07:50:10.871Z] error: <httpProxy> Error calling http://localhost:8096/emby/Sessions...
[2026-03-17T07:50:10.872Z] error: <httpProxy> [ 500, [AggregateError: ] { code: 'ECONNREFUSED' } ]
[2026-03-17T07:50:10.873Z] error: <jellyfinProxyHandler> HTTP Error 500 calling http://localhost:8096/emby/Sessions?api_key=7c0d5732c0e342db8d7e6a926ba42a30
[2026-03-17T07:50:15.915Z] error: <httpProxy> Error calling http://localhost:8096/emby/Sessions...
[2026-03-17T07:50:15.916Z] error: <httpProxy> [ 500, [AggregateError: ] { code: 'ECONNREFUSED' } ]
[2026-03-17T07:50:15.917Z] error: <jellyfinProxyHandler> HTTP Error 500 calling http://localhost:8096/emby/Sessions?api_key=7c0d5732c0e342db8d7e6a926ba42a30
[2026-03-17T07:50:20.945Z] error: <httpProxy> Error calling http://localhost:8096/emby/Sessions...
[2026-03-17T07:50:20.946Z] error: <httpProxy> [ 500, [AggregateError: ] { code: 'ECONNREFUSED' } ]
[2026-03-17T07:50:20.946Z] error: <jellyfinProxyHandler> HTTP Error 500 calling http://localhost:8096/emby/Sessions?api_key=7c0d5732c0e342db8d7e6a926ba42a30
[2026-03-17T07:50:24.732Z] error: <httpProxy> Error calling http://localhost:8096/emby/Items/Counts...
[2026-03-17T07:50:24.732Z] error: <httpProxy> [ 500, [AggregateError: ] { code: 'ECONNREFUSED' } ]
[2026-03-17T07:50:24.733Z] error: <jellyfinProxyHandler> HTTP Error 500 calling http://localhost:8096/emby/Items/Counts?api_key=7c0d5732c0e342db8d7e6a926ba42a30
[2026-03-17T07:50:25.982Z] error: <httpProxy> Error calling http://localhost:8096/emby/Sessions...
[2026-03-17T07:50:25.983Z] error: <httpProxy> [ 500, [AggregateError: ] { code: 'ECONNREFUSED' } ]
[2026-03-17T07:50:25.983Z] error: <jellyfinProxyHandler> HTTP Error 500 calling http://localhost:8096/emby/Sessions?api_key=7c0d5732c0e342db8d7e6a926ba42a30
[2026-03-17T07:50:31.030Z] error: <httpProxy> Error calling http://localhost:8096/emby/Sessions...
[2026-03-17T07:50:31.031Z] error: <httpProxy> [ 500, [AggregateError: ] { code: 'ECONNREFUSED' } ]
[2026-03-17T07:50:31.031Z] error: <jellyfinProxyHandler> HTTP Error 500 calling http://localhost:8096/emby/Sessions?api_key=7c0d5732c0e342db8d7e6a926ba42a30
[2026-03-17T07:50:36.074Z] error: <httpProxy> Error calling http://localhost:8096/emby/Sessions...
[2026-03-17T07:50:36.075Z] error: <httpProxy> [ 500, [AggregateError: ] { code: 'ECONNREFUSED' } ]
[2026-03-17T07:50:36.075Z] error: <jellyfinProxyHandler> HTTP Error 500 calling http://localhost:8096/emby/Sessions?api_key=7c0d5732c0e342db8d7e6a926ba42a30
[2026-03-17T07:50:41.113Z] error: <httpProxy> Error calling http://localhost:8096/emby/Sessions...
[2026-03-17T07:50:41.114Z] error: <httpProxy> [ 500, [AggregateError: ] { code: 'ECONNREFUSED' } ]
[2026-03-17T07:50:41.114Z] error: <jellyfinProxyHandler> HTTP Error 500 calling http://localhost:8096/emby/Sessions?api_key=7c0d5732c0e342db8d7e6a926ba42a30
[2026-03-17T07:50:46.144Z] error: <httpProxy> Error calling http://localhost:8096/emby/Sessions...
[2026-03-17T07:50:46.145Z] error: <httpProxy> [ 500, [AggregateError: ] { code: 'ECONNREFUSED' } ]
[2026-03-17T07:50:46.146Z] error: <jellyfinProxyHandler> HTTP Error 500 calling http://localhost:8096/emby/Sessions?api_key=7c0d5732c0e342db8d7e6a926ba42a30
[2026-03-17T07:50:51.175Z] error: <httpProxy> Error calling http://localhost:8096/emby/Sessions...
[2026-03-17T07:50:51.177Z] error: <httpProxy> [ 500, [AggregateError: ] { code: 'ECONNREFUSED' } ]
[2026-03-17T07:50:51.177Z] error: <jellyfinProxyHandler> HTTP Error 500 calling http://localhost:8096/emby/Sessions?api_key=7c0d5732c0e342db8d7e6a926ba42a30
[2026-03-17T07:50:56.217Z] error: <httpProxy> Error calling http://localhost:8096/emby/Sessions...
[2026-03-17T07:50:56.218Z] error: <httpProxy> [ 500, [AggregateError: ] { code: 'ECONNREFUSED' } ]
[2026-03-17T07:50:56.218Z] error: <jellyfinProxyHandler> HTTP Error 500 calling http://localhost:8096/emby/Sessions?api_key=7c0d5732c0e342db8d7e6a926ba42a30
[2026-03-17T07:50:59.359Z] error: <httpProxy> Error calling http://localhost:8096/emby/Sessions...
[2026-03-17T07:50:59.360Z] error: <httpProxy> [ 500, [AggregateError: ] { code: 'ECONNREFUSED' } ]
[2026-03-17T07:50:59.361Z] error: <jellyfinProxyHandler> HTTP Error 500 calling http://localhost:8096/emby/Sessions?api_key=7c0d5732c0e342db8d7e6a926ba42a30
[2026-03-17T07:50:59.577Z] error: <httpProxy> Error calling https://127.0.0.1:9443/api/kubernetes/1/applications/count...
[2026-03-17T07:50:59.580Z] error: <httpProxy> [
  500,
  Error: connect ECONNREFUSED 127.0.0.1:9443
      at <unknown> (Error: connect ECONNREFUSED 127.0.0.1:9443) {
    errno: -111,
    code: 'ECONNREFUSED',
    syscall: 'connect',
    address: '127.0.0.1',
    port: 9443
  }
]
[2026-03-17T07:50:59.580Z] error: <credentialedProxyHandler> HTTP Error 500 calling https://127.0.0.1:9443/api/kubernetes/1/applications/count
[2026-03-17T07:50:59.620Z] error: <httpProxy> Error calling https://127.0.0.1:9443/api/kubernetes/1/services/count...
[2026-03-17T07:50:59.620Z] error: <httpProxy> [
  500,
  Error: connect ECONNREFUSED 127.0.0.1:9443
      at <unknown> (Error: connect ECONNREFUSED 127.0.0.1:9443) {
    errno: -111,
    code: 'ECONNREFUSED',
    syscall: 'connect',
    address: '127.0.0.1',
    port: 9443
  }
]
[2026-03-17T07:50:59.621Z] error: <credentialedProxyHandler> HTTP Error 500 calling https://127.0.0.1:9443/api/kubernetes/1/services/count
[2026-03-17T07:50:59.643Z] error: <httpProxy> Error calling https://127.0.0.1:9443/api/kubernetes/1/namespaces/count...
[2026-03-17T07:50:59.643Z] error: <httpProxy> [
  500,
  Error: connect ECONNREFUSED 127.0.0.1:9443
      at <unknown> (Error: connect ECONNREFUSED 127.0.0.1:9443) {
    errno: -111,
    code: 'ECONNREFUSED',
    syscall: 'connect',
    address: '127.0.0.1',
    port: 9443
  }
]
[2026-03-17T07:50:59.644Z] error: <credentialedProxyHandler> HTTP Error 500 calling https://127.0.0.1:9443/api/kubernetes/1/namespaces/count
[2026-03-17T07:50:59.665Z] error: <httpProxy> Error calling http://localhost:8080/api/login...
[2026-03-17T07:50:59.665Z] error: <httpProxy> [ 500, [AggregateError: ] { code: 'ECONNREFUSED' } ]
[2026-03-17T07:50:59.666Z] error: <filebrowserProxyHandler> Unexpected status code 500 when logging in to Filebrowser API for service 'File Browser'
[2026-03-17T07:50:59.688Z] error: <httpProxy> Error calling http://localhost:8096/emby/Items/Counts...
[2026-03-17T07:50:59.689Z] error: <httpProxy> [ 500, [AggregateError: ] { code: 'ECONNREFUSED' } ]
[2026-03-17T07:50:59.689Z] error: <jellyfinProxyHandler> HTTP Error 500 calling http://localhost:8096/emby/Items/Counts?api_key=7c0d5732c0e342db8d7e6a926ba42a30
[2026-03-17T07:51:00.988Z] error: <httpProxy> Error calling https://127.0.0.1:9443/api/kubernetes/1/applications/count...
[2026-03-17T07:51:00.989Z] error: <httpProxy> [
  500,
  Error: connect ECONNREFUSED 127.0.0.1:9443
      at <unknown> (Error: connect ECONNREFUSED 127.0.0.1:9443) {
    errno: -111,
    code: 'ECONNREFUSED',
    syscall: 'connect',
    address: '127.0.0.1',
    port: 9443
  }
]
[2026-03-17T07:51:00.989Z] error: <credentialedProxyHandler> HTTP Error 500 calling https://127.0.0.1:9443/api/kubernetes/1/applications/count
[2026-03-17T07:51:01.015Z] error: <httpProxy> Error calling https://127.0.0.1:9443/api/kubernetes/1/services/count...
[2026-03-17T07:51:01.016Z] error: <httpProxy> [
  500,
  Error: connect ECONNREFUSED 127.0.0.1:9443
      at <unknown> (Error: connect ECONNREFUSED 127.0.0.1:9443) {
    errno: -111,
    code: 'ECONNREFUSED',
    syscall: 'connect',
    address: '127.0.0.1',
    port: 9443
  }
]
[2026-03-17T07:51:01.016Z] error: <credentialedProxyHandler> HTTP Error 500 calling https://127.0.0.1:9443/api/kubernetes/1/services/count
[2026-03-17T07:51:01.041Z] error: <httpProxy> Error calling https://127.0.0.1:9443/api/kubernetes/1/namespaces/count...
[2026-03-17T07:51:01.042Z] error: <httpProxy> [
  500,
  Error: connect ECONNREFUSED 127.0.0.1:9443
      at <unknown> (Error: connect ECONNREFUSED 127.0.0.1:9443) {
    errno: -111,
    code: 'ECONNREFUSED',
    syscall: 'connect',
    address: '127.0.0.1',
    port: 9443
  }
]
[2026-03-17T07:51:01.042Z] error: <credentialedProxyHandler> HTTP Error 500 calling https://127.0.0.1:9443/api/kubernetes/1/namespaces/count
[2026-03-17T07:51:01.069Z] error: <httpProxy> Error calling http://localhost:8080/api/login...
[2026-03-17T07:51:01.069Z] error: <httpProxy> [ 500, [AggregateError: ] { code: 'ECONNREFUSED' } ]
[2026-03-17T07:51:01.070Z] error: <filebrowserProxyHandler> Unexpected status code 500 when logging in to Filebrowser API for service 'File Browser'
[2026-03-17T07:51:01.095Z] error: <httpProxy> Error calling http://localhost:8096/emby/Sessions...
[2026-03-17T07:51:01.096Z] error: <httpProxy> [ 500, [AggregateError: ] { code: 'ECONNREFUSED' } ]
[2026-03-17T07:51:01.096Z] error: <jellyfinProxyHandler> HTTP Error 500 calling http://localhost:8096/emby/Sessions?api_key=7c0d5732c0e342db8d7e6a926ba42a30
[2026-03-17T07:51:01.122Z] error: <httpProxy> Error calling http://localhost:8096/emby/Items/Counts...
[2026-03-17T07:51:01.123Z] error: <httpProxy> [ 500, [AggregateError: ] { code: 'ECONNREFUSED' } ]
[2026-03-17T07:51:01.123Z] error: <jellyfinProxyHandler> HTTP Error 500 calling http://localhost:8096/emby/Items/Counts?api_key=7c0d5732c0e342db8d7e6a926ba42a30
[2026-03-17T07:51:05.314Z] error: <httpProxy> Error calling http://localhost:8096/emby/Sessions...
[2026-03-17T07:51:05.314Z] error: <httpProxy> [ 500, [AggregateError: ] { code: 'ECONNREFUSED' } ]
[2026-03-17T07:51:05.315Z] error: <jellyfinProxyHandler> HTTP Error 500 calling http://localhost:8096/emby/Sessions?api_key=7c0d5732c0e342db8d7e6a926ba42a30
[2026-03-17T07:51:10.347Z] error: <httpProxy> Error calling http://localhost:8096/emby/Sessions...
[2026-03-17T07:51:10.348Z] error: <httpProxy> [ 500, [AggregateError: ] { code: 'ECONNREFUSED' } ]
[2026-03-17T07:51:10.348Z] error: <jellyfinProxyHandler> HTTP Error 500 calling http://localhost:8096/emby/Sessions?api_key=7c0d5732c0e342db8d7e6a926ba42a30
[2026-03-17T07:51:15.393Z] error: <httpProxy> Error calling http://localhost:8096/emby/Sessions...
[2026-03-17T07:51:15.394Z] error: <httpProxy> [ 500, [AggregateError: ] { code: 'ECONNREFUSED' } ]
[2026-03-17T07:51:15.394Z] error: <jellyfinProxyHandler> HTTP Error 500 calling http://localhost:8096/emby/Sessions?api_key=7c0d5732c0e342db8d7e6a926ba42a30
[2026-03-17T07:51:20.507Z] error: <httpProxy> Error calling http://localhost:8096/emby/Sessions...
[2026-03-17T07:51:20.507Z] error: <httpProxy> [ 500, [AggregateError: ] { code: 'ECONNREFUSED' } ]
[2026-03-17T07:51:20.508Z] error: <jellyfinProxyHandler> HTTP Error 500 calling http://localhost:8096/emby/Sessions?api_key=7c0d5732c0e342db8d7e6a926ba42a30
[2026-03-17T07:51:25.544Z] error: <httpProxy> Error calling http://localhost:8096/emby/Sessions...
[2026-03-17T07:51:25.545Z] error: <httpProxy> [ 500, [AggregateError: ] { code: 'ECONNREFUSED' } ]
[2026-03-17T07:51:25.545Z] error: <jellyfinProxyHandler> HTTP Error 500 calling http://localhost:8096/emby/Sessions?api_key=7c0d5732c0e342db8d7e6a926ba42a30
[2026-03-17T07:51:30.582Z] error: <httpProxy> Error calling http://localhost:8096/emby/Sessions...
[2026-03-17T07:51:30.583Z] error: <httpProxy> [ 500, [AggregateError: ] { code: 'ECONNREFUSED' } ]
[2026-03-17T07:51:30.583Z] error: <jellyfinProxyHandler> HTTP Error 500 calling http://localhost:8096/emby/Sessions?api_key=7c0d5732c0e342db8d7e6a926ba42a30
[2026-03-17T07:51:35.614Z] error: <httpProxy> Error calling http://127.0.0.1:8096/emby/Sessions...
[2026-03-17T07:51:35.615Z] error: <httpProxy> [
  500,
  Error: connect ECONNREFUSED 127.0.0.1:8096
      at <unknown> (Error: connect ECONNREFUSED 127.0.0.1:8096) {
    errno: -111,
    code: 'ECONNREFUSED',
    syscall: 'connect',
    address: '127.0.0.1',
    port: 8096
  }
]
[2026-03-17T07:51:35.615Z] error: <jellyfinProxyHandler> HTTP Error 500 calling http://127.0.0.1:8096/emby/Sessions?api_key=7c0d5732c0e342db8d7e6a926ba42a30
[2026-03-17T07:51:40.649Z] error: <httpProxy> Error calling http://127.0.0.1:8096/emby/Sessions...
[2026-03-17T07:51:40.650Z] error: <httpProxy> [
  500,
  Error: connect ECONNREFUSED 127.0.0.1:8096
      at <unknown> (Error: connect ECONNREFUSED 127.0.0.1:8096) {
    errno: -111,
    code: 'ECONNREFUSED',
    syscall: 'connect',
    address: '127.0.0.1',
    port: 8096
  }
]
[2026-03-17T07:51:40.651Z] error: <jellyfinProxyHandler> HTTP Error 500 calling http://127.0.0.1:8096/emby/Sessions?api_key=7c0d5732c0e342db8d7e6a926ba42a30
[2026-03-17T07:51:45.700Z] error: <httpProxy> Error calling http://127.0.0.1:8096/emby/Sessions...
[2026-03-17T07:51:45.701Z] error: <httpProxy> [
  500,
  Error: connect ECONNREFUSED 127.0.0.1:8096
      at <unknown> (Error: connect ECONNREFUSED 127.0.0.1:8096) {
    errno: -111,
    code: 'ECONNREFUSED',
    syscall: 'connect',
    address: '127.0.0.1',
    port: 8096
  }
]
[2026-03-17T07:51:45.702Z] error: <jellyfinProxyHandler> HTTP Error 500 calling http://127.0.0.1:8096/emby/Sessions?api_key=7c0d5732c0e342db8d7e6a926ba42a30
[2026-03-17T07:51:50.741Z] error: <httpProxy> Error calling http://127.0.0.1:8096/emby/Sessions...
[2026-03-17T07:51:50.742Z] error: <httpProxy> [
  500,
  Error: connect ECONNREFUSED 127.0.0.1:8096
      at <unknown> (Error: connect ECONNREFUSED 127.0.0.1:8096) {
    errno: -111,
    code: 'ECONNREFUSED',
    syscall: 'connect',
    address: '127.0.0.1',
    port: 8096
  }
]
[2026-03-17T07:51:50.743Z] error: <jellyfinProxyHandler> HTTP Error 500 calling http://127.0.0.1:8096/emby/Sessions?api_key=7c0d5732c0e342db8d7e6a926ba42a30
[2026-03-17T07:51:55.787Z] error: <httpProxy> Error calling http://127.0.0.1:8096/emby/Sessions...
[2026-03-17T07:51:55.788Z] error: <httpProxy> [
  500,
  Error: connect ECONNREFUSED 127.0.0.1:8096
      at <unknown> (Error: connect ECONNREFUSED 127.0.0.1:8096) {
    errno: -111,
    code: 'ECONNREFUSED',
    syscall: 'connect',
    address: '127.0.0.1',
    port: 8096
  }
]
[2026-03-17T07:51:55.789Z] error: <jellyfinProxyHandler> HTTP Error 500 calling http://127.0.0.1:8096/emby/Sessions?api_key=7c0d5732c0e342db8d7e6a926ba42a30
[2026-03-17T07:52:00.314Z] error: <httpProxy> Error calling http://127.0.0.1:8096/emby/Items/Counts...
[2026-03-17T07:52:00.315Z] error: <httpProxy> [
  500,
  Error: connect ECONNREFUSED 127.0.0.1:8096
      at <unknown> (Error: connect ECONNREFUSED 127.0.0.1:8096) {
    errno: -111,
    code: 'ECONNREFUSED',
    syscall: 'connect',
    address: '127.0.0.1',
    port: 8096
  }
]
[2026-03-17T07:52:00.315Z] error: <jellyfinProxyHandler> HTTP Error 500 calling http://127.0.0.1:8096/emby/Items/Counts?api_key=7c0d5732c0e342db8d7e6a926ba42a30
[2026-03-17T07:52:00.848Z] error: <httpProxy> Error calling http://127.0.0.1:8096/emby/Sessions...
[2026-03-17T07:52:00.849Z] error: <httpProxy> [
  500,
  Error: connect ECONNREFUSED 127.0.0.1:8096
      at <unknown> (Error: connect ECONNREFUSED 127.0.0.1:8096) {
    errno: -111,
    code: 'ECONNREFUSED',
    syscall: 'connect',
    address: '127.0.0.1',
    port: 8096
  }
]
[2026-03-17T07:52:00.850Z] error: <jellyfinProxyHandler> HTTP Error 500 calling http://127.0.0.1:8096/emby/Sessions?api_key=7c0d5732c0e342db8d7e6a926ba42a30
[2026-03-17T07:52:05.883Z] error: <httpProxy> Error calling http://127.0.0.1:8096/emby/Sessions...
[2026-03-17T07:52:05.884Z] error: <httpProxy> [
  500,
  Error: connect ECONNREFUSED 127.0.0.1:8096
      at <unknown> (Error: connect ECONNREFUSED 127.0.0.1:8096) {
    errno: -111,
    code: 'ECONNREFUSED',
    syscall: 'connect',
    address: '127.0.0.1',
    port: 8096
  }
]
[2026-03-17T07:52:05.885Z] error: <jellyfinProxyHandler> HTTP Error 500 calling http://127.0.0.1:8096/emby/Sessions?api_key=7c0d5732c0e342db8d7e6a926ba42a30
[2026-03-17T07:52:10.929Z] error: <httpProxy> Error calling http://127.0.0.1:8096/emby/Sessions...
[2026-03-17T07:52:10.930Z] error: <httpProxy> [
  500,
  Error: connect ECONNREFUSED 127.0.0.1:8096
      at <unknown> (Error: connect ECONNREFUSED 127.0.0.1:8096) {
    errno: -111,
    code: 'ECONNREFUSED',
    syscall: 'connect',
    address: '127.0.0.1',
    port: 8096
  }
]
[2026-03-17T07:52:10.930Z] error: <jellyfinProxyHandler> HTTP Error 500 calling http://127.0.0.1:8096/emby/Sessions?api_key=7c0d5732c0e342db8d7e6a926ba42a30
[2026-03-17T07:52:15.976Z] error: <httpProxy> Error calling http://127.0.0.1:8096/emby/Sessions...
[2026-03-17T07:52:15.977Z] error: <httpProxy> [
  500,
  Error: connect ECONNREFUSED 127.0.0.1:8096
      at <unknown> (Error: connect ECONNREFUSED 127.0.0.1:8096) {
    errno: -111,
    code: 'ECONNREFUSED',
    syscall: 'connect',
    address: '127.0.0.1',
    port: 8096
  }
]
[2026-03-17T07:52:15.977Z] error: <jellyfinProxyHandler> HTTP Error 500 calling http://127.0.0.1:8096/emby/Sessions?api_key=7c0d5732c0e342db8d7e6a926ba42a30
[2026-03-17T07:52:21.013Z] error: <httpProxy> Error calling http://127.0.0.1:8096/emby/Sessions...
[2026-03-17T07:52:21.014Z] error: <httpProxy> [
  500,
  Error: connect ECONNREFUSED 127.0.0.1:8096
      at <unknown> (Error: connect ECONNREFUSED 127.0.0.1:8096) {
    errno: -111,
    code: 'ECONNREFUSED',
    syscall: 'connect',
    address: '127.0.0.1',
    port: 8096
  }
]
[2026-03-17T07:52:21.015Z] error: <jellyfinProxyHandler> HTTP Error 500 calling http://127.0.0.1:8096/emby/Sessions?api_key=7c0d5732c0e342db8d7e6a926ba42a30
[2026-03-17T07:52:26.047Z] error: <httpProxy> Error calling http://127.0.0.1:8096/emby/Sessions...
[2026-03-17T07:52:26.048Z] error: <httpProxy> [
  500,
  Error: connect ECONNREFUSED 127.0.0.1:8096
      at <unknown> (Error: connect ECONNREFUSED 127.0.0.1:8096) {
    errno: -111,
    code: 'ECONNREFUSED',
    syscall: 'connect',
    address: '127.0.0.1',
    port: 8096
  }
]
[2026-03-17T07:52:26.048Z] error: <jellyfinProxyHandler> HTTP Error 500 calling http://127.0.0.1:8096/emby/Sessions?api_key=7c0d5732c0e342db8d7e6a926ba42a30
[2026-03-17T07:52:31.085Z] error: <httpProxy> Error calling http://127.0.0.1:8096/emby/Sessions...
[2026-03-17T07:52:31.086Z] error: <httpProxy> [
  500,
  Error: connect ECONNREFUSED 127.0.0.1:8096
      at <unknown> (Error: connect ECONNREFUSED 127.0.0.1:8096) {
    errno: -111,
    code: 'ECONNREFUSED',
    syscall: 'connect',
    address: '127.0.0.1',
    port: 8096
  }
]
[2026-03-17T07:52:31.086Z] error: <jellyfinProxyHandler> HTTP Error 500 calling http://127.0.0.1:8096/emby/Sessions?api_key=7c0d5732c0e342db8d7e6a926ba42a30
[2026-03-17T07:52:36.131Z] error: <httpProxy> Error calling http://127.0.0.1:8096/emby/Sessions...
[2026-03-17T07:52:36.132Z] error: <httpProxy> [
  500,
  Error: connect ECONNREFUSED 127.0.0.1:8096
      at <unknown> (Error: connect ECONNREFUSED 127.0.0.1:8096) {
    errno: -111,
    code: 'ECONNREFUSED',
    syscall: 'connect',
    address: '127.0.0.1',
    port: 8096
  }
]
[2026-03-17T07:52:36.132Z] error: <jellyfinProxyHandler> HTTP Error 500 calling http://127.0.0.1:8096/emby/Sessions?api_key=7c0d5732c0e342db8d7e6a926ba42a30
[2026-03-17T07:52:41.218Z] error: <httpProxy> Error calling http://127.0.0.1:8096/emby/Sessions...
[2026-03-17T07:52:41.219Z] error: <httpProxy> [
  500,
  Error: connect ECONNREFUSED 127.0.0.1:8096
      at <unknown> (Error: connect ECONNREFUSED 127.0.0.1:8096) {
    errno: -111,
    code: 'ECONNREFUSED',
    syscall: 'connect',
    address: '127.0.0.1',
    port: 8096
  }
]
[2026-03-17T07:52:41.219Z] error: <jellyfinProxyHandler> HTTP Error 500 calling http://127.0.0.1:8096/emby/Sessions?api_key=7c0d5732c0e342db8d7e6a926ba42a30
[2026-03-17T07:52:46.287Z] error: <httpProxy> Error calling http://127.0.0.1:8096/emby/Sessions...
[2026-03-17T07:52:46.288Z] error: <httpProxy> [
  500,
  Error: connect ECONNREFUSED 127.0.0.1:8096
      at <unknown> (Error: connect ECONNREFUSED 127.0.0.1:8096) {
    errno: -111,
    code: 'ECONNREFUSED',
    syscall: 'connect',
    address: '127.0.0.1',
    port: 8096
  }
]
[2026-03-17T07:52:46.288Z] error: <jellyfinProxyHandler> HTTP Error 500 calling http://127.0.0.1:8096/emby/Sessions?api_key=7c0d5732c0e342db8d7e6a926ba42a30
[2026-03-17T07:52:51.323Z] error: <httpProxy> Error calling http://127.0.0.1:8096/emby/Sessions...
[2026-03-17T07:52:51.324Z] error: <httpProxy> [
  500,
  Error: connect ECONNREFUSED 127.0.0.1:8096
      at <unknown> (Error: connect ECONNREFUSED 127.0.0.1:8096) {
    errno: -111,
    code: 'ECONNREFUSED',
    syscall: 'connect',
    address: '127.0.0.1',
    port: 8096
  }
]
[2026-03-17T07:52:51.324Z] error: <jellyfinProxyHandler> HTTP Error 500 calling http://127.0.0.1:8096/emby/Sessions?api_key=7c0d5732c0e342db8d7e6a926ba42a30
[2026-03-17T07:52:56.360Z] error: <httpProxy> Error calling http://127.0.0.1:8096/emby/Sessions...
[2026-03-17T07:52:56.361Z] error: <httpProxy> [
  500,
  Error: connect ECONNREFUSED 127.0.0.1:8096
      at <unknown> (Error: connect ECONNREFUSED 127.0.0.1:8096) {
    errno: -111,
    code: 'ECONNREFUSED',
    syscall: 'connect',
    address: '127.0.0.1',
    port: 8096
  }
]
[2026-03-17T07:52:56.361Z] error: <jellyfinProxyHandler> HTTP Error 500 calling http://127.0.0.1:8096/emby/Sessions?api_key=7c0d5732c0e342db8d7e6a926ba42a30
[2026-03-17T07:54:03.168Z] error: <credentialedProxyHandler> HTTP Error 404 calling https://172.17.0.2:9443/api/kubernetes/1/applications/count
[2026-03-17T07:54:03.204Z] error: <credentialedProxyHandler> HTTP Error 404 calling https://172.17.0.2:9443/api/kubernetes/1/services/count
[2026-03-17T07:54:03.239Z] error: <credentialedProxyHandler> HTTP Error 404 calling https://172.17.0.2:9443/api/kubernetes/1/namespaces/count
[2026-03-17T07:54:03.267Z] error: <httpProxy> Error calling http://localhost:8080/api/login...
[2026-03-17T07:54:03.268Z] error: <httpProxy> [ 500, [AggregateError: ] { code: 'ECONNREFUSED' } ]
[2026-03-17T07:54:03.269Z] error: <filebrowserProxyHandler> Unexpected status code 500 when logging in to Filebrowser API for service 'File Browser'
[2026-03-17T07:54:04.786Z] error: <credentialedProxyHandler> HTTP Error 404 calling https://172.17.0.2:9443/api/kubernetes/1/applications/count
[2026-03-17T07:54:04.815Z] error: <credentialedProxyHandler> HTTP Error 404 calling https://172.17.0.2:9443/api/kubernetes/1/services/count
[2026-03-17T07:54:04.852Z] error: <credentialedProxyHandler> HTTP Error 404 calling https://172.17.0.2:9443/api/kubernetes/1/namespaces/count
[2026-03-17T07:54:04.884Z] error: <httpProxy> Error calling http://localhost:8080/api/login...
[2026-03-17T07:54:04.885Z] error: <httpProxy> [ 500, [AggregateError: ] { code: 'ECONNREFUSED' } ]
[2026-03-17T07:54:04.886Z] error: <filebrowserProxyHandler> Unexpected status code 500 when logging in to Filebrowser API for service 'File Browser'
[2026-03-17T07:54:36.395Z] error: <credentialedProxyHandler> HTTP Error 404 calling https://172.17.0.2:9443/api/kubernetes/1/applications/count
[2026-03-17T07:54:36.463Z] error: <credentialedProxyHandler> HTTP Error 404 calling https://172.17.0.2:9443/api/kubernetes/1/services/count
[2026-03-17T07:54:36.489Z] error: <credentialedProxyHandler> HTTP Error 404 calling https://172.17.0.2:9443/api/kubernetes/1/namespaces/count
[2026-03-17T07:54:36.643Z] error: <credentialedProxyHandler> HTTP Error 404 calling https://172.17.0.2:9443/api/endpoints/1/docker/containers/json?all=1
[2026-03-17T07:54:37.833Z] error: <credentialedProxyHandler> HTTP Error 404 calling https://172.17.0.2:9443/api/endpoints/1/docker/containers/json?all=1
[2026-03-17T07:55:01.078Z] error: <credentialedProxyHandler> HTTP Error 404 calling https://172.17.0.2:9443/api/kubernetes/1/applications/count
[2026-03-17T07:55:01.114Z] error: <credentialedProxyHandler> HTTP Error 404 calling https://172.17.0.2:9443/api/kubernetes/1/services/count
[2026-03-17T07:55:01.149Z] error: <credentialedProxyHandler> HTTP Error 404 calling https://172.17.0.2:9443/api/kubernetes/1/namespaces/count
[2026-03-17T07:55:02.469Z] error: <credentialedProxyHandler> HTTP Error 404 calling https://172.17.0.2:9443/api/endpoints/1/docker/containers/json?all=1
[2026-03-17T07:56:49.825Z] error: <httpProxy> Error calling http://172.19.0.2:8080/api/login...
[2026-03-17T07:56:49.828Z] error: <httpProxy> [
  500,
  Error: connect ETIMEDOUT 172.19.0.2:8080
      at <unknown> (Error: connect ETIMEDOUT 172.19.0.2:8080) {
    errno: -110,
    code: 'ETIMEDOUT',
    syscall: 'connect',
    address: '172.19.0.2',
    port: 8080
  }
]
[2026-03-17T07:56:49.828Z] error: <filebrowserProxyHandler> Unexpected status code 500 when logging in to Filebrowser API for service 'File Browser'
[2026-03-17T07:56:51.877Z] error: <httpProxy> Error calling http://172.19.0.2:8080/api/login...
[2026-03-17T07:56:51.878Z] error: <httpProxy> [
  500,
  Error: connect ETIMEDOUT 172.19.0.2:8080
      at <unknown> (Error: connect ETIMEDOUT 172.19.0.2:8080) {
    errno: -110,
    code: 'ETIMEDOUT',
    syscall: 'connect',
    address: '172.19.0.2',
    port: 8080
  }
]
[2026-03-17T07:56:51.878Z] error: <filebrowserProxyHandler> Unexpected status code 500 when logging in to Filebrowser API for service 'File Browser'
[2026-03-17T07:57:14.456Z] error: <httpProxy> Error calling http://172.19.0.2:8080/api/login...
[2026-03-17T07:57:14.457Z] error: <httpProxy> [
  500,
  Error: connect ETIMEDOUT 172.19.0.2:8080
      at <unknown> (Error: connect ETIMEDOUT 172.19.0.2:8080) {
    errno: -110,
    code: 'ETIMEDOUT',
    syscall: 'connect',
    address: '172.19.0.2',
    port: 8080
  }
]
[2026-03-17T07:57:14.458Z] error: <filebrowserProxyHandler> Unexpected status code 500 when logging in to Filebrowser API for service 'File Browser'
[2026-03-17T07:57:16.449Z] error: <httpProxy> Error calling http://172.19.0.2:8080/api/login...
[2026-03-17T07:57:16.450Z] error: <httpProxy> [
  500,
  Error: connect ETIMEDOUT 172.19.0.2:8080
      at <unknown> (Error: connect ETIMEDOUT 172.19.0.2:8080) {
    errno: -110,
    code: 'ETIMEDOUT',
    syscall: 'connect',
    address: '172.19.0.2',
    port: 8080
  }
]
[2026-03-17T07:57:16.450Z] error: <filebrowserProxyHandler> Unexpected status code 500 when logging in to Filebrowser API for service 'File Browser'
[2026-04-11T13:22:19.943Z] error: <httpProxy> Error calling https://finnhub.io/api/v1/quote...
[2026-04-11T13:22:19.956Z] error: undefined
[2026-04-11T13:22:19.953Z] error: <httpProxy> [
  500,
  AggregateError: 
      at ignore-listed frames {
    code: 'ETIMEDOUT'
  }
]
[2026-04-11T13:22:20.020Z] error: undefined
[2026-04-11T13:22:20.006Z] error: <httpProxy> Error calling https://finnhub.io/api/v1/quote...
[2026-04-11T13:22:20.007Z] error: <httpProxy> [
  500,
  AggregateError: 
      at ignore-listed frames {
    code: 'ETIMEDOUT'
  }
]
[2026-04-11T13:22:20.009Z] error: <httpProxy> Error calling https://finnhub.io/api/v1/quote...
[2026-04-11T13:22:20.010Z] error: <httpProxy> [
  500,
  AggregateError: 
      at ignore-listed frames {
    code: 'ETIMEDOUT'
  }
]
[2026-04-11T13:22:20.011Z] error: <httpProxy> Error calling https://finnhub.io/api/v1/quote...
[2026-04-11T13:22:20.012Z] error: <httpProxy> [
  500,
  AggregateError: 
      at ignore-listed frames {
    code: 'ETIMEDOUT'
  }
]
[2026-04-11T13:22:20.014Z] error: <httpProxy> Error calling https://finnhub.io/api/v1/quote...
[2026-04-11T13:22:20.015Z] error: <httpProxy> [
  500,
  AggregateError: 
      at ignore-listed frames {
    code: 'ETIMEDOUT'
  }
]
[2026-04-11T13:22:20.017Z] error: <httpProxy> Error calling https://finnhub.io/api/v1/quote...
[2026-04-11T13:22:20.018Z] error: <httpProxy> [
  500,
  AggregateError: 
      at ignore-listed frames {
    code: 'ETIMEDOUT'
  }
]
[2026-04-11T13:22:20.022Z] error: <httpProxy> Error calling https://finnhub.io/api/v1/quote...
[2026-04-11T13:22:20.024Z] error: <httpProxy> [
  500,
  AggregateError: 
      at ignore-listed frames {
    code: 'ETIMEDOUT'
  }
]
[2026-04-11T13:22:20.026Z] error: <httpProxy> Error calling https://finnhub.io/api/v1/quote...
[2026-04-11T13:22:20.028Z] error: <httpProxy> [
  500,
  AggregateError: 
      at ignore-listed frames {
    code: 'ETIMEDOUT'
  }
]
[2026-04-11T13:22:20.030Z] error: <httpProxy> Error calling https://finnhub.io/api/v1/quote...
[2026-04-11T13:22:20.031Z] error: <httpProxy> [
  500,
  AggregateError: 
      at ignore-listed frames {
    code: 'ETIMEDOUT'
  }
]
[2026-04-11T13:22:20.034Z] error: <httpProxy> Error calling https://finnhub.io/api/v1/quote...
[2026-04-11T13:22:20.035Z] error: <httpProxy> [
  500,
  AggregateError: 
      at ignore-listed frames {
    code: 'ETIMEDOUT'
  }
]
[2026-04-11T13:22:25.069Z] error: undefined
[2026-04-11T13:22:30.014Z] error: undefined
[2026-04-11T13:22:35.064Z] error: undefined
[2026-04-11T13:22:45.261Z] error: undefined
[2026-04-11T13:23:00.641Z] error: undefined
[2026-04-26T14:03:33.208Z] error: <httpProxy> Error calling https://finnhub.io/api/v1/quote...
[2026-04-26T14:03:33.223Z] error: undefined
[2026-04-26T14:03:33.219Z] error: <httpProxy> [
  500,
  AggregateError: 
      at ignore-listed frames {
    code: 'ETIMEDOUT'
  }
]
[2026-04-26T14:03:33.225Z] error: <httpProxy> Error calling https://finnhub.io/api/v1/quote...
[2026-04-26T14:03:33.227Z] error: <httpProxy> [
  500,
  AggregateError: 
      at ignore-listed frames {
    code: 'ETIMEDOUT'
  }
]
[2026-04-26T14:03:33.232Z] error: <httpProxy> Error calling https://finnhub.io/api/v1/quote...
[2026-04-26T14:03:33.233Z] error: <httpProxy> [
  500,
  AggregateError: 
      at ignore-listed frames {
    code: 'ETIMEDOUT'
  }
]
[2026-04-26T14:03:33.234Z] error: <httpProxy> Error calling https://finnhub.io/api/v1/quote...
[2026-04-26T14:03:33.235Z] error: <httpProxy> [
  500,
  AggregateError: 
      at ignore-listed frames {
    code: 'ETIMEDOUT'
  }
]
[2026-04-26T14:03:33.236Z] error: <httpProxy> Error calling https://finnhub.io/api/v1/quote...
[2026-04-26T14:03:33.237Z] error: <httpProxy> [
  500,
  AggregateError: 
      at ignore-listed frames {
    code: 'ETIMEDOUT'
  }
]
[2026-04-26T14:05:19.272Z] error: <httpProxy> Error calling https://finnhub.io/api/v1/quote...
[2026-04-26T14:05:19.274Z] error: undefined
[2026-04-26T14:05:19.273Z] error: <httpProxy> [
  500,
  AggregateError: 
      at ignore-listed frames {
    code: 'ETIMEDOUT'
  }
]
[2026-04-26T14:05:19.276Z] error: <httpProxy> Error calling https://finnhub.io/api/v1/quote...
[2026-04-26T14:05:19.277Z] error: <httpProxy> [
  500,
  AggregateError: 
      at ignore-listed frames {
    code: 'ETIMEDOUT'
  }
]
[2026-04-26T14:05:19.278Z] error: <httpProxy> Error calling https://finnhub.io/api/v1/quote...
[2026-04-26T14:05:19.279Z] error: <httpProxy> [
  500,
  AggregateError: 
      at ignore-listed frames {
    code: 'ETIMEDOUT'
  }
]
[2026-04-26T14:05:19.282Z] error: <httpProxy> Error calling https://finnhub.io/api/v1/quote...
[2026-04-26T14:05:19.282Z] error: <httpProxy> [
  500,
  AggregateError: 
      at ignore-listed frames {
    code: 'ETIMEDOUT'
  }
]
[2026-04-26T14:05:19.284Z] error: <httpProxy> Error calling https://finnhub.io/api/v1/quote...
[2026-04-26T14:05:19.285Z] error: <httpProxy> [
  500,
  AggregateError: 
      at ignore-listed frames {
    code: 'ETIMEDOUT'
  }
]
[2026-04-26T14:10:08.361Z] error: <httpProxy> Error calling https://finnhub.io/api/v1/quote...
[2026-04-26T14:10:08.364Z] error: undefined
[2026-04-26T14:10:08.362Z] error: <httpProxy> [
  500,
  AggregateError: 
      at ignore-listed frames {
    code: 'ETIMEDOUT'
  }
]
[2026-04-26T14:10:08.365Z] error: <httpProxy> Error calling https://finnhub.io/api/v1/quote...
[2026-04-26T14:10:08.366Z] error: <httpProxy> [
  500,
  AggregateError: 
      at ignore-listed frames {
    code: 'ETIMEDOUT'
  }
]
[2026-04-26T14:10:08.368Z] error: <httpProxy> Error calling https://finnhub.io/api/v1/quote...
[2026-04-26T14:10:08.369Z] error: <httpProxy> [
  500,
  AggregateError: 
      at ignore-listed frames {
    code: 'ETIMEDOUT'
  }
]
[2026-04-26T14:10:08.371Z] error: <httpProxy> Error calling https://finnhub.io/api/v1/quote...
[2026-04-26T14:10:08.372Z] error: <httpProxy> [
  500,
  AggregateError: 
      at ignore-listed frames {
    code: 'ETIMEDOUT'
  }
]
[2026-04-26T14:10:08.373Z] error: <httpProxy> Error calling https://finnhub.io/api/v1/quote...
[2026-04-26T14:10:08.374Z] error: <httpProxy> [
  500,
  AggregateError: 
      at ignore-listed frames {
    code: 'ETIMEDOUT'
  }
]
[2026-04-26T14:10:29.306Z] error: undefined
[2026-04-26T14:10:34.514Z] error: undefined
[2026-04-26T14:10:34.712Z] error: undefined
[2026-04-26T16:20:09.713Z] error: <jellyfinProxyHandler> HTTP Error 503 calling http://172.18.0.2:8096/emby/Sessions?api_key=7c0d5732c0e342db8d7e6a926ba42a30
[2026-04-26T16:20:09.854Z] error: <jellyfinProxyHandler> HTTP Error 503 calling http://172.18.0.2:8096/emby/Items/Counts?api_key=7c0d5732c0e342db8d7e6a926ba42a30
[2026-04-26T16:20:12.136Z] error: <jellyfinProxyHandler> HTTP Error 503 calling http://172.18.0.2:8096/emby/Sessions?api_key=7c0d5732c0e342db8d7e6a926ba42a30
[2026-04-26T16:20:12.243Z] error: <jellyfinProxyHandler> HTTP Error 503 calling http://172.18.0.2:8096/emby/Items/Counts?api_key=7c0d5732c0e342db8d7e6a926ba42a30
[2026-04-30T02:37:28.413Z] error: <httpProxy> Error calling https://finnhub.io/api/v1/quote...
[2026-04-30T02:37:28.427Z] error: undefined
[2026-04-30T02:37:28.423Z] error: <httpProxy> [
  500,
  AggregateError: 
      at ignore-listed frames {
    code: 'ETIMEDOUT'
  }
]
[2026-04-30T02:37:28.445Z] error: <httpProxy> Error calling https://finnhub.io/api/v1/quote...
[2026-04-30T02:37:28.448Z] error: <httpProxy> [
  500,
  AggregateError: 
      at ignore-listed frames {
    code: 'ETIMEDOUT'
  }
]
[2026-04-30T02:37:28.450Z] error: <httpProxy> Error calling https://finnhub.io/api/v1/quote...
[2026-04-30T02:37:28.451Z] error: <httpProxy> [
  500,
  AggregateError: 
      at ignore-listed frames {
    code: 'ETIMEDOUT'
  }
]
[2026-04-30T02:37:28.454Z] error: <httpProxy> Error calling https://finnhub.io/api/v1/quote...
[2026-04-30T02:37:28.456Z] error: <httpProxy> [
  500,
  AggregateError: 
      at ignore-listed frames {
    code: 'ETIMEDOUT'
  }
]
[2026-04-30T02:37:28.457Z] error: <httpProxy> Error calling https://finnhub.io/api/v1/quote...
[2026-04-30T02:37:28.459Z] error: <httpProxy> [
  500,
  AggregateError: 
      at ignore-listed frames {
    code: 'ETIMEDOUT'
  }
]
[2026-04-30T02:37:28.688Z] error: undefined
[2026-04-30T02:37:33.722Z] error: undefined
[2026-04-30T02:37:52.403Z] error: undefined
[2026-04-30T02:38:02.427Z] error: undefined
[2026-04-30T02:38:23.088Z] error: undefined
[2026-04-30T02:41:03.825Z] error: <httpProxy> Error calling https://finnhub.io/api/v1/quote...
[2026-04-30T02:41:03.827Z] error: undefined
[2026-04-30T02:41:03.826Z] error: <httpProxy> [
  500,
  AggregateError: 
      at ignore-listed frames {
    code: 'ETIMEDOUT'
  }
]
[2026-04-30T02:41:03.829Z] error: <httpProxy> Error calling https://finnhub.io/api/v1/quote...
[2026-04-30T02:41:03.830Z] error: <httpProxy> [
  500,
  AggregateError: 
      at ignore-listed frames {
    code: 'ETIMEDOUT'
  }
]
[2026-04-30T02:41:03.833Z] error: <httpProxy> Error calling https://finnhub.io/api/v1/quote...
[2026-04-30T02:41:03.834Z] error: <httpProxy> [
  500,
  AggregateError: 
      at ignore-listed frames {
    code: 'ETIMEDOUT'
  }
]
[2026-04-30T02:41:03.835Z] error: <httpProxy> Error calling https://finnhub.io/api/v1/quote...
[2026-04-30T02:41:03.836Z] error: <httpProxy> [
  500,
  AggregateError: 
      at ignore-listed frames {
    code: 'ETIMEDOUT'
  }
]
[2026-04-30T02:41:03.838Z] error: <httpProxy> Error calling https://finnhub.io/api/v1/quote...
[2026-04-30T02:41:03.839Z] error: <httpProxy> [
  500,
  AggregateError: 
      at ignore-listed frames {
    code: 'ETIMEDOUT'
  }
]
[2026-04-30T02:41:08.871Z] error: undefined
[2026-04-30T02:44:00.581Z] error: <httpProxy> Error calling https://finnhub.io/api/v1/quote...
[2026-04-30T02:44:00.584Z] error: undefined
[2026-04-30T02:44:00.582Z] error: <httpProxy> [
  500,
  AggregateError: 
      at ignore-listed frames {
    code: 'ETIMEDOUT'
  }
]
[2026-04-30T02:44:00.585Z] error: <httpProxy> Error calling https://finnhub.io/api/v1/quote...
[2026-04-30T02:44:00.586Z] error: <httpProxy> [
  500,
  AggregateError: 
      at ignore-listed frames {
    code: 'ETIMEDOUT'
  }
]
[2026-04-30T02:44:00.588Z] error: <httpProxy> Error calling https://finnhub.io/api/v1/quote...
[2026-04-30T02:44:00.589Z] error: <httpProxy> [
  500,
  AggregateError: 
      at ignore-listed frames {
    code: 'ETIMEDOUT'
  }
]
[2026-04-30T02:44:00.590Z] error: <httpProxy> Error calling https://finnhub.io/api/v1/quote...
[2026-04-30T02:44:00.591Z] error: <httpProxy> [
  500,
  AggregateError: 
      at ignore-listed frames {
    code: 'ETIMEDOUT'
  }
]
[2026-04-30T02:44:00.592Z] error: <httpProxy> Error calling https://finnhub.io/api/v1/quote...
[2026-04-30T02:44:00.593Z] error: <httpProxy> [
  500,
  AggregateError: 
      at ignore-listed frames {
    code: 'ETIMEDOUT'
  }
]
[2026-05-10T07:09:34.867Z] info: 🌐 i18next is made possible by our own product, Locize — consider powering your project with managed localization (AI, CDN, integrations): https://locize.com 💙
[2026-05-10T07:11:48.893Z] error: <httpProxy> Error calling http://172.18.0.2:8096/emby/Items/Counts...
[2026-05-10T07:11:48.902Z] error: <httpProxy> [
  500,
  Error: connect ETIMEDOUT 172.18.0.2:8096
      at <unknown> (Error: connect ETIMEDOUT 172.18.0.2:8096) {
    errno: -110,
    code: 'ETIMEDOUT',
    syscall: 'connect',
    address: '172.18.0.2',
    port: 8096
  }
]
[2026-05-10T07:11:48.903Z] error: <jellyfinProxyHandler> HTTP Error 500 calling http://172.18.0.2:8096/emby/Items/Counts?api_key=7c0d5732c0e342db8d7e6a926ba42a30
[2026-05-10T07:11:48.904Z] error: <httpProxy> Error calling http://172.18.0.2:8096/emby/Sessions...
[2026-05-10T07:11:48.905Z] error: <httpProxy> [
  500,
  Error: connect ETIMEDOUT 172.18.0.2:8096
      at <unknown> (Error: connect ETIMEDOUT 172.18.0.2:8096) {
    errno: -110,
    code: 'ETIMEDOUT',
    syscall: 'connect',
    address: '172.18.0.2',
    port: 8096
  }
]
[2026-05-10T07:11:48.905Z] error: <jellyfinProxyHandler> HTTP Error 500 calling http://172.18.0.2:8096/emby/Sessions?api_key=7c0d5732c0e342db8d7e6a926ba42a30
[2026-05-10T07:11:48.906Z] error: <httpProxy> Error calling https://172.17.0.2:9443/api/endpoints/3/docker/containers/json...
[2026-05-10T07:11:48.907Z] error: <httpProxy> [
  500,
  Error: connect ETIMEDOUT 172.17.0.2:9443
      at <unknown> (Error: connect ETIMEDOUT 172.17.0.2:9443) {
    errno: -110,
    code: 'ETIMEDOUT',
    syscall: 'connect',
    address: '172.17.0.2',
    port: 9443
  }
]
[2026-05-10T07:11:48.907Z] error: <credentialedProxyHandler> HTTP Error 500 calling https://172.17.0.2:9443/api/endpoints/3/docker/containers/json?all=1
[2026-05-10T07:11:52.983Z] error: <httpProxy> Error calling http://172.18.0.2:8096/emby/Items/Counts...
[2026-05-10T07:11:52.985Z] error: <httpProxy> [
  500,
  Error: connect ETIMEDOUT 172.18.0.2:8096
      at <unknown> (Error: connect ETIMEDOUT 172.18.0.2:8096) {
    errno: -110,
    code: 'ETIMEDOUT',
    syscall: 'connect',
    address: '172.18.0.2',
    port: 8096
  }
]
[2026-05-10T07:11:52.986Z] error: <jellyfinProxyHandler> HTTP Error 500 calling http://172.18.0.2:8096/emby/Items/Counts?api_key=7c0d5732c0e342db8d7e6a926ba42a30
[2026-05-10T07:11:52.987Z] error: <httpProxy> Error calling http://172.18.0.2:8096/emby/Sessions...
[2026-05-10T07:11:52.990Z] error: <httpProxy> [
  500,
  Error: connect ETIMEDOUT 172.18.0.2:8096
      at <unknown> (Error: connect ETIMEDOUT 172.18.0.2:8096) {
    errno: -110,
    code: 'ETIMEDOUT',
    syscall: 'connect',
    address: '172.18.0.2',
    port: 8096
  }
]
[2026-05-10T07:11:52.990Z] error: <jellyfinProxyHandler> HTTP Error 500 calling http://172.18.0.2:8096/emby/Sessions?api_key=7c0d5732c0e342db8d7e6a926ba42a30
[2026-05-10T07:11:52.991Z] error: <httpProxy> Error calling https://172.17.0.2:9443/api/endpoints/3/docker/containers/json...
[2026-05-10T07:11:52.992Z] error: <httpProxy> [
  500,
  Error: connect ETIMEDOUT 172.17.0.2:9443
      at <unknown> (Error: connect ETIMEDOUT 172.17.0.2:9443) {
    errno: -110,
    code: 'ETIMEDOUT',
    syscall: 'connect',
    address: '172.17.0.2',
    port: 9443
  }
]
[2026-05-10T07:11:52.992Z] error: <credentialedProxyHandler> HTTP Error 500 calling https://172.17.0.2:9443/api/endpoints/3/docker/containers/json?all=1
[2026-05-10T07:12:21.654Z] error: <httpProxy> Error calling http://172.18.0.2:8096/emby/Items/Counts...
[2026-05-10T07:12:21.656Z] error: <httpProxy> [
  500,
  Error: connect ETIMEDOUT 172.18.0.2:8096
      at <unknown> (Error: connect ETIMEDOUT 172.18.0.2:8096) {
    errno: -110,
    code: 'ETIMEDOUT',
    syscall: 'connect',
    address: '172.18.0.2',
    port: 8096
  }
]
[2026-05-10T07:12:21.657Z] error: <jellyfinProxyHandler> HTTP Error 500 calling http://172.18.0.2:8096/emby/Items/Counts?api_key=7c0d5732c0e342db8d7e6a926ba42a30
[2026-05-10T07:12:21.658Z] error: <httpProxy> Error calling http://172.18.0.2:8096/emby/Sessions...
[2026-05-10T07:12:21.659Z] error: <httpProxy> [
  500,
  Error: connect ETIMEDOUT 172.18.0.2:8096
      at <unknown> (Error: connect ETIMEDOUT 172.18.0.2:8096) {
    errno: -110,
    code: 'ETIMEDOUT',
    syscall: 'connect',
    address: '172.18.0.2',
    port: 8096
  }
]
[2026-05-10T07:12:21.659Z] error: <jellyfinProxyHandler> HTTP Error 500 calling http://172.18.0.2:8096/emby/Sessions?api_key=7c0d5732c0e342db8d7e6a926ba42a30
[2026-05-10T07:12:21.662Z] error: <httpProxy> Error calling https://172.17.0.2:9443/api/endpoints/3/docker/containers/json...
[2026-05-10T07:12:21.662Z] error: <httpProxy> [
  500,
  Error: connect ETIMEDOUT 172.17.0.2:9443
      at <unknown> (Error: connect ETIMEDOUT 172.17.0.2:9443) {
    errno: -110,
    code: 'ETIMEDOUT',
    syscall: 'connect',
    address: '172.17.0.2',
    port: 9443
  }
]
[2026-05-10T07:12:21.663Z] error: <credentialedProxyHandler> HTTP Error 500 calling https://172.17.0.2:9443/api/endpoints/3/docker/containers/json?all=1
[2026-05-10T07:19:31.734Z] error: <httpProxy> Error calling http://172.18.0.2:8096/emby/Items/Counts...
[2026-05-10T07:19:31.736Z] error: <httpProxy> [
  500,
  Error: connect ETIMEDOUT 172.18.0.2:8096
      at <unknown> (Error: connect ETIMEDOUT 172.18.0.2:8096) {
    errno: -110,
    code: 'ETIMEDOUT',
    syscall: 'connect',
    address: '172.18.0.2',
    port: 8096
  }
]
[2026-05-10T07:19:31.736Z] error: <jellyfinProxyHandler> HTTP Error 500 calling http://172.18.0.2:8096/emby/Items/Counts?api_key=7c0d5732c0e342db8d7e6a926ba42a30
[2026-05-10T07:19:31.737Z] error: <httpProxy> Error calling https://172.17.0.2:9443/api/endpoints/3/docker/containers/json...
[2026-05-10T07:19:31.738Z] error: <httpProxy> [
  500,
  Error: connect ETIMEDOUT 172.17.0.2:9443
      at <unknown> (Error: connect ETIMEDOUT 172.17.0.2:9443) {
    errno: -110,
    code: 'ETIMEDOUT',
    syscall: 'connect',
    address: '172.17.0.2',
    port: 9443
  }
]
[2026-05-10T07:19:31.739Z] error: <credentialedProxyHandler> HTTP Error 500 calling https://172.17.0.2:9443/api/endpoints/3/docker/containers/json?all=1
[2026-05-10T07:19:31.740Z] error: <httpProxy> Error calling http://172.18.0.2:8096/emby/Sessions...
[2026-05-10T07:19:31.740Z] error: <httpProxy> [
  500,
  Error: connect ETIMEDOUT 172.18.0.2:8096
      at <unknown> (Error: connect ETIMEDOUT 172.18.0.2:8096) {
    errno: -110,
    code: 'ETIMEDOUT',
    syscall: 'connect',
    address: '172.18.0.2',
    port: 8096
  }
]
[2026-05-10T07:19:31.741Z] error: <jellyfinProxyHandler> HTTP Error 500 calling http://172.18.0.2:8096/emby/Sessions?api_key=7c0d5732c0e342db8d7e6a926ba42a30
[2026-05-10T07:20:45.464Z] error: <httpProxy> Error calling http://172.18.0.2:8096/emby/Sessions...
[2026-05-10T07:20:45.466Z] error: <httpProxy> [
  500,
  Error: connect ETIMEDOUT 172.18.0.2:8096
      at <unknown> (Error: connect ETIMEDOUT 172.18.0.2:8096) {
    errno: -110,
    code: 'ETIMEDOUT',
    syscall: 'connect',
    address: '172.18.0.2',
    port: 8096
  }
]
[2026-05-10T07:20:45.467Z] error: <jellyfinProxyHandler> HTTP Error 500 calling http://172.18.0.2:8096/emby/Sessions?api_key=7c0d5732c0e342db8d7e6a926ba42a30
[2026-05-10T07:20:45.468Z] error: <httpProxy> Error calling http://172.18.0.2:8096/emby/Items/Counts...
[2026-05-10T07:20:45.469Z] error: <httpProxy> [
  500,
  Error: connect ETIMEDOUT 172.18.0.2:8096
      at <unknown> (Error: connect ETIMEDOUT 172.18.0.2:8096) {
    errno: -110,
    code: 'ETIMEDOUT',
    syscall: 'connect',
    address: '172.18.0.2',
    port: 8096
  }
]
[2026-05-10T07:20:45.469Z] error: <jellyfinProxyHandler> HTTP Error 500 calling http://172.18.0.2:8096/emby/Items/Counts?api_key=7c0d5732c0e342db8d7e6a926ba42a30
[2026-05-10T07:20:45.470Z] error: <httpProxy> Error calling https://172.17.0.2:9443/api/endpoints/3/docker/containers/json...
[2026-05-10T07:20:45.471Z] error: <httpProxy> [
  500,
  Error: connect ETIMEDOUT 172.17.0.2:9443
      at <unknown> (Error: connect ETIMEDOUT 172.17.0.2:9443) {
    errno: -110,
    code: 'ETIMEDOUT',
    syscall: 'connect',
    address: '172.17.0.2',
    port: 9443
  }
]
[2026-05-10T07:20:45.471Z] error: <credentialedProxyHandler> HTTP Error 500 calling https://172.17.0.2:9443/api/endpoints/3/docker/containers/json?all=1
[2026-05-10T07:20:49.562Z] error: <httpProxy> Error calling http://172.18.0.2:8096/emby/Items/Counts...
[2026-05-10T07:20:49.563Z] error: <httpProxy> [
  500,
  Error: connect ETIMEDOUT 172.18.0.2:8096
      at <unknown> (Error: connect ETIMEDOUT 172.18.0.2:8096) {
    errno: -110,
    code: 'ETIMEDOUT',
    syscall: 'connect',
    address: '172.18.0.2',
    port: 8096
  }
]
[2026-05-10T07:20:49.563Z] error: <jellyfinProxyHandler> HTTP Error 500 calling http://172.18.0.2:8096/emby/Items/Counts?api_key=7c0d5732c0e342db8d7e6a926ba42a30
[2026-05-10T07:20:49.564Z] error: <httpProxy> Error calling https://172.17.0.2:9443/api/endpoints/3/docker/containers/json...
[2026-05-10T07:20:49.565Z] error: <httpProxy> [
  500,
  Error: connect ETIMEDOUT 172.17.0.2:9443
      at <unknown> (Error: connect ETIMEDOUT 172.17.0.2:9443) {
    errno: -110,
    code: 'ETIMEDOUT',
    syscall: 'connect',
    address: '172.17.0.2',
    port: 9443
  }
]
[2026-05-10T07:20:49.566Z] error: <credentialedProxyHandler> HTTP Error 500 calling https://172.17.0.2:9443/api/endpoints/3/docker/containers/json?all=1
[2026-05-10T07:20:49.567Z] error: <httpProxy> Error calling http://172.18.0.2:8096/emby/Sessions...
[2026-05-10T07:20:49.568Z] error: <httpProxy> [
  500,
  Error: connect ETIMEDOUT 172.18.0.2:8096
      at <unknown> (Error: connect ETIMEDOUT 172.18.0.2:8096) {
    errno: -110,
    code: 'ETIMEDOUT',
    syscall: 'connect',
    address: '172.18.0.2',
    port: 8096
  }
]
[2026-05-10T07:20:49.569Z] error: <jellyfinProxyHandler> HTTP Error 500 calling http://172.18.0.2:8096/emby/Sessions?api_key=7c0d5732c0e342db8d7e6a926ba42a30
[2026-05-10T11:30:52.443Z] error: <httpProxy> Error calling http://172.18.0.2:8096/emby/Items/Counts...
[2026-05-10T11:30:52.465Z] error: <httpProxy> [
  500,
  Error: connect ETIMEDOUT 172.18.0.2:8096
      at <unknown> (Error: connect ETIMEDOUT 172.18.0.2:8096) {
    errno: -110,
    code: 'ETIMEDOUT',
    syscall: 'connect',
    address: '172.18.0.2',
    port: 8096
  }
]
[2026-05-10T11:30:52.465Z] error: <jellyfinProxyHandler> HTTP Error 500 calling http://172.18.0.2:8096/emby/Items/Counts?api_key=7c0d5732c0e342db8d7e6a926ba42a30
[2026-05-10T11:30:52.465Z] error: <httpProxy> Error calling https://172.17.0.2:9443/api/endpoints/3/docker/containers/json...
[2026-05-10T11:30:52.465Z] error: <httpProxy> [
  500,
  Error: connect ETIMEDOUT 172.17.0.2:9443
      at <unknown> (Error: connect ETIMEDOUT 172.17.0.2:9443) {
    errno: -110,
    code: 'ETIMEDOUT',
    syscall: 'connect',
    address: '172.17.0.2',
    port: 9443
  }
]
[2026-05-10T11:30:52.466Z] error: <credentialedProxyHandler> HTTP Error 500 calling https://172.17.0.2:9443/api/endpoints/3/docker/containers/json?all=1
[2026-05-10T11:30:52.466Z] error: <httpProxy> Error calling http://172.18.0.2:8096/emby/Sessions...
[2026-05-10T11:30:52.466Z] error: <httpProxy> [
  500,
  Error: connect ETIMEDOUT 172.18.0.2:8096
      at <unknown> (Error: connect ETIMEDOUT 172.18.0.2:8096) {
    errno: -110,
    code: 'ETIMEDOUT',
    syscall: 'connect',
    address: '172.18.0.2',
    port: 8096
  }
]
[2026-05-10T11:30:52.466Z] error: <jellyfinProxyHandler> HTTP Error 500 calling http://172.18.0.2:8096/emby/Sessions?api_key=7c0d5732c0e342db8d7e6a926ba42a30
[2026-05-10T11:30:52.466Z] error: <httpProxy> Error calling http://172.18.0.2:8096/emby/Items/Counts...
[2026-05-10T11:30:52.467Z] error: <httpProxy> [
  500,
  Error: connect ETIMEDOUT 172.18.0.2:8096
      at <unknown> (Error: connect ETIMEDOUT 172.18.0.2:8096) {
    errno: -110,
    code: 'ETIMEDOUT',
    syscall: 'connect',
    address: '172.18.0.2',
    port: 8096
  }
]
[2026-05-10T11:30:52.467Z] error: <jellyfinProxyHandler> HTTP Error 500 calling http://172.18.0.2:8096/emby/Items/Counts?api_key=7c0d5732c0e342db8d7e6a926ba42a30
[2026-05-10T11:30:52.467Z] error: <httpProxy> Error calling http://172.18.0.2:8096/emby/Sessions...
[2026-05-10T11:30:52.467Z] error: <httpProxy> [
  500,
  Error: connect ETIMEDOUT 172.18.0.2:8096
      at <unknown> (Error: connect ETIMEDOUT 172.18.0.2:8096) {
    errno: -110,
    code: 'ETIMEDOUT',
    syscall: 'connect',
    address: '172.18.0.2',
    port: 8096
  }
]
[2026-05-10T11:30:52.467Z] error: <jellyfinProxyHandler> HTTP Error 500 calling http://172.18.0.2:8096/emby/Sessions?api_key=7c0d5732c0e342db8d7e6a926ba42a30
[2026-05-10T11:30:52.468Z] error: <httpProxy> Error calling https://172.17.0.2:9443/api/endpoints/3/docker/containers/json...
[2026-05-10T11:30:52.468Z] error: <httpProxy> [
  500,
  Error: connect ETIMEDOUT 172.17.0.2:9443
      at <unknown> (Error: connect ETIMEDOUT 172.17.0.2:9443) {
    errno: -110,
    code: 'ETIMEDOUT',
    syscall: 'connect',
    address: '172.17.0.2',
    port: 9443
  }
]
[2026-05-10T11:30:52.469Z] error: <credentialedProxyHandler> HTTP Error 500 calling https://172.17.0.2:9443/api/endpoints/3/docker/containers/json?all=1
[2026-05-10T11:30:52.469Z] error: <httpProxy> Error calling http://172.18.0.2:8096/emby/Items/Counts...
[2026-05-10T11:30:52.470Z] error: <httpProxy> [
  500,
  Error: connect ETIMEDOUT 172.18.0.2:8096
      at <unknown> (Error: connect ETIMEDOUT 172.18.0.2:8096) {
    errno: -110,
    code: 'ETIMEDOUT',
    syscall: 'connect',
    address: '172.18.0.2',
    port: 8096
  }
]
[2026-05-10T11:30:52.470Z] error: <jellyfinProxyHandler> HTTP Error 500 calling http://172.18.0.2:8096/emby/Items/Counts?api_key=7c0d5732c0e342db8d7e6a926ba42a30
[2026-05-10T11:30:52.470Z] error: <httpProxy> Error calling http://172.18.0.2:8096/emby/Sessions...
[2026-05-10T11:30:52.470Z] error: <httpProxy> [
  500,
  Error: connect ETIMEDOUT 172.18.0.2:8096
      at <unknown> (Error: connect ETIMEDOUT 172.18.0.2:8096) {
    errno: -110,
    code: 'ETIMEDOUT',
    syscall: 'connect',
    address: '172.18.0.2',
    port: 8096
  }
]
[2026-05-10T11:30:52.470Z] error: <jellyfinProxyHandler> HTTP Error 500 calling http://172.18.0.2:8096/emby/Sessions?api_key=7c0d5732c0e342db8d7e6a926ba42a30
[2026-05-10T11:30:52.472Z] error: <httpProxy> Error calling https://172.17.0.2:9443/api/endpoints/3/docker/containers/json...
[2026-05-10T11:30:52.472Z] error: <httpProxy> [
  500,
  Error: connect ETIMEDOUT 172.17.0.2:9443
      at <unknown> (Error: connect ETIMEDOUT 172.17.0.2:9443) {
    errno: -110,
    code: 'ETIMEDOUT',
    syscall: 'connect',
    address: '172.17.0.2',
    port: 9443
  }
]
[2026-05-10T11:30:52.472Z] error: <credentialedProxyHandler> HTTP Error 500 calling https://172.17.0.2:9443/api/endpoints/3/docker/containers/json?all=1
[2026-05-10T11:30:52.473Z] error: <httpProxy> Error calling http://172.18.0.2:8096/emby/Items/Counts...
[2026-05-10T11:30:52.473Z] error: <httpProxy> [
  500,
  Error: connect ETIMEDOUT 172.18.0.2:8096
      at <unknown> (Error: connect ETIMEDOUT 172.18.0.2:8096) {
    errno: -110,
    code: 'ETIMEDOUT',
    syscall: 'connect',
    address: '172.18.0.2',
    port: 8096
  }
]
[2026-05-10T11:30:52.473Z] error: <jellyfinProxyHandler> HTTP Error 500 calling http://172.18.0.2:8096/emby/Items/Counts?api_key=7c0d5732c0e342db8d7e6a926ba42a30
[2026-05-10T11:30:52.473Z] error: <httpProxy> Error calling http://172.18.0.2:8096/emby/Sessions...
[2026-05-10T11:30:52.474Z] error: <httpProxy> [
  500,
  Error: connect ETIMEDOUT 172.18.0.2:8096
      at <unknown> (Error: connect ETIMEDOUT 172.18.0.2:8096) {
    errno: -110,
    code: 'ETIMEDOUT',
    syscall: 'connect',
    address: '172.18.0.2',
    port: 8096
  }
]
[2026-05-10T11:30:52.474Z] error: <jellyfinProxyHandler> HTTP Error 500 calling http://172.18.0.2:8096/emby/Sessions?api_key=7c0d5732c0e342db8d7e6a926ba42a30
[2026-05-10T11:30:52.475Z] error: <httpProxy> Error calling https://172.17.0.2:9443/api/endpoints/3/docker/containers/json...
[2026-05-10T11:30:52.475Z] error: <httpProxy> [
  500,
  Error: connect ETIMEDOUT 172.17.0.2:9443
      at <unknown> (Error: connect ETIMEDOUT 172.17.0.2:9443) {
    errno: -110,
    code: 'ETIMEDOUT',
    syscall: 'connect',
    address: '172.17.0.2',
    port: 9443
  }
]
[2026-05-10T11:30:52.475Z] error: <credentialedProxyHandler> HTTP Error 500 calling https://172.17.0.2:9443/api/endpoints/3/docker/containers/json?all=1
[2026-05-10T11:33:33.876Z] error: <httpProxy> Error calling http://172.18.0.2:8096/emby/Items/Counts...
[2026-05-10T11:33:33.877Z] error: <httpProxy> [
  500,
  Error: connect ETIMEDOUT 172.18.0.2:8096
      at <unknown> (Error: connect ETIMEDOUT 172.18.0.2:8096) {
    errno: -110,
    code: 'ETIMEDOUT',
    syscall: 'connect',
    address: '172.18.0.2',
    port: 8096
  }
]
[2026-05-10T11:33:33.878Z] error: <jellyfinProxyHandler> HTTP Error 500 calling http://172.18.0.2:8096/emby/Items/Counts?api_key=7c0d5732c0e342db8d7e6a926ba42a30
[2026-05-10T11:33:33.884Z] error: <httpProxy> Error calling http://172.18.0.2:8096/emby/Sessions...
[2026-05-10T11:33:33.885Z] error: <httpProxy> [
  500,
  Error: connect ETIMEDOUT 172.18.0.2:8096
      at <unknown> (Error: connect ETIMEDOUT 172.18.0.2:8096) {
    errno: -110,
    code: 'ETIMEDOUT',
    syscall: 'connect',
    address: '172.18.0.2',
    port: 8096
  }
]
[2026-05-10T11:33:33.886Z] error: <jellyfinProxyHandler> HTTP Error 500 calling http://172.18.0.2:8096/emby/Sessions?api_key=7c0d5732c0e342db8d7e6a926ba42a30
[2026-05-10T11:33:33.887Z] error: <httpProxy> Error calling https://172.17.0.2:9443/api/endpoints/3/docker/containers/json...
[2026-05-10T11:33:33.887Z] error: <httpProxy> [
  500,
  Error: connect ETIMEDOUT 172.17.0.2:9443
      at <unknown> (Error: connect ETIMEDOUT 172.17.0.2:9443) {
    errno: -110,
    code: 'ETIMEDOUT',
    syscall: 'connect',
    address: '172.17.0.2',
    port: 9443
  }
]
[2026-05-10T11:33:33.888Z] error: <credentialedProxyHandler> HTTP Error 500 calling https://172.17.0.2:9443/api/endpoints/3/docker/containers/json?all=1
[2026-06-09T07:29:21.505Z] error: <httpProxy> Error calling http://172.18.0.2:8096/emby/Items/Counts...
[2026-06-09T07:29:21.521Z] error: <httpProxy> [
  500,
  Error: connect ETIMEDOUT 172.18.0.2:8096
      at <unknown> (Error: connect ETIMEDOUT 172.18.0.2:8096) {
    errno: -110,
    code: 'ETIMEDOUT',
    syscall: 'connect',
    address: '172.18.0.2',
    port: 8096
  }
]
[2026-06-09T07:29:21.521Z] error: <jellyfinProxyHandler> HTTP Error 500 calling http://172.18.0.2:8096/emby/Items/Counts?api_key=7c0d5732c0e342db8d7e6a926ba42a30
[2026-06-09T07:29:21.522Z] error: <httpProxy> Error calling http://172.18.0.2:8096/emby/Sessions...
[2026-06-09T07:29:21.522Z] error: <httpProxy> [
  500,
  Error: connect ETIMEDOUT 172.18.0.2:8096
      at <unknown> (Error: connect ETIMEDOUT 172.18.0.2:8096) {
    errno: -110,
    code: 'ETIMEDOUT',
    syscall: 'connect',
    address: '172.18.0.2',
    port: 8096
  }
]
[2026-06-09T07:29:21.523Z] error: <jellyfinProxyHandler> HTTP Error 500 calling http://172.18.0.2:8096/emby/Sessions?api_key=7c0d5732c0e342db8d7e6a926ba42a30
[2026-06-09T07:29:21.523Z] error: <httpProxy> Error calling https://172.17.0.2:9443/api/endpoints/3/docker/containers/json...
[2026-06-09T07:29:21.523Z] error: <httpProxy> [
  500,
  Error: connect ETIMEDOUT 172.17.0.2:9443
      at <unknown> (Error: connect ETIMEDOUT 172.17.0.2:9443) {
    errno: -110,
    code: 'ETIMEDOUT',
    syscall: 'connect',
    address: '172.17.0.2',
    port: 9443
  }
]
[2026-06-09T07:29:21.523Z] error: <credentialedProxyHandler> HTTP Error 500 calling https://172.17.0.2:9443/api/endpoints/3/docker/containers/json?all=1
[2026-06-09T07:32:21.719Z] error: <httpProxy> Error calling http://172.18.0.2:8096/emby/Items/Counts...
[2026-06-09T07:32:21.722Z] error: <httpProxy> [
  500,
  Error: connect ETIMEDOUT 172.18.0.2:8096
      at <unknown> (Error: connect ETIMEDOUT 172.18.0.2:8096) {
    errno: -110,
    code: 'ETIMEDOUT',
    syscall: 'connect',
    address: '172.18.0.2',
    port: 8096
  }
]
[2026-06-09T07:32:21.722Z] error: <jellyfinProxyHandler> HTTP Error 500 calling http://172.18.0.2:8096/emby/Items/Counts?api_key=7c0d5732c0e342db8d7e6a926ba42a30
[2026-06-09T07:32:21.723Z] error: <httpProxy> Error calling http://172.18.0.2:8096/emby/Sessions...
[2026-06-09T07:32:21.726Z] error: <httpProxy> [
  500,
  Error: connect ETIMEDOUT 172.18.0.2:8096
      at <unknown> (Error: connect ETIMEDOUT 172.18.0.2:8096) {
    errno: -110,
    code: 'ETIMEDOUT',
    syscall: 'connect',
    address: '172.18.0.2',
    port: 8096
  }
]
[2026-06-09T07:32:21.727Z] error: <jellyfinProxyHandler> HTTP Error 500 calling http://172.18.0.2:8096/emby/Sessions?api_key=7c0d5732c0e342db8d7e6a926ba42a30
[2026-06-09T07:32:21.728Z] error: <httpProxy> Error calling https://172.17.0.2:9443/api/endpoints/3/docker/containers/json...
[2026-06-09T07:32:21.728Z] error: <httpProxy> [
  500,
  Error: connect ETIMEDOUT 172.17.0.2:9443
      at <unknown> (Error: connect ETIMEDOUT 172.17.0.2:9443) {
    errno: -110,
    code: 'ETIMEDOUT',
    syscall: 'connect',
    address: '172.17.0.2',
    port: 9443
  }
]
[2026-06-09T07:32:21.729Z] error: <credentialedProxyHandler> HTTP Error 500 calling https://172.17.0.2:9443/api/endpoints/3/docker/containers/json?all=1
[2026-06-09T07:33:10.609Z] info: 🌐 i18next is made possible by our own product, Locize — consider powering your project with managed localization (AI, CDN, integrations): https://locize.com 💙
[2026-06-09T07:33:41.883Z] error: <httpProxy> Error calling https://localhost:9443/api/endpoints/3/docker/containers/json...
[2026-06-09T07:33:41.883Z] error: <httpProxy> [
  500,
  AggregateError: 
      at ignore-listed frames {
    code: 'ECONNREFUSED',
    [errors]: [ [Error], [Error] ]
  }
]
[2026-06-09T07:33:41.883Z] error: <credentialedProxyHandler> HTTP Error 500 calling https://localhost:9443/api/endpoints/3/docker/containers/json?all=1
[2026-06-09T07:35:26.033Z] error: <httpProxy> Error calling https://172.17.0.2:9443/api/endpoints/3/docker/containers/json...
[2026-06-09T07:35:26.035Z] error: <httpProxy> [
  500,
  Error: connect ETIMEDOUT 172.17.0.2:9443
      at <unknown> (Error: connect ETIMEDOUT 172.17.0.2:9443) {
    errno: -110,
    code: 'ETIMEDOUT',
    syscall: 'connect',
    address: '172.17.0.2',
    port: 9443
  }
]
[2026-06-09T07:35:26.036Z] error: <credentialedProxyHandler> HTTP Error 500 calling https://172.17.0.2:9443/api/endpoints/3/docker/containers/json?all=1
[2026-06-09T07:35:26.039Z] error: <httpProxy> Error calling http://172.18.0.2:8096/emby/Sessions...
[2026-06-09T07:35:26.040Z] error: <httpProxy> [
  500,
  Error: connect ETIMEDOUT 172.18.0.2:8096
      at <unknown> (Error: connect ETIMEDOUT 172.18.0.2:8096) {
    errno: -110,
    code: 'ETIMEDOUT',
    syscall: 'connect',
    address: '172.18.0.2',
    port: 8096
  }
]
[2026-06-09T07:35:26.040Z] error: <jellyfinProxyHandler> HTTP Error 500 calling http://172.18.0.2:8096/emby/Sessions?api_key=7c0d5732c0e342db8d7e6a926ba42a30
[2026-06-09T07:35:26.041Z] error: <httpProxy> Error calling https://172.17.0.2:9443/api/endpoints/3/docker/containers/json...
[2026-06-09T07:35:26.042Z] error: <httpProxy> [
  500,
  Error: connect ETIMEDOUT 172.17.0.2:9443
      at <unknown> (Error: connect ETIMEDOUT 172.17.0.2:9443) {
    errno: -110,
    code: 'ETIMEDOUT',
    syscall: 'connect',
    address: '172.17.0.2',
    port: 9443
  }
]
[2026-06-09T07:35:26.042Z] error: <credentialedProxyHandler> HTTP Error 500 calling https://172.17.0.2:9443/api/endpoints/3/docker/containers/json?all=1
[2026-06-09T07:35:26.043Z] error: <httpProxy> Error calling http://172.18.0.2:8096/emby/Items/Counts...
[2026-06-09T07:35:26.043Z] error: <httpProxy> [
  500,
  Error: connect ETIMEDOUT 172.18.0.2:8096
      at <unknown> (Error: connect ETIMEDOUT 172.18.0.2:8096) {
    errno: -110,
    code: 'ETIMEDOUT',
    syscall: 'connect',
    address: '172.18.0.2',
    port: 8096
  }
]
[2026-06-09T07:35:26.043Z] error: <jellyfinProxyHandler> HTTP Error 500 calling http://172.18.0.2:8096/emby/Items/Counts?api_key=7c0d5732c0e342db8d7e6a926ba42a30
[2026-06-09T07:35:26.044Z] error: <httpProxy> Error calling http://172.18.0.2:8096/emby/Items/Counts...
[2026-06-09T07:35:26.045Z] error: <httpProxy> [
  500,
  Error: connect ETIMEDOUT 172.18.0.2:8096
      at <unknown> (Error: connect ETIMEDOUT 172.18.0.2:8096) {
    errno: -110,
    code: 'ETIMEDOUT',
    syscall: 'connect',
    address: '172.18.0.2',
    port: 8096
  }
]
[2026-06-09T07:35:26.045Z] error: <jellyfinProxyHandler> HTTP Error 500 calling http://172.18.0.2:8096/emby/Items/Counts?api_key=7c0d5732c0e342db8d7e6a926ba42a30
[2026-06-09T07:35:26.046Z] error: <httpProxy> Error calling http://172.18.0.2:8096/emby/Sessions...
[2026-06-09T07:35:26.046Z] error: <httpProxy> [
  500,
  Error: connect ETIMEDOUT 172.18.0.2:8096
      at <unknown> (Error: connect ETIMEDOUT 172.18.0.2:8096) {
    errno: -110,
    code: 'ETIMEDOUT',
    syscall: 'connect',
    address: '172.18.0.2',
    port: 8096
  }
]
[2026-06-09T07:35:26.046Z] error: <jellyfinProxyHandler> HTTP Error 500 calling http://172.18.0.2:8096/emby/Sessions?api_key=7c0d5732c0e342db8d7e6a926ba42a30
[2026-06-09T07:35:54.703Z] error: <httpProxy> Error calling http://172.18.0.2:8096/emby/Sessions...
[2026-06-09T07:35:54.706Z] error: <httpProxy> [
  500,
  Error: connect ETIMEDOUT 172.18.0.2:8096
      at <unknown> (Error: connect ETIMEDOUT 172.18.0.2:8096) {
    errno: -110,
    code: 'ETIMEDOUT',
    syscall: 'connect',
    address: '172.18.0.2',
    port: 8096
  }
]
[2026-06-09T07:35:54.706Z] error: <jellyfinProxyHandler> HTTP Error 500 calling http://172.18.0.2:8096/emby/Sessions?api_key=7c0d5732c0e342db8d7e6a926ba42a30
[2026-06-09T07:35:54.708Z] error: <httpProxy> Error calling http://172.18.0.2:8096/emby/Items/Counts...
[2026-06-09T07:35:54.708Z] error: <httpProxy> [
  500,
  Error: connect ETIMEDOUT 172.18.0.2:8096
      at <unknown> (Error: connect ETIMEDOUT 172.18.0.2:8096) {
    errno: -110,
    code: 'ETIMEDOUT',
    syscall: 'connect',
    address: '172.18.0.2',
    port: 8096
  }
]
[2026-06-09T07:35:54.709Z] error: <jellyfinProxyHandler> HTTP Error 500 calling http://172.18.0.2:8096/emby/Items/Counts?api_key=7c0d5732c0e342db8d7e6a926ba42a30
[2026-06-09T07:36:27.469Z] error: <httpProxy> Error calling http://172.18.0.2:8096/emby/Items/Counts...
[2026-06-09T07:36:27.470Z] error: <httpProxy> [
  500,
  Error: connect ETIMEDOUT 172.18.0.2:8096
      at <unknown> (Error: connect ETIMEDOUT 172.18.0.2:8096) {
    errno: -110,
    code: 'ETIMEDOUT',
    syscall: 'connect',
    address: '172.18.0.2',
    port: 8096
  }
]
[2026-06-09T07:36:27.471Z] error: <jellyfinProxyHandler> HTTP Error 500 calling http://172.18.0.2:8096/emby/Items/Counts?api_key=7c0d5732c0e342db8d7e6a926ba42a30
[2026-06-09T07:36:27.472Z] error: <httpProxy> Error calling http://172.18.0.2:8096/emby/Sessions...
[2026-06-09T07:36:27.473Z] error: <httpProxy> [
  500,
  Error: connect ETIMEDOUT 172.18.0.2:8096
      at <unknown> (Error: connect ETIMEDOUT 172.18.0.2:8096) {
    errno: -110,
    code: 'ETIMEDOUT',
    syscall: 'connect',
    address: '172.18.0.2',
    port: 8096
  }
]
[2026-06-09T07:36:27.473Z] error: <jellyfinProxyHandler> HTTP Error 500 calling http://172.18.0.2:8096/emby/Sessions?api_key=7c0d5732c0e342db8d7e6a926ba42a30
[2026-06-09T07:36:47.957Z] error: <httpProxy> Error calling http://172.18.0.2:8096/emby/Items/Counts...
[2026-06-09T07:36:47.963Z] error: <httpProxy> [
  500,
  Error: connect ETIMEDOUT 172.18.0.2:8096
      at <unknown> (Error: connect ETIMEDOUT 172.18.0.2:8096) {
    errno: -110,
    code: 'ETIMEDOUT',
    syscall: 'connect',
    address: '172.18.0.2',
    port: 8096
  }
]
[2026-06-09T07:36:47.964Z] error: <jellyfinProxyHandler> HTTP Error 500 calling http://172.18.0.2:8096/emby/Items/Counts?api_key=7c0d5732c0e342db8d7e6a926ba42a30
[2026-06-09T07:36:47.965Z] error: <httpProxy> Error calling http://172.18.0.2:8096/emby/Sessions...
[2026-06-09T07:36:47.965Z] error: <httpProxy> [
  500,
  Error: connect ETIMEDOUT 172.18.0.2:8096
      at <unknown> (Error: connect ETIMEDOUT 172.18.0.2:8096) {
    errno: -110,
    code: 'ETIMEDOUT',
    syscall: 'connect',
    address: '172.18.0.2',
    port: 8096
  }
]
[2026-06-09T07:36:47.966Z] error: <jellyfinProxyHandler> HTTP Error 500 calling http://172.18.0.2:8096/emby/Sessions?api_key=7c0d5732c0e342db8d7e6a926ba42a30
[2026-06-09T07:37:28.911Z] error: <httpProxy> Error calling http://172.18.0.2:8096/emby/Items/Counts...
[2026-06-09T07:37:28.913Z] error: <httpProxy> [
  500,
  Error: connect ETIMEDOUT 172.18.0.2:8096
      at <unknown> (Error: connect ETIMEDOUT 172.18.0.2:8096) {
    errno: -110,
    code: 'ETIMEDOUT',
    syscall: 'connect',
    address: '172.18.0.2',
    port: 8096
  }
]
[2026-06-09T07:37:28.914Z] error: <jellyfinProxyHandler> HTTP Error 500 calling http://172.18.0.2:8096/emby/Items/Counts?api_key=7c0d5732c0e342db8d7e6a926ba42a30
[2026-06-09T07:37:28.915Z] error: <httpProxy> Error calling http://172.18.0.2:8096/emby/Sessions...
[2026-06-09T07:37:28.916Z] error: <httpProxy> [
  500,
  Error: connect ETIMEDOUT 172.18.0.2:8096
      at <unknown> (Error: connect ETIMEDOUT 172.18.0.2:8096) {
    errno: -110,
    code: 'ETIMEDOUT',
    syscall: 'connect',
    address: '172.18.0.2',
    port: 8096
  }
]
[2026-06-09T07:37:28.916Z] error: <jellyfinProxyHandler> HTTP Error 500 calling http://172.18.0.2:8096/emby/Sessions?api_key=7c0d5732c0e342db8d7e6a926ba42a30
[2026-06-09T07:37:41.199Z] error: <httpProxy> Error calling http://172.18.0.2:8096/emby/Items/Counts...
[2026-06-09T07:37:41.201Z] error: <httpProxy> [
  500,
  Error: connect ETIMEDOUT 172.18.0.2:8096
      at <unknown> (Error: connect ETIMEDOUT 172.18.0.2:8096) {
    errno: -110,
    code: 'ETIMEDOUT',
    syscall: 'connect',
    address: '172.18.0.2',
    port: 8096
  }
]
[2026-06-09T07:37:41.201Z] error: <jellyfinProxyHandler> HTTP Error 500 calling http://172.18.0.2:8096/emby/Items/Counts?api_key=7c0d5732c0e342db8d7e6a926ba42a30
[2026-06-09T07:37:41.203Z] error: <httpProxy> Error calling http://172.18.0.2:8096/emby/Sessions...
[2026-06-09T07:37:41.204Z] error: <httpProxy> [
  500,
  Error: connect ETIMEDOUT 172.18.0.2:8096
      at <unknown> (Error: connect ETIMEDOUT 172.18.0.2:8096) {
    errno: -110,
    code: 'ETIMEDOUT',
    syscall: 'connect',
    address: '172.18.0.2',
    port: 8096
  }
]
[2026-06-09T07:37:41.204Z] error: <jellyfinProxyHandler> HTTP Error 500 calling http://172.18.0.2:8096/emby/Sessions?api_key=7c0d5732c0e342db8d7e6a926ba42a30
[2026-06-09T07:37:53.489Z] error: <httpProxy> Error calling http://172.18.0.2:8096/emby/Items/Counts...
[2026-06-09T07:37:53.490Z] error: <httpProxy> [
  500,
  Error: connect ETIMEDOUT 172.18.0.2:8096
      at <unknown> (Error: connect ETIMEDOUT 172.18.0.2:8096) {
    errno: -110,
    code: 'ETIMEDOUT',
    syscall: 'connect',
    address: '172.18.0.2',
    port: 8096
  }
]
[2026-06-09T07:37:53.491Z] error: <jellyfinProxyHandler> HTTP Error 500 calling http://172.18.0.2:8096/emby/Items/Counts?api_key=7c0d5732c0e342db8d7e6a926ba42a30
[2026-06-09T07:37:53.492Z] error: <httpProxy> Error calling http://172.18.0.2:8096/emby/Sessions...
[2026-06-09T07:37:53.493Z] error: <httpProxy> [
  500,
  Error: connect ETIMEDOUT 172.18.0.2:8096
      at <unknown> (Error: connect ETIMEDOUT 172.18.0.2:8096) {
    errno: -110,
    code: 'ETIMEDOUT',
    syscall: 'connect',
    address: '172.18.0.2',
    port: 8096
  }
]
[2026-06-09T07:37:53.493Z] error: <jellyfinProxyHandler> HTTP Error 500 calling http://172.18.0.2:8096/emby/Sessions?api_key=7c0d5732c0e342db8d7e6a926ba42a30
[2026-06-09T07:45:40.775Z] info: 🌐 i18next is made possible by our own product, Locize — consider powering your project with managed localization (AI, CDN, integrations): https://locize.com 💙
[2026-06-09T07:54:18.816Z] info: 🌐 i18next is made possible by our own product, Locize — consider powering your project with managed localization (AI, CDN, integrations): https://locize.com 💙
[2026-06-09T07:55:38.822Z] info: 🌐 i18next is made possible by our own product, Locize — consider powering your project with managed localization (AI, CDN, integrations): https://locize.com 💙
[2026-06-09T08:00:49.850Z] info: 🌐 i18next is made possible by our own product, Locize — consider powering your project with managed localization (AI, CDN, integrations): https://locize.com 💙
[2026-06-09T08:27:46.746Z] error: <httpProxy> Error calling https://finnhub.io/api/v1/quote...
[2026-06-09T08:27:46.756Z] error: undefined
[2026-06-09T08:27:46.754Z] error: <httpProxy> [
  500,
  Error: socket hang up
      at ignore-listed frames {
    code: 'ECONNRESET'
  }
]
[2026-06-09T08:27:46.759Z] error: <httpProxy> Error calling https://finnhub.io/api/v1/quote...
[2026-06-09T08:27:46.760Z] error: <httpProxy> [
  500,
  Error: socket hang up
      at ignore-listed frames {
    code: 'ECONNRESET'
  }
]
[2026-06-09T08:27:46.761Z] error: <httpProxy> Error calling https://finnhub.io/api/v1/quote...
[2026-06-09T08:27:46.761Z] error: <httpProxy> [
  500,
  Error: socket hang up
      at ignore-listed frames {
    code: 'ECONNRESET'
  }
]
[2026-06-09T08:27:46.762Z] error: <httpProxy> Error calling https://finnhub.io/api/v1/quote...
[2026-06-09T08:27:46.762Z] error: <httpProxy> [
  500,
  Error: socket hang up
      at ignore-listed frames {
    code: 'ECONNRESET'
  }
]
[2026-06-09T08:27:46.763Z] error: <httpProxy> Error calling https://finnhub.io/api/v1/quote...
[2026-06-09T08:27:46.764Z] error: <httpProxy> [
  500,
  Error: socket hang up
      at ignore-listed frames {
    code: 'ECONNRESET'
  }
]
[2026-06-09T10:33:50.268Z] info: 🌐 i18next is made possible by our own product, Locize — consider powering your project with managed localization (AI, CDN, integrations): https://locize.com 💙
[2026-06-10T10:50:11.416Z] info: 🌐 i18next is made possible by our own product, Locize — consider powering your project with managed localization (AI, CDN, integrations): https://locize.com 💙
[2026-06-10T10:50:11.582Z] error: <httpProxy> Error calling https://192.168.215.2:9443/api/endpoints/3/docker/containers/json...
[2026-06-10T10:50:11.586Z] error: <httpProxy> [
  500,
  Error: connect ECONNREFUSED 192.168.215.2:9443
      at <unknown> (Error: connect ECONNREFUSED 192.168.215.2:9443) {
    errno: -111,
    code: 'ECONNREFUSED',
    syscall: 'connect',
    address: '192.168.215.2',
    port: 9443
  }
]
[2026-06-10T10:50:11.587Z] error: <credentialedProxyHandler> HTTP Error 500 calling https://192.168.215.2:9443/api/endpoints/3/docker/containers/json?all=1
[2026-06-10T10:50:13.808Z] error: <httpProxy> Error calling https://192.168.215.2:9443/api/endpoints/3/docker/containers/json...
[2026-06-10T10:50:13.808Z] error: <httpProxy> [
  500,
  Error: connect ECONNREFUSED 192.168.215.2:9443
      at <unknown> (Error: connect ECONNREFUSED 192.168.215.2:9443) {
    errno: -111,
    code: 'ECONNREFUSED',
    syscall: 'connect',
    address: '192.168.215.2',
    port: 9443
  }
]
[2026-06-10T10:50:13.809Z] error: <credentialedProxyHandler> HTTP Error 500 calling https://192.168.215.2:9443/api/endpoints/3/docker/containers/json?all=1
[2026-06-10T10:50:18.895Z] error: <httpProxy> Error calling https://192.168.215.2:9443/api/endpoints/3/docker/containers/json...
[2026-06-10T10:50:18.895Z] error: <httpProxy> [
  500,
  Error: connect ECONNREFUSED 192.168.215.2:9443
      at <unknown> (Error: connect ECONNREFUSED 192.168.215.2:9443) {
    errno: -111,
    code: 'ECONNREFUSED',
    syscall: 'connect',
    address: '192.168.215.2',
    port: 9443
  }
]
[2026-06-10T10:50:18.895Z] error: <credentialedProxyHandler> HTTP Error 500 calling https://192.168.215.2:9443/api/endpoints/3/docker/containers/json?all=1
[2026-06-10T10:50:19.421Z] error: <httpProxy> Error calling https://192.168.215.2:9443/api/endpoints/3/docker/containers/json...
[2026-06-10T10:50:19.421Z] error: <httpProxy> [
  500,
  Error: connect ECONNREFUSED 192.168.215.2:9443
      at <unknown> (Error: connect ECONNREFUSED 192.168.215.2:9443) {
    errno: -111,
    code: 'ECONNREFUSED',
    syscall: 'connect',
    address: '192.168.215.2',
    port: 9443
  }
]
[2026-06-10T10:50:19.421Z] error: <credentialedProxyHandler> HTTP Error 500 calling https://192.168.215.2:9443/api/endpoints/3/docker/containers/json?all=1
[2026-06-10T10:50:49.054Z] error: <httpProxy> Error calling https://192.168.215.2:9443/api/endpoints/3/docker/containers/json...
[2026-06-10T10:50:49.055Z] error: <httpProxy> [
  500,
  Error: connect ECONNREFUSED 192.168.215.2:9443
      at <unknown> (Error: connect ECONNREFUSED 192.168.215.2:9443) {
    errno: -111,
    code: 'ECONNREFUSED',
    syscall: 'connect',
    address: '192.168.215.2',
    port: 9443
  }
]
[2026-06-10T10:50:49.055Z] error: <credentialedProxyHandler> HTTP Error 500 calling https://192.168.215.2:9443/api/endpoints/3/docker/containers/json?all=1
[2026-06-10T10:50:49.634Z] error: <httpProxy> Error calling https://192.168.215.2:9443/api/endpoints/3/docker/containers/json...
[2026-06-10T10:50:49.634Z] error: <httpProxy> [
  500,
  Error: connect ECONNREFUSED 192.168.215.2:9443
      at <unknown> (Error: connect ECONNREFUSED 192.168.215.2:9443) {
    errno: -111,
    code: 'ECONNREFUSED',
    syscall: 'connect',
    address: '192.168.215.2',
    port: 9443
  }
]
[2026-06-10T10:50:49.634Z] error: <credentialedProxyHandler> HTTP Error 500 calling https://192.168.215.2:9443/api/endpoints/3/docker/containers/json?all=1
[2026-06-10T10:50:59.297Z] error: <httpProxy> Error calling https://192.168.215.2:9443/api/endpoints/3/docker/containers/json...
[2026-06-10T10:50:59.297Z] error: <httpProxy> [
  500,
  Error: connect ECONNREFUSED 192.168.215.2:9443
      at <unknown> (Error: connect ECONNREFUSED 192.168.215.2:9443) {
    errno: -111,
    code: 'ECONNREFUSED',
    syscall: 'connect',
    address: '192.168.215.2',
    port: 9443
  }
]
[2026-06-10T10:50:59.297Z] error: <credentialedProxyHandler> HTTP Error 500 calling https://192.168.215.2:9443/api/endpoints/3/docker/containers/json?all=1
[2026-06-10T10:51:32.469Z] error: <httpProxy> Error calling https://192.168.215.2:9443/api/endpoints/3/docker/containers/json...
[2026-06-10T10:51:32.470Z] error: <httpProxy> [
  500,
  Error: connect ECONNREFUSED 192.168.215.2:9443
      at <unknown> (Error: connect ECONNREFUSED 192.168.215.2:9443) {
    errno: -111,
    code: 'ECONNREFUSED',
    syscall: 'connect',
    address: '192.168.215.2',
    port: 9443
  }
]
[2026-06-10T10:51:32.470Z] error: <credentialedProxyHandler> HTTP Error 500 calling https://192.168.215.2:9443/api/endpoints/3/docker/containers/json?all=1
[2026-06-10T10:51:33.526Z] error: <httpProxy> Error calling https://192.168.215.2:9443/api/endpoints/3/docker/containers/json...
[2026-06-10T10:51:33.527Z] error: <httpProxy> [
  500,
  Error: connect ECONNREFUSED 192.168.215.2:9443
      at <unknown> (Error: connect ECONNREFUSED 192.168.215.2:9443) {
    errno: -111,
    code: 'ECONNREFUSED',
    syscall: 'connect',
    address: '192.168.215.2',
    port: 9443
  }
]
[2026-06-10T10:51:33.527Z] error: <credentialedProxyHandler> HTTP Error 500 calling https://192.168.215.2:9443/api/endpoints/3/docker/containers/json?all=1
[2026-06-10T10:52:21.445Z] error: <servicesProxy> YAMLException: can not read an implicit mapping pair; a colon is missed (26:63)

 23 |  ... 15.2:9443
 24 |  ... 
 25 |  ... ptional, defaults to false
 26 |  ... 8xzcsqm0sCAlQ85wr3nua5owZ7L+Q=
-----------------------------------------^
 27 |  ... 
 28 |  ... 
    at generateError (file:///app/node_modules/.pnpm/js-yaml@4.1.1/node_modules/js-yaml/dist/js-yaml.mjs:1289:10)
    at throwError (file:///app/node_modules/.pnpm/js-yaml@4.1.1/node_modules/js-yaml/dist/js-yaml.mjs:1293:9)
    at readBlockMapping (file:///app/node_modules/.pnpm/js-yaml@4.1.1/node_modules/js-yaml/dist/js-yaml.mjs:2232:11)
    at composeNode (file:///app/node_modules/.pnpm/js-yaml@4.1.1/node_modules/js-yaml/dist/js-yaml.mjs:2537:12)
    at readBlockMapping (file:///app/node_modules/.pnpm/js-yaml@4.1.1/node_modules/js-yaml/dist/js-yaml.mjs:2260:11)
    at composeNode (file:///app/node_modules/.pnpm/js-yaml@4.1.1/node_modules/js-yaml/dist/js-yaml.mjs:2537:12)
    at readBlockMapping (file:///app/node_modules/.pnpm/js-yaml@4.1.1/node_modules/js-yaml/dist/js-yaml.mjs:2260:11)
    at composeNode (file:///app/node_modules/.pnpm/js-yaml@4.1.1/node_modules/js-yaml/dist/js-yaml.mjs:2537:12)
    at readBlockSequence (file:///app/node_modules/.pnpm/js-yaml@4.1.1/node_modules/js-yaml/dist/js-yaml.mjs:2104:5)
    at composeNode (file:///app/node_modules/.pnpm/js-yaml@4.1.1/node_modules/js-yaml/dist/js-yaml.mjs:2536:12)
[2026-06-10T10:52:21.452Z] error: Failed to load services.yaml, please check for errors
[2026-06-10T10:52:21.453Z] error: YAMLException: can not read an implicit mapping pair; a colon is missed (26:63)

 23 |  ... 15.2:9443
 24 |  ... 
 25 |  ... ptional, defaults to false
 26 |  ... 8xzcsqm0sCAlQ85wr3nua5owZ7L+Q=
-----------------------------------------^
 27 |  ... 
 28 |  ... 
[2026-06-10T10:52:21.457Z] error: Failed to load services.yaml, please check for errors
[2026-06-10T10:52:21.457Z] error: YAMLException: can not read an implicit mapping pair; a colon is missed (26:63)

 23 |  ... 15.2:9443
 24 |  ... 
 25 |  ... ptional, defaults to false
 26 |  ... 8xzcsqm0sCAlQ85wr3nua5owZ7L+Q=
-----------------------------------------^
 27 |  ... 
 28 |  ... 
[2026-06-10T10:52:27.191Z] error: <httpProxy> Error calling https://192.168.215.2:9443/api/endpoints/3/docker/containers/json...
[2026-06-10T10:52:27.192Z] error: <httpProxy> [
  500,
  Error: connect ECONNREFUSED 192.168.215.2:9443
      at <unknown> (Error: connect ECONNREFUSED 192.168.215.2:9443) {
    errno: -111,
    code: 'ECONNREFUSED',
    syscall: 'connect',
    address: '192.168.215.2',
    port: 9443
  }
]
[2026-06-10T10:52:27.192Z] error: <credentialedProxyHandler> HTTP Error 500 calling https://192.168.215.2:9443/api/endpoints/3/docker/containers/json?all=1
[2026-06-10T10:52:29.910Z] error: <httpProxy> Error calling https://192.168.215.2:9443/api/endpoints/3/docker/containers/json...
[2026-06-10T10:52:29.910Z] error: <httpProxy> [
  500,
  Error: connect ECONNREFUSED 192.168.215.2:9443
      at <unknown> (Error: connect ECONNREFUSED 192.168.215.2:9443) {
    errno: -111,
    code: 'ECONNREFUSED',
    syscall: 'connect',
    address: '192.168.215.2',
    port: 9443
  }
]
[2026-06-10T10:52:29.910Z] error: <credentialedProxyHandler> HTTP Error 500 calling https://192.168.215.2:9443/api/endpoints/3/docker/containers/json?all=1
[2026-06-10T10:53:14.748Z] error: <httpProxy> Error calling https://192.168.215.2:9443/api/endpoints/3/docker/containers/json...
[2026-06-10T10:53:14.748Z] error: <httpProxy> [
  500,
  Error: connect ECONNREFUSED 192.168.215.2:9443
      at <unknown> (Error: connect ECONNREFUSED 192.168.215.2:9443) {
    errno: -111,
    code: 'ECONNREFUSED',
    syscall: 'connect',
    address: '192.168.215.2',
    port: 9443
  }
]
[2026-06-10T10:53:14.748Z] error: <credentialedProxyHandler> HTTP Error 500 calling https://192.168.215.2:9443/api/endpoints/3/docker/containers/json?all=1
[2026-06-10T10:53:22.747Z] error: <httpProxy> Error calling https://192.168.215.2:9443/api/endpoints/3/docker/containers/json...
[2026-06-10T10:53:22.748Z] error: <httpProxy> [
  500,
  Error: connect ECONNREFUSED 192.168.215.2:9443
      at <unknown> (Error: connect ECONNREFUSED 192.168.215.2:9443) {
    errno: -111,
    code: 'ECONNREFUSED',
    syscall: 'connect',
    address: '192.168.215.2',
    port: 9443
  }
]
[2026-06-10T10:53:22.748Z] error: <credentialedProxyHandler> HTTP Error 500 calling https://192.168.215.2:9443/api/endpoints/3/docker/containers/json?all=1
[2026-06-10T10:53:50.602Z] error: <httpProxy> Error calling https://192.168.215.2:9443/api/endpoints/3/docker/containers/json...
[2026-06-10T10:53:50.602Z] error: <httpProxy> [
  500,
  Error: connect ECONNREFUSED 192.168.215.2:9443
      at <unknown> (Error: connect ECONNREFUSED 192.168.215.2:9443) {
    errno: -111,
    code: 'ECONNREFUSED',
    syscall: 'connect',
    address: '192.168.215.2',
    port: 9443
  }
]
[2026-06-10T10:53:50.602Z] error: <credentialedProxyHandler> HTTP Error 500 calling https://192.168.215.2:9443/api/endpoints/3/docker/containers/json?all=1
[2026-06-10T10:53:50.746Z] error: <httpProxy> Error calling https://192.168.215.2:9443/api/endpoints/3/docker/containers/json...
[2026-06-10T10:53:50.746Z] error: <httpProxy> [
  500,
  Error: connect ECONNREFUSED 192.168.215.2:9443
      at <unknown> (Error: connect ECONNREFUSED 192.168.215.2:9443) {
    errno: -111,
    code: 'ECONNREFUSED',
    syscall: 'connect',
    address: '192.168.215.2',
    port: 9443
  }
]
[2026-06-10T10:53:50.746Z] error: <credentialedProxyHandler> HTTP Error 500 calling https://192.168.215.2:9443/api/endpoints/3/docker/containers/json?all=1
[2026-06-10T10:54:00.344Z] error: <httpProxy> Error calling https://192.168.215.2:9443/api/endpoints/3/docker/containers/json...
[2026-06-10T10:54:00.345Z] error: <httpProxy> [
  500,
  Error: connect ECONNREFUSED 192.168.215.2:9443
      at <unknown> (Error: connect ECONNREFUSED 192.168.215.2:9443) {
    errno: -111,
    code: 'ECONNREFUSED',
    syscall: 'connect',
    address: '192.168.215.2',
    port: 9443
  }
]
[2026-06-10T10:54:00.345Z] error: <credentialedProxyHandler> HTTP Error 500 calling https://192.168.215.2:9443/api/endpoints/3/docker/containers/json?all=1
[2026-06-10T10:54:20.994Z] error: <httpProxy> Error calling https://192.168.215.2:9443/api/endpoints/3/docker/containers/json...
[2026-06-10T10:54:20.994Z] error: <httpProxy> [
  500,
  Error: connect ECONNREFUSED 192.168.215.2:9443
      at <unknown> (Error: connect ECONNREFUSED 192.168.215.2:9443) {
    errno: -111,
    code: 'ECONNREFUSED',
    syscall: 'connect',
    address: '192.168.215.2',
    port: 9443
  }
]
[2026-06-10T10:54:20.994Z] error: <credentialedProxyHandler> HTTP Error 500 calling https://192.168.215.2:9443/api/endpoints/3/docker/containers/json?all=1
[2026-06-10T10:54:21.093Z] error: <dockerStatusService> TypeError: Cannot read properties of null (reading 'conn')
    at j (/app/.next/server/pages/api/docker/status/[...service].js:1:423)
    at tI (/app/node_modules/.pnpm/next@16.2.4_react-dom@19.2.5_react@19.2.5__react@19.2.5/node_modules/next/dist/compiled/next-server/pages-api.runtime.prod.js:1:101843)
    at process.processTicksAndRejections (node:internal/process/task_queues:103:5)
    at async tM.render (/app/node_modules/.pnpm/next@16.2.4_react-dom@19.2.5_react@19.2.5__react@19.2.5/node_modules/next/dist/compiled/next-server/pages-api.runtime.prod.js:1:102552)
    at async Module.n (/app/.next/server/pages/api/docker/status/[...service].js:1:7074)
    at async NextNodeServer.runApi (/app/node_modules/.pnpm/next@16.2.4_react-dom@19.2.5_react@19.2.5__react@19.2.5/node_modules/next/dist/server/next-server.js:695:9)
    at async NextNodeServer.handleCatchallRenderRequest (/app/node_modules/.pnpm/next@16.2.4_react-dom@19.2.5_react@19.2.5__react@19.2.5/node_modules/next/dist/server/next-server.js:335:37)
    at async NextNodeServer.handleRequestImpl (/app/node_modules/.pnpm/next@16.2.4_react-dom@19.2.5_react@19.2.5__react@19.2.5/node_modules/next/dist/server/base-server.js:934:17)
    at async invokeRender (/app/node_modules/.pnpm/next@16.2.4_react-dom@19.2.5_react@19.2.5__react@19.2.5/node_modules/next/dist/server/lib/router-server.js:266:21)
    at async handleRequest (/app/node_modules/.pnpm/next@16.2.4_react-dom@19.2.5_react@19.2.5__react@19.2.5/node_modules/next/dist/server/lib/router-server.js:465:24)
[2026-06-10T10:54:21.096Z] error: <dockerStatsService> TypeError: Cannot read properties of null (reading 'conn')
    at j (/app/.next/server/pages/api/docker/stats/[...service].js:1:422)
    at tI (/app/node_modules/.pnpm/next@16.2.4_react-dom@19.2.5_react@19.2.5__react@19.2.5/node_modules/next/dist/compiled/next-server/pages-api.runtime.prod.js:1:101843)
    at process.processTicksAndRejections (node:internal/process/task_queues:103:5)
    at async tM.render (/app/node_modules/.pnpm/next@16.2.4_react-dom@19.2.5_react@19.2.5__react@19.2.5/node_modules/next/dist/compiled/next-server/pages-api.runtime.prod.js:1:102552)
    at async Module.n (/app/.next/server/pages/api/docker/stats/[...service].js:1:7618)
    at async NextNodeServer.runApi (/app/node_modules/.pnpm/next@16.2.4_react-dom@19.2.5_react@19.2.5__react@19.2.5/node_modules/next/dist/server/next-server.js:695:9)
    at async NextNodeServer.handleCatchallRenderRequest (/app/node_modules/.pnpm/next@16.2.4_react-dom@19.2.5_react@19.2.5__react@19.2.5/node_modules/next/dist/server/next-server.js:335:37)
    at async NextNodeServer.handleRequestImpl (/app/node_modules/.pnpm/next@16.2.4_react-dom@19.2.5_react@19.2.5__react@19.2.5/node_modules/next/dist/server/base-server.js:934:17)
    at async invokeRender (/app/node_modules/.pnpm/next@16.2.4_react-dom@19.2.5_react@19.2.5__react@19.2.5/node_modules/next/dist/server/lib/router-server.js:266:21)
    at async handleRequest (/app/node_modules/.pnpm/next@16.2.4_react-dom@19.2.5_react@19.2.5__react@19.2.5/node_modules/next/dist/server/lib/router-server.js:465:24)
[2026-06-10T10:54:21.106Z] error: <httpProxy> Error calling https://192.168.215.2:9443/api/endpoints/3/docker/containers/json...
[2026-06-10T10:54:21.106Z] error: <httpProxy> [
  500,
  Error: connect ECONNREFUSED 192.168.215.2:9443
      at <unknown> (Error: connect ECONNREFUSED 192.168.215.2:9443) {
    errno: -111,
    code: 'ECONNREFUSED',
    syscall: 'connect',
    address: '192.168.215.2',
    port: 9443
  }
]
[2026-06-10T10:54:21.106Z] error: <credentialedProxyHandler> HTTP Error 500 calling https://192.168.215.2:9443/api/endpoints/3/docker/containers/json?all=1
[2026-06-10T10:54:27.468Z] error: <dockerStatsService> TypeError: Cannot read properties of null (reading 'conn')
    at j (/app/.next/server/pages/api/docker/stats/[...service].js:1:422)
    at tI (/app/node_modules/.pnpm/next@16.2.4_react-dom@19.2.5_react@19.2.5__react@19.2.5/node_modules/next/dist/compiled/next-server/pages-api.runtime.prod.js:1:101843)
    at process.processTicksAndRejections (node:internal/process/task_queues:103:5)
    at async tM.render (/app/node_modules/.pnpm/next@16.2.4_react-dom@19.2.5_react@19.2.5__react@19.2.5/node_modules/next/dist/compiled/next-server/pages-api.runtime.prod.js:1:102552)
    at async Module.n (/app/.next/server/pages/api/docker/stats/[...service].js:1:7618)
    at async NextNodeServer.runApi (/app/node_modules/.pnpm/next@16.2.4_react-dom@19.2.5_react@19.2.5__react@19.2.5/node_modules/next/dist/server/next-server.js:695:9)
    at async NextNodeServer.handleCatchallRenderRequest (/app/node_modules/.pnpm/next@16.2.4_react-dom@19.2.5_react@19.2.5__react@19.2.5/node_modules/next/dist/server/next-server.js:335:37)
    at async NextNodeServer.handleRequestImpl (/app/node_modules/.pnpm/next@16.2.4_react-dom@19.2.5_react@19.2.5__react@19.2.5/node_modules/next/dist/server/base-server.js:934:17)
    at async invokeRender (/app/node_modules/.pnpm/next@16.2.4_react-dom@19.2.5_react@19.2.5__react@19.2.5/node_modules/next/dist/server/lib/router-server.js:266:21)
    at async handleRequest (/app/node_modules/.pnpm/next@16.2.4_react-dom@19.2.5_react@19.2.5__react@19.2.5/node_modules/next/dist/server/lib/router-server.js:465:24)
[2026-06-10T10:54:27.472Z] error: <dockerStatusService> TypeError: Cannot read properties of null (reading 'conn')
    at j (/app/.next/server/pages/api/docker/status/[...service].js:1:423)
    at tI (/app/node_modules/.pnpm/next@16.2.4_react-dom@19.2.5_react@19.2.5__react@19.2.5/node_modules/next/dist/compiled/next-server/pages-api.runtime.prod.js:1:101843)
    at process.processTicksAndRejections (node:internal/process/task_queues:103:5)
    at async tM.render (/app/node_modules/.pnpm/next@16.2.4_react-dom@19.2.5_react@19.2.5__react@19.2.5/node_modules/next/dist/compiled/next-server/pages-api.runtime.prod.js:1:102552)
    at async Module.n (/app/.next/server/pages/api/docker/status/[...service].js:1:7074)
    at async NextNodeServer.runApi (/app/node_modules/.pnpm/next@16.2.4_react-dom@19.2.5_react@19.2.5__react@19.2.5/node_modules/next/dist/server/next-server.js:695:9)
    at async NextNodeServer.handleCatchallRenderRequest (/app/node_modules/.pnpm/next@16.2.4_react-dom@19.2.5_react@19.2.5__react@19.2.5/node_modules/next/dist/server/next-server.js:335:37)
    at async NextNodeServer.handleRequestImpl (/app/node_modules/.pnpm/next@16.2.4_react-dom@19.2.5_react@19.2.5__react@19.2.5/node_modules/next/dist/server/base-server.js:934:17)
    at async invokeRender (/app/node_modules/.pnpm/next@16.2.4_react-dom@19.2.5_react@19.2.5__react@19.2.5/node_modules/next/dist/server/lib/router-server.js:266:21)
    at async handleRequest (/app/node_modules/.pnpm/next@16.2.4_react-dom@19.2.5_react@19.2.5__react@19.2.5/node_modules/next/dist/server/lib/router-server.js:465:24)
[2026-06-10T10:54:27.491Z] error: <httpProxy> Error calling https://192.168.215.2:9443/api/endpoints/3/docker/containers/json...
[2026-06-10T10:54:27.491Z] error: <httpProxy> [
  500,
  Error: connect ECONNREFUSED 192.168.215.2:9443
      at <unknown> (Error: connect ECONNREFUSED 192.168.215.2:9443) {
    errno: -111,
    code: 'ECONNREFUSED',
    syscall: 'connect',
    address: '192.168.215.2',
    port: 9443
  }
]
[2026-06-10T10:54:27.492Z] error: <credentialedProxyHandler> HTTP Error 500 calling https://192.168.215.2:9443/api/endpoints/3/docker/containers/json?all=1
[2026-06-10T10:54:27.606Z] error: <httpProxy> Error calling https://192.168.215.2:9443/api/endpoints/3/docker/containers/json...
[2026-06-10T10:54:27.606Z] error: <httpProxy> [
  500,
  Error: connect ECONNREFUSED 192.168.215.2:9443
      at <unknown> (Error: connect ECONNREFUSED 192.168.215.2:9443) {
    errno: -111,
    code: 'ECONNREFUSED',
    syscall: 'connect',
    address: '192.168.215.2',
    port: 9443
  }
]
[2026-06-10T10:54:27.606Z] error: <credentialedProxyHandler> HTTP Error 500 calling https://192.168.215.2:9443/api/endpoints/3/docker/containers/json?all=1
[2026-06-10T10:54:42.608Z] error: <httpProxy> Error calling https://192.168.215.2:9443/api/endpoints/3/docker/containers/json...
[2026-06-10T10:54:42.609Z] error: <httpProxy> [
  500,
  Error: connect ECONNREFUSED 192.168.215.2:9443
      at <unknown> (Error: connect ECONNREFUSED 192.168.215.2:9443) {
    errno: -111,
    code: 'ECONNREFUSED',
    syscall: 'connect',
    address: '192.168.215.2',
    port: 9443
  }
]
[2026-06-10T10:54:42.609Z] error: <credentialedProxyHandler> HTTP Error 500 calling https://192.168.215.2:9443/api/endpoints/3/docker/containers/json?all=1
[2026-06-10T10:54:46.069Z] error: <httpProxy> Error calling https://localhost:9443/api/endpoints/3/docker/containers/json...
[2026-06-10T10:54:46.070Z] error: <httpProxy> [
  500,
  AggregateError: 
      at ignore-listed frames {
    code: 'ECONNREFUSED',
    [errors]: [ [Error], [Error] ]
  }
]
[2026-06-10T10:54:46.070Z] error: <credentialedProxyHandler> HTTP Error 500 calling https://localhost:9443/api/endpoints/3/docker/containers/json?all=1
[2026-06-10T10:54:46.200Z] error: <httpProxy> Error calling https://localhost:9443/api/endpoints/3/docker/containers/json...
[2026-06-10T10:54:46.201Z] error: <httpProxy> [
  500,
  AggregateError: 
      at ignore-listed frames {
    code: 'ECONNREFUSED',
    [errors]: [ [Error], [Error] ]
  }
]
[2026-06-10T10:54:46.201Z] error: <credentialedProxyHandler> HTTP Error 500 calling https://localhost:9443/api/endpoints/3/docker/containers/json?all=1
[2026-06-11T08:46:02.473Z] info: 🌐 i18next is made possible by our own product, Locize — consider powering your project with managed localization (AI, CDN, integrations): https://locize.com 💙
[2026-06-11T08:46:02.616Z] error: <httpProxy> Error calling https://192.168.215.3:9443/api/endpoints/3/docker/containers/json...
[2026-06-11T08:46:02.619Z] error: <httpProxy> [
  500,
  Error: connect ECONNREFUSED 192.168.215.3:9443
      at <unknown> (Error: connect ECONNREFUSED 192.168.215.3:9443) {
    errno: -111,
    code: 'ECONNREFUSED',
    syscall: 'connect',
    address: '192.168.215.3',
    port: 9443
  }
]
[2026-06-11T08:46:02.619Z] error: <credentialedProxyHandler> HTTP Error 500 calling https://192.168.215.3:9443/api/endpoints/3/docker/containers/json?all=1
[2026-06-11T08:53:17.140Z] info: 🌐 i18next is made possible by our own product, Locize — consider powering your project with managed localization (AI, CDN, integrations): https://locize.com 💙
[2026-06-15T12:06:01.184Z] info: 🌐 i18next is made possible by our own product, Locize — consider powering your project with managed localization (AI, CDN, integrations): https://locize.com 💙
[2026-06-15T12:06:01.337Z] error: <httpProxy> Error calling https://192.168.215.2:9443/api/endpoints/3/docker/containers/json...
[2026-06-15T12:06:01.340Z] error: <httpProxy> [
  500,
  Error: connect ECONNREFUSED 192.168.215.2:9443
      at <unknown> (Error: connect ECONNREFUSED 192.168.215.2:9443) {
    errno: -111,
    code: 'ECONNREFUSED',
    syscall: 'connect',
    address: '192.168.215.2',
    port: 9443
  }
]
[2026-06-15T12:06:01.340Z] error: <credentialedProxyHandler> HTTP Error 500 calling https://192.168.215.2:9443/api/endpoints/3/docker/containers/json?all=1
[2026-06-15T12:06:06.724Z] error: <httpProxy> Error calling https://192.168.215.2:9443/api/endpoints/3/docker/containers/json...
[2026-06-15T12:06:06.725Z] error: <httpProxy> [
  500,
  Error: connect ECONNREFUSED 192.168.215.2:9443
      at <unknown> (Error: connect ECONNREFUSED 192.168.215.2:9443) {
    errno: -111,
    code: 'ECONNREFUSED',
    syscall: 'connect',
    address: '192.168.215.2',
    port: 9443
  }
]
[2026-06-15T12:06:06.725Z] error: <credentialedProxyHandler> HTTP Error 500 calling https://192.168.215.2:9443/api/endpoints/3/docker/containers/json?all=1
[2026-06-15T12:06:08.330Z] error: <httpProxy> Error calling https://192.168.215.2:9443/api/endpoints/3/docker/containers/json...
[2026-06-15T12:06:08.331Z] error: <httpProxy> [
  500,
  Error: connect ECONNREFUSED 192.168.215.2:9443
      at <unknown> (Error: connect ECONNREFUSED 192.168.215.2:9443) {
    errno: -111,
    code: 'ECONNREFUSED',
    syscall: 'connect',
    address: '192.168.215.2',
    port: 9443
  }
]
[2026-06-15T12:06:08.331Z] error: <credentialedProxyHandler> HTTP Error 500 calling https://192.168.215.2:9443/api/endpoints/3/docker/containers/json?all=1
[2026-06-15T12:06:08.624Z] error: <httpProxy> Error calling https://192.168.215.2:9443/api/endpoints/3/docker/containers/json...
[2026-06-15T12:06:08.624Z] error: <httpProxy> [
  500,
  Error: connect ECONNREFUSED 192.168.215.2:9443
      at <unknown> (Error: connect ECONNREFUSED 192.168.215.2:9443) {
    errno: -111,
    code: 'ECONNREFUSED',
    syscall: 'connect',
    address: '192.168.215.2',
    port: 9443
  }
]
[2026-06-15T12:06:08.624Z] error: <credentialedProxyHandler> HTTP Error 500 calling https://192.168.215.2:9443/api/endpoints/3/docker/containers/json?all=1
[2026-06-15T12:06:08.764Z] error: <httpProxy> Error calling https://192.168.215.2:9443/api/endpoints/3/docker/containers/json...
[2026-06-15T12:06:08.765Z] error: <httpProxy> [
  500,
  Error: connect ECONNREFUSED 192.168.215.2:9443
      at <unknown> (Error: connect ECONNREFUSED 192.168.215.2:9443) {
    errno: -111,
    code: 'ECONNREFUSED',
    syscall: 'connect',
    address: '192.168.215.2',
    port: 9443
  }
]
[2026-06-15T12:06:08.765Z] error: <credentialedProxyHandler> HTTP Error 500 calling https://192.168.215.2:9443/api/endpoints/3/docker/containers/json?all=1
[2026-06-15T12:06:08.940Z] error: <httpProxy> Error calling https://192.168.215.2:9443/api/endpoints/3/docker/containers/json...
[2026-06-15T12:06:08.940Z] error: <httpProxy> [
  500,
  Error: connect ECONNREFUSED 192.168.215.2:9443
      at <unknown> (Error: connect ECONNREFUSED 192.168.215.2:9443) {
    errno: -111,
    code: 'ECONNREFUSED',
    syscall: 'connect',
    address: '192.168.215.2',
    port: 9443
  }
]
[2026-06-15T12:06:08.940Z] error: <credentialedProxyHandler> HTTP Error 500 calling https://192.168.215.2:9443/api/endpoints/3/docker/containers/json?all=1
[2026-06-15T12:06:09.087Z] error: <httpProxy> Error calling https://192.168.215.2:9443/api/endpoints/3/docker/containers/json...
[2026-06-15T12:06:09.087Z] error: <httpProxy> [
  500,
  Error: connect ECONNREFUSED 192.168.215.2:9443
      at <unknown> (Error: connect ECONNREFUSED 192.168.215.2:9443) {
    errno: -111,
    code: 'ECONNREFUSED',
    syscall: 'connect',
    address: '192.168.215.2',
    port: 9443
  }
]
[2026-06-15T12:06:09.087Z] error: <credentialedProxyHandler> HTTP Error 500 calling https://192.168.215.2:9443/api/endpoints/3/docker/containers/json?all=1
[2026-06-15T12:06:09.274Z] error: <httpProxy> Error calling https://192.168.215.2:9443/api/endpoints/3/docker/containers/json...
[2026-06-15T12:06:09.274Z] error: <httpProxy> [
  500,
  Error: connect ECONNREFUSED 192.168.215.2:9443
      at <unknown> (Error: connect ECONNREFUSED 192.168.215.2:9443) {
    errno: -111,
    code: 'ECONNREFUSED',
    syscall: 'connect',
    address: '192.168.215.2',
    port: 9443
  }
]
[2026-06-15T12:06:09.274Z] error: <credentialedProxyHandler> HTTP Error 500 calling https://192.168.215.2:9443/api/endpoints/3/docker/containers/json?all=1
[2026-06-15T12:06:26.903Z] error: <httpProxy> Error calling https://192.168.215.2:9443/api/endpoints/3/docker/containers/json...
[2026-06-15T12:06:26.903Z] error: <httpProxy> [
  500,
  Error: connect ECONNREFUSED 192.168.215.2:9443
      at <unknown> (Error: connect ECONNREFUSED 192.168.215.2:9443) {
    errno: -111,
    code: 'ECONNREFUSED',
    syscall: 'connect',
    address: '192.168.215.2',
    port: 9443
  }
]
[2026-06-15T12:06:26.903Z] error: <credentialedProxyHandler> HTTP Error 500 calling https://192.168.215.2:9443/api/endpoints/3/docker/containers/json?all=1
[2026-06-15T12:06:55.206Z] error: <httpProxy> Error calling https://192.168.215.2:9443/api/endpoints/3/docker/containers/json...
[2026-06-15T12:06:55.206Z] error: <httpProxy> [
  500,
  Error: connect ECONNREFUSED 192.168.215.2:9443
      at <unknown> (Error: connect ECONNREFUSED 192.168.215.2:9443) {
    errno: -111,
    code: 'ECONNREFUSED',
    syscall: 'connect',
    address: '192.168.215.2',
    port: 9443
  }
]
[2026-06-15T12:06:55.206Z] error: <credentialedProxyHandler> HTTP Error 500 calling https://192.168.215.2:9443/api/endpoints/3/docker/containers/json?all=1
[2026-06-25T10:27:20.126Z] info: 🌐 i18next is made possible by our own product, Locize — consider powering your project with managed localization (AI, CDN, integrations): https://locize.com 💙
[2026-06-25T19:20:53.092Z] error: <httpProxy> Error calling https://192.168.215.3:9443/api/endpoints/3/docker/containers/json...
[2026-06-25T19:20:53.094Z] error: <httpProxy> [
  500,
  Error: connect ECONNREFUSED 192.168.215.3:9443
      at <unknown> (Error: connect ECONNREFUSED 192.168.215.3:9443) {
    errno: -111,
    code: 'ECONNREFUSED',
    syscall: 'connect',
    address: '192.168.215.3',
    port: 9443
  }
]
[2026-06-25T19:20:53.095Z] error: <credentialedProxyHandler> HTTP Error 500 calling https://192.168.215.3:9443/api/endpoints/3/docker/containers/json?all=1
[2026-06-25T19:20:53.218Z] info: 🌐 i18next is made possible by our own product, Locize — consider powering your project with managed localization (AI, CDN, integrations): https://locize.com 💙
[2026-06-25T19:20:53.525Z] error: <httpProxy> Error calling https://192.168.215.3:9443/api/endpoints/3/docker/containers/json...
[2026-06-25T19:20:53.526Z] error: <httpProxy> [
  500,
  Error: connect ECONNREFUSED 192.168.215.3:9443
      at <unknown> (Error: connect ECONNREFUSED 192.168.215.3:9443) {
    errno: -111,
    code: 'ECONNREFUSED',
    syscall: 'connect',
    address: '192.168.215.3',
    port: 9443
  }
]
[2026-06-25T19:20:53.526Z] error: <credentialedProxyHandler> HTTP Error 500 calling https://192.168.215.3:9443/api/endpoints/3/docker/containers/json?all=1
[2026-06-25T19:20:56.187Z] error: <httpProxy> Error calling https://192.168.215.3:9443/api/endpoints/3/docker/containers/json...
[2026-06-25T19:20:56.187Z] error: <httpProxy> [
  500,
  Error: connect ECONNREFUSED 192.168.215.3:9443
      at <unknown> (Error: connect ECONNREFUSED 192.168.215.3:9443) {
    errno: -111,
    code: 'ECONNREFUSED',
    syscall: 'connect',
    address: '192.168.215.3',
    port: 9443
  }
]
[2026-06-25T19:20:56.187Z] error: <credentialedProxyHandler> HTTP Error 500 calling https://192.168.215.3:9443/api/endpoints/3/docker/containers/json?all=1
[2026-06-25T19:32:14.260Z] error: <httpProxy> Error calling https://192.168.215.3:9443/api/endpoints/3/docker/containers/json...
[2026-06-25T19:32:14.262Z] error: <httpProxy> [
  500,
  Error: connect ECONNREFUSED 192.168.215.3:9443
      at <unknown> (Error: connect ECONNREFUSED 192.168.215.3:9443) {
    errno: -111,
    code: 'ECONNREFUSED',
    syscall: 'connect',
    address: '192.168.215.3',
    port: 9443
  }
]
[2026-06-25T19:32:14.262Z] error: <credentialedProxyHandler> HTTP Error 500 calling https://192.168.215.3:9443/api/endpoints/3/docker/containers/json?all=1
[2026-06-25T19:40:49.717Z] error: <httpProxy> Error calling https://192.168.215.3:9443/api/endpoints/3/docker/containers/json...
[2026-06-25T19:40:49.719Z] error: <httpProxy> [
  500,
  Error: connect ECONNREFUSED 192.168.215.3:9443
      at <unknown> (Error: connect ECONNREFUSED 192.168.215.3:9443) {
    errno: -111,
    code: 'ECONNREFUSED',
    syscall: 'connect',
    address: '192.168.215.3',
    port: 9443
  }
]
[2026-06-25T19:40:49.719Z] error: <credentialedProxyHandler> HTTP Error 500 calling https://192.168.215.3:9443/api/endpoints/3/docker/containers/json?all=1
[2026-06-25T19:42:08.858Z] error: <httpProxy> Error calling https://finnhub.io/api/v1/quote...
[2026-06-25T19:42:08.861Z] error: undefined
[2026-06-25T19:42:08.860Z] error: <httpProxy> [
  500,
  Error: socket hang up
      at ignore-listed frames {
    code: 'ECONNRESET'
  }
]
[2026-06-25T19:42:14.084Z] error: <httpProxy> Error calling https://finnhub.io/api/v1/quote...
[2026-06-25T19:42:14.088Z] error: <httpProxy> [
  500,
  Error: socket hang up
      at ignore-listed frames {
    code: 'ECONNRESET'
  }
]
[2026-06-25T19:42:18.893Z] error: undefined
[2026-06-25T19:42:18.919Z] error: <httpProxy> Error calling https://finnhub.io/api/v1/quote...
[2026-06-25T19:42:18.924Z] error: <httpProxy> [
  500,
  AggregateError: 
      at i (.next/server/chunks/6640.js:1:4807)
      at GetAddrInfoReqWrap.callback (.next/server/chunks/6640.js:1:4901) {
    code: 'ENETUNREACH',
    [errors]: [ [Error], [Error] ]
  }
]
[2026-06-25T19:42:18.925Z] error: <httpProxy> Error calling https://finnhub.io/api/v1/quote...
[2026-06-25T19:42:18.926Z] error: <httpProxy> [
  500,
  AggregateError: 
      at i (.next/server/chunks/6640.js:1:4807)
      at GetAddrInfoReqWrap.callback (.next/server/chunks/6640.js:1:4901) {
    code: 'ENETUNREACH',
    [errors]: [ [Error], [Error] ]
  }
]
[2026-06-25T19:42:18.927Z] error: <httpProxy> Error calling https://finnhub.io/api/v1/quote...
[2026-06-25T19:42:18.928Z] error: <httpProxy> [
  500,
  AggregateError: 
      at i (.next/server/chunks/6640.js:1:4807)
      at GetAddrInfoReqWrap.callback (.next/server/chunks/6640.js:1:4901) {
    code: 'ENETUNREACH',
    [errors]: [ [Error], [Error] ]
  }
]
[2026-06-25T19:42:24.227Z] error: <httpProxy> Error calling https://finnhub.io/api/v1/quote...
[2026-06-25T19:42:24.229Z] error: <httpProxy> [
  500,
  Error: socket hang up
      at ignore-listed frames {
    code: 'ECONNRESET'
  }
]
[2026-06-25T19:42:33.916Z] error: undefined
[2026-06-25T19:42:34.445Z] error: <httpProxy> Error calling https://finnhub.io/api/v1/quote...
[2026-06-25T19:42:34.448Z] error: <httpProxy> [
  500,
  Error: socket hang up
      at ignore-listed frames {
    code: 'ECONNRESET'
  }
]
[2026-06-25T19:43:20.121Z] error: <httpProxy> Error calling https://finnhub.io/api/v1/quote...
[2026-06-25T19:43:20.123Z] error: <httpProxy> [
  500,
  Error: socket hang up
      at ignore-listed frames {
    code: 'ECONNRESET'
  }
]
[2026-06-25T19:43:28.943Z] error: undefined
[2026-06-25T19:43:28.964Z] error: <httpProxy> Error calling https://finnhub.io/api/v1/quote...
[2026-06-25T19:43:28.965Z] error: <httpProxy> [
  500,
  AggregateError: 
      at i (.next/server/chunks/6640.js:1:4807)
      at GetAddrInfoReqWrap.callback (.next/server/chunks/6640.js:1:4901) {
    code: 'ENETUNREACH',
    [errors]: [ [Error], [Error] ]
  }
]
[2026-06-25T19:43:28.966Z] error: <httpProxy> Error calling https://finnhub.io/api/v1/quote...
[2026-06-25T19:43:28.966Z] error: <httpProxy> [
  500,
  AggregateError: 
      at i (.next/server/chunks/6640.js:1:4807)
      at GetAddrInfoReqWrap.callback (.next/server/chunks/6640.js:1:4901) {
    code: 'ENETUNREACH',
    [errors]: [ [Error], [Error] ]
  }
]
[2026-06-25T19:43:28.967Z] error: <httpProxy> Error calling https://finnhub.io/api/v1/quote...
[2026-06-25T19:43:28.968Z] error: <httpProxy> [
  500,
  AggregateError: 
      at i (.next/server/chunks/6640.js:1:4807)
      at GetAddrInfoReqWrap.callback (.next/server/chunks/6640.js:1:4901) {
    code: 'ENETUNREACH',
    [errors]: [ [Error], [Error] ]
  }
]
[2026-06-25T19:47:44.413Z] info: 🌐 i18next is made possible by our own product, Locize — consider powering your project with managed localization (AI, CDN, integrations): https://locize.com 💙
[2026-07-01T12:45:23.321Z] info: 🌐 i18next is made possible by our own product, Locize — consider powering your project with managed localization (AI, CDN, integrations): https://locize.com 💙
[2026-07-01T12:45:23.785Z] error: <httpProxy> Error calling https://192.168.215.3:9443/api/endpoints/3/docker/containers/json...
[2026-07-01T12:45:23.787Z] error: <httpProxy> [
  500,
  Error: connect ECONNREFUSED 192.168.215.3:9443
      at <unknown> (Error: connect ECONNREFUSED 192.168.215.3:9443) {
    errno: -111,
    code: 'ECONNREFUSED',
    syscall: 'connect',
    address: '192.168.215.3',
    port: 9443
  }
]
[2026-07-01T12:45:23.788Z] error: <credentialedProxyHandler> HTTP Error 500 calling https://192.168.215.3:9443/api/endpoints/3/docker/containers/json?all=1
[2026-07-02T07:02:46.369Z] info: 🌐 i18next is made possible by our own product, Locize — consider powering your project with managed localization (AI, CDN, integrations): https://locize.com 💙
[2026-07-02T07:02:46.527Z] error: <httpProxy> Error calling https://192.168.215.3:9443/api/endpoints/3/docker/containers/json...
[2026-07-02T07:02:46.530Z] error: <httpProxy> [
  500,
  Error: connect ECONNREFUSED 192.168.215.3:9443
      at <unknown> (Error: connect ECONNREFUSED 192.168.215.3:9443) {
    errno: -111,
    code: 'ECONNREFUSED',
    syscall: 'connect',
    address: '192.168.215.3',
    port: 9443
  }
]
[2026-07-02T07:02:46.530Z] error: <credentialedProxyHandler> HTTP Error 500 calling https://192.168.215.3:9443/api/endpoints/3/docker/containers/json?all=1
[2026-07-02T07:03:18.337Z] error: <httpProxy> Error calling https://192.168.215.3:9443/api/endpoints/3/docker/containers/json...
[2026-07-02T07:03:18.339Z] error: <httpProxy> [
  500,
  Error: connect ECONNREFUSED 192.168.215.3:9443
      at <unknown> (Error: connect ECONNREFUSED 192.168.215.3:9443) {
    errno: -111,
    code: 'ECONNREFUSED',
    syscall: 'connect',
    address: '192.168.215.3',
    port: 9443
  }
]
[2026-07-02T07:03:18.339Z] error: <credentialedProxyHandler> HTTP Error 500 calling https://192.168.215.3:9443/api/endpoints/3/docker/containers/json?all=1
[2026-07-02T07:05:19.292Z] error: <httpProxy> Error calling https://192.168.215.3:9443/api/endpoints/3/docker/containers/json...
[2026-07-02T07:05:19.292Z] error: <httpProxy> [
  500,
  Error: connect ECONNREFUSED 192.168.215.3:9443
      at <unknown> (Error: connect ECONNREFUSED 192.168.215.3:9443) {
    errno: -111,
    code: 'ECONNREFUSED',
    syscall: 'connect',
    address: '192.168.215.3',
    port: 9443
  }
]
[2026-07-02T07:05:19.293Z] error: <credentialedProxyHandler> HTTP Error 500 calling https://192.168.215.3:9443/api/endpoints/3/docker/containers/json?all=1
[2026-07-02T07:21:55.304Z] error: <servicesProxy> TypeError: Cannot convert undefined or null to object
    at Function.keys (<anonymous>)
    at /app/.next/server/chunks/3801.js:1:12674
    at Array.forEach (<anonymous>)
    at /app/.next/server/chunks/3801.js:1:12649
    at Array.map (<anonymous>)
    at a (/app/.next/server/chunks/3801.js:1:12595)
    at s (/app/.next/server/chunks/3801.js:1:12952)
    at async w (/app/.next/server/chunks/3801.js:1:15105)
    at async x (/app/.next/server/chunks/3801.js:1:15384)
    at async l (/app/.next/server/pages/api/services/proxy.js:21:26292)
[2026-07-02T07:21:55.390Z] error: Failed to load services.yaml, please check for errors
[2026-07-02T07:21:55.390Z] error: TypeError: Cannot convert undefined or null to object
[2026-07-02T07:21:55.405Z] error: Failed to load services.yaml, please check for errors
[2026-07-02T07:21:55.405Z] error: TypeError: Cannot convert undefined or null to object
[2026-07-02T07:21:57.382Z] error: Failed to load services.yaml, please check for errors
[2026-07-02T07:21:57.382Z] error: TypeError: Cannot convert undefined or null to object
[2026-07-02T07:21:59.414Z] error: Failed to load services.yaml, please check for errors
[2026-07-02T07:21:59.414Z] error: TypeError: Cannot convert undefined or null to object
[2026-07-02T07:28:39.269Z] error: Failed to load services.yaml, please check for errors
[2026-07-02T07:28:39.269Z] error: TypeError: Cannot convert undefined or null to object
[2026-07-02T07:28:49.772Z] error: Failed to load services.yaml, please check for errors
[2026-07-02T07:28:49.772Z] error: TypeError: Cannot convert undefined or null to object
[2026-07-02T07:29:59.779Z] error: <httpProxy> Error calling https://192.168.215.3:9443/api/endpoints/3/docker/containers/json...
[2026-07-02T07:29:59.779Z] error: <httpProxy> [
  500,
  Error: connect ECONNREFUSED 192.168.215.3:9443
      at <unknown> (Error: connect ECONNREFUSED 192.168.215.3:9443) {
    errno: -111,
    code: 'ECONNREFUSED',
    syscall: 'connect',
    address: '192.168.215.3',
    port: 9443
  }
]
[2026-07-02T07:29:59.779Z] error: <credentialedProxyHandler> HTTP Error 500 calling https://192.168.215.3:9443/api/endpoints/3/docker/containers/json?all=1
[2026-07-02T07:30:26.202Z] error: <httpProxy> Error calling https://localhost:9443/api/endpoints/3/docker/containers/json...
[2026-07-02T07:30:26.203Z] error: <httpProxy> [
  500,
  AggregateError: 
      at ignore-listed frames {
    code: 'ECONNREFUSED',
    [errors]: [ [Error], [Error] ]
  }
]
[2026-07-02T07:30:26.204Z] error: <credentialedProxyHandler> HTTP Error 500 calling https://localhost:9443/api/endpoints/3/docker/containers/json?all=1
[2026-07-02T07:30:26.392Z] error: <httpProxy> Error calling https://localhost:9443/api/endpoints/3/docker/containers/json...
[2026-07-02T07:30:26.393Z] error: <httpProxy> [
  500,
  AggregateError: 
      at ignore-listed frames {
    code: 'ECONNREFUSED',
    [errors]: [ [Error], [Error] ]
  }
]
[2026-07-02T07:30:26.393Z] error: <credentialedProxyHandler> HTTP Error 500 calling https://localhost:9443/api/endpoints/3/docker/containers/json?all=1
[2026-07-02T07:30:37.997Z] error: <httpProxy> Error calling https://127.0.0.1:9443/api/endpoints/3/docker/containers/json...
[2026-07-02T07:30:37.998Z] error: <httpProxy> [
  500,
  Error: connect ECONNREFUSED 127.0.0.1:9443
      at <unknown> (Error: connect ECONNREFUSED 127.0.0.1:9443) {
    errno: -111,
    code: 'ECONNREFUSED',
    syscall: 'connect',
    address: '127.0.0.1',
    port: 9443
  }
]
[2026-07-02T07:30:37.998Z] error: <credentialedProxyHandler> HTTP Error 500 calling https://127.0.0.1:9443/api/endpoints/3/docker/containers/json?all=1
[2026-07-02T07:30:38.193Z] error: <httpProxy> Error calling https://127.0.0.1:9443/api/endpoints/3/docker/containers/json...
[2026-07-02T07:30:38.193Z] error: <httpProxy> [
  500,
  Error: connect ECONNREFUSED 127.0.0.1:9443
      at <unknown> (Error: connect ECONNREFUSED 127.0.0.1:9443) {
    errno: -111,
    code: 'ECONNREFUSED',
    syscall: 'connect',
    address: '127.0.0.1',
    port: 9443
  }
]
[2026-07-02T07:30:38.193Z] error: <credentialedProxyHandler> HTTP Error 500 calling https://127.0.0.1:9443/api/endpoints/3/docker/containers/json?all=1
[2026-07-02T07:30:42.743Z] error: <httpProxy> Error calling https://127.0.0.1:9443/api/endpoints/3/docker/containers/json...
[2026-07-02T07:30:42.743Z] error: <httpProxy> [
  500,
  Error: connect ECONNREFUSED 127.0.0.1:9443
      at <unknown> (Error: connect ECONNREFUSED 127.0.0.1:9443) {
    errno: -111,
    code: 'ECONNREFUSED',
    syscall: 'connect',
    address: '127.0.0.1',
    port: 9443
  }
]
[2026-07-02T07:30:42.743Z] error: <credentialedProxyHandler> HTTP Error 500 calling https://127.0.0.1:9443/api/endpoints/3/docker/containers/json?all=1
[2026-07-02T07:30:50.464Z] error: <httpProxy> Error calling http://127.0.0.1:9443/api/endpoints/3/docker/containers/json...
[2026-07-02T07:30:50.464Z] error: <httpProxy> [
  500,
  Error: connect ECONNREFUSED 127.0.0.1:9443
      at <unknown> (Error: connect ECONNREFUSED 127.0.0.1:9443) {
    errno: -111,
    code: 'ECONNREFUSED',
    syscall: 'connect',
    address: '127.0.0.1',
    port: 9443
  }
]
[2026-07-02T07:30:50.464Z] error: <credentialedProxyHandler> HTTP Error 500 calling http://127.0.0.1:9443/api/endpoints/3/docker/containers/json?all=1
[2026-07-02T07:30:50.651Z] error: <httpProxy> Error calling http://127.0.0.1:9443/api/endpoints/3/docker/containers/json...
[2026-07-02T07:30:50.651Z] error: <httpProxy> [
  500,
  Error: connect ECONNREFUSED 127.0.0.1:9443
      at <unknown> (Error: connect ECONNREFUSED 127.0.0.1:9443) {
    errno: -111,
    code: 'ECONNREFUSED',
    syscall: 'connect',
    address: '127.0.0.1',
    port: 9443
  }
]
[2026-07-02T07:30:50.651Z] error: <credentialedProxyHandler> HTTP Error 500 calling http://127.0.0.1:9443/api/endpoints/3/docker/containers/json?all=1
[2026-07-02T07:30:58.856Z] error: <httpProxy> Error calling http://localhost:9443/api/endpoints/3/docker/containers/json...
[2026-07-02T07:30:58.857Z] error: <httpProxy> [
  500,
  AggregateError: 
      at ignore-listed frames {
    code: 'ECONNREFUSED',
    [errors]: [ [Error], [Error] ]
  }
]
[2026-07-02T07:30:58.857Z] error: <credentialedProxyHandler> HTTP Error 500 calling http://localhost:9443/api/endpoints/3/docker/containers/json?all=1
[2026-07-02T07:30:59.071Z] error: <httpProxy> Error calling http://localhost:9443/api/endpoints/3/docker/containers/json...
[2026-07-02T07:30:59.071Z] error: <httpProxy> [
  500,
  AggregateError: 
      at ignore-listed frames {
    code: 'ECONNREFUSED',
    [errors]: [ [Error], [Error] ]
  }
]
[2026-07-02T07:30:59.071Z] error: <credentialedProxyHandler> HTTP Error 500 calling http://localhost:9443/api/endpoints/3/docker/containers/json?all=1
[2026-07-02T07:31:06.283Z] error: <httpProxy> Error calling http://localhost:9443/api/endpoints/3/docker/containers/json...
[2026-07-02T07:31:06.283Z] error: <httpProxy> [
  500,
  AggregateError: 
      at ignore-listed frames {
    code: 'ECONNREFUSED',
    [errors]: [ [Error], [Error] ]
  }
]
[2026-07-02T07:31:06.283Z] error: <credentialedProxyHandler> HTTP Error 500 calling http://localhost:9443/api/endpoints/3/docker/containers/json?all=1
[2026-07-02T07:31:17.231Z] error: <httpProxy> Error calling http://127.0.0.1:9000/api/endpoints/3/docker/containers/json...
[2026-07-02T07:31:17.232Z] error: <httpProxy> [
  500,
  Error: connect ECONNREFUSED 127.0.0.1:9000
      at <unknown> (Error: connect ECONNREFUSED 127.0.0.1:9000) {
    errno: -111,
    code: 'ECONNREFUSED',
    syscall: 'connect',
    address: '127.0.0.1',
    port: 9000
  }
]
[2026-07-02T07:31:17.232Z] error: <credentialedProxyHandler> HTTP Error 500 calling http://127.0.0.1:9000/api/endpoints/3/docker/containers/json?all=1
[2026-07-02T07:31:17.449Z] error: <httpProxy> Error calling http://127.0.0.1:9000/api/endpoints/3/docker/containers/json...
[2026-07-02T07:31:17.449Z] error: <httpProxy> [
  500,
  Error: connect ECONNREFUSED 127.0.0.1:9000
      at <unknown> (Error: connect ECONNREFUSED 127.0.0.1:9000) {
    errno: -111,
    code: 'ECONNREFUSED',
    syscall: 'connect',
    address: '127.0.0.1',
    port: 9000
  }
]
[2026-07-02T07:31:17.450Z] error: <credentialedProxyHandler> HTTP Error 500 calling http://127.0.0.1:9000/api/endpoints/3/docker/containers/json?all=1
[2026-07-02T07:31:24.724Z] error: <httpProxy> Error calling https://192.168.215.3:9443/api/endpoints/3/docker/containers/json...
[2026-07-02T07:31:24.725Z] error: <httpProxy> [
  500,
  Error: connect ECONNREFUSED 192.168.215.3:9443
      at <unknown> (Error: connect ECONNREFUSED 192.168.215.3:9443) {
    errno: -111,
    code: 'ECONNREFUSED',
    syscall: 'connect',
    address: '192.168.215.3',
    port: 9443
  }
]
[2026-07-02T07:31:24.725Z] error: <credentialedProxyHandler> HTTP Error 500 calling https://192.168.215.3:9443/api/endpoints/3/docker/containers/json?all=1
